date,station,PM2.5,PM10,NO2,SO2,CO,O3,O3.1,month,dayofyear,PM2.5_sub_index,PM10_sub_index,NO2_sub_index,SO2_sub_index,CO_sub_index,O3_sub_index,AQI,AQI_category,latitude,longitude
2023-01-01,Chennai_Alandur_2023-10-01_2023-11-30,79.7661111111111,122.72527777777778,32.642291666666665,20.387604166666662,0.9627430555555556,28.797256944444445,28.797256944444445,1,1,165.06362068965512,115.43491610738256,40.80286458333333,25.484505208333328,48.13715277777778,28.797256944444445,165.06362068965512,Moderate,13.0012,80.2014
2023-01-01,Delhi_AnandVihar_2023-10-01_2023-11-30,159.89930555555557,301.3541666666667,94.8375,14.38715277777778,2.491319444444444,13.366666666666667,13.366666666666667,1,1,330.85295542635663,251.35416666666669,114.8375,17.983940972222225,105.90387658227849,13.366666666666667,330.85295542635663,Very Poor,28.6476,77.3158
2023-01-01,Kolkata_Victoria_2023-10-01_2023-11-30,130.07534722222223,160.6392361111111,13.776875,7.898159722222222,1.0759027777777777,63.1871875,63.1871875,1,1,307.96480135658913,140.62606963087248,17.22109375,9.872699652777778,,63.1871875,307.96480135658913,Very Poor,22.5448,88.3426
2023-01-01,Mumbai_Bandra_2023-10-01_2023-11-30,,,,,,,,1,1,,,,,,,,Unknown,19.0544,72.8402
2023-01-02,Chennai_Alandur_2023-10-01_2023-11-30,65.26791666666666,100.41211805555557,27.49361111111111,18.67329861111111,0.8933680555555555,24.59670138888889,24.59670138888889,1,2,115.56978448275862,,34.36701388888889,23.341623263888888,44.66840277777778,24.59670138888889,115.56978448275862,Moderate,13.0012,80.2014
2023-01-02,Delhi_AnandVihar_2023-10-01_2023-11-30,245.54166666666663,389.375,73.71979166666667,14.534375,1.93125,11.221875,11.221875,1,2,396.578488372093,349.0901898734177,92.10948183760684,18.16796875,96.25694444444444,11.221875,396.578488372093,Very Poor,28.6476,77.3158
2023-01-02,Kolkata_Victoria_2023-10-01_2023-11-30,107.29166666666669,143.59375,13.793993055555555,7.299305555555556,1.1074305555555557,42.61802083333333,42.61802083333333,1,2,256.6163793103449,129.30054530201343,17.242491319444444,9.124131944444445,51.40455246913581,42.61802083333333,256.6163793103449,Poor,22.5448,88.3426
2023-01-02,Mumbai_Bandra_2023-10-01_2023-11-30,,,,,,,,1,2,,,,,,,,Unknown,19.0544,72.8402
2023-01-03,Chennai_Alandur_2023-10-01_2023-11-30,77.22159722222223,118.80402777777778,31.60517361111112,17.352708333333336,0.9280555555555556,31.21857638888889,31.21857638888889,1,3,156.37717672413794,112.82952181208054,39.5064670138889,21.69088541666667,46.40277777777778,31.21857638888889,156.37717672413794,Moderate,13.0012,80.2014
2023-01-03,Delhi_AnandVihar_2023-10-01_2023-11-30,270.9583333333333,417.46875,72.07083333333334,13.596875,2.0506944444444444,9.978125,9.978125,1,3,408.9352409638554,384.2962816455696,90.03771367521368,16.99609375,,9.978125,408.9352409638554,Severe,28.6476,77.3158
2023-01-03,Kolkata_Victoria_2023-10-01_2023-11-30,128.27916666666667,166.37986111111113,13.8928125,7.596076388888889,1.3204166666666668,33.91229166666667,33.91229166666667,1,3,306.5863372093023,144.4403104026846,17.366015625,9.495095486111111,63.00046296296297,33.91229166666667,306.5863372093023,Very Poor,22.5448,88.3426
2023-01-03,Mumbai_Bandra_2023-10-01_2023-11-30,,,,,,,,1,3,,,,,,,,Unknown,19.0544,72.8402
2023-01-04,Chennai_Alandur_2023-10-01_2023-11-30,79.0240625,121.55746527777778,40.67972222222222,19.118576388888886,0.7808680555555556,41.94368055555555,41.94368055555555,1,4,162.5304202586207,114.6589869966443,,23.898220486111107,39.04340277777778,41.94368055555555,162.5304202586207,Moderate,13.0012,80.2014
2023-01-04,Delhi_AnandVihar_2023-10-01_2023-11-30,247.57291666666663,385.90625,76.059375,16.071527777777778,2.330208333333333,9.792708333333334,9.792708333333334,1,4,398.1373546511628,344.7432753164557,95.04895833333332,20.08940972222222,103.88488924050633,9.792708333333334,398.1373546511628,Very Poor,28.6476,77.3158
2023-01-04,Kolkata_Victoria_2023-10-01_2023-11-30,102.9079861111111,138.83993055555555,13.73059027777778,8.982430555555556,0.9361111111111112,37.631388888888885,37.631388888888885,1,4,241.65140086206893,126.1419672818792,17.163237847222227,11.228038194444444,46.80555555555557,37.631388888888885,241.65140086206893,Poor,22.5448,88.3426
2023-01-04,Mumbai_Bandra_2023-10-01_2023-11-30,,,,,,,,1,4,,,,,,,,Unknown,19.0544,72.8402
2023-01-05,Chennai_Alandur_2023-10-01_2023-11-30,67.05749999999999,103.16423611111112,38.56423611111112,17.419652777777777,0.808125,70.5579513888889,70.5579513888889,1,5,121.6790517241379,102.43798238255036,48.2052951388889,21.77456597222222,40.40625,70.5579513888889,121.6790517241379,Moderate,13.0012,80.2014
2023-01-05,Delhi_AnandVihar_2023-10-01_2023-11-30,320.47222222222223,509.0104166666667,97.98125,19.147916666666667,2.465277777777778,9.269791666666666,9.269791666666666,1,5,428.6214859437751,446.6984097633136,117.98125,23.934895833333336,105.57753164556962,9.269791666666666,446.6984097633136,Severe,28.6476,77.3158
2023-01-05,Kolkata_Victoria_2023-10-01_2023-11-30,117.48715277777778,156.25381944444445,13.776319444444445,10.847361111111113,1.0909375,43.769826388888895,43.769826388888895,1,5,291.4216594827586,137.712269295302,17.220399305555556,13.55920138888889,,43.769826388888895,291.4216594827586,Poor,22.5448,88.3426
2023-01-05,Mumbai_Bandra_2023-10-01_2023-11-30,,,,,,,,1,5,,,,,,,,Unknown,19.0544,72.8402
2023-01-06,Chennai_Alandur_2023-10-01_2023-11-30,76.74243055555556,118.07909722222225,47.341145833333336,16.24864583333333,0.7486111111111112,53.29857638888888,53.29857638888888,1,6,154.741400862069,112.34785654362418,58.967080662393165,20.310807291666663,37.43055555555557,53.29857638888888,154.741400862069,Moderate,13.0012,80.2014
2023-01-06,Delhi_AnandVihar_2023-10-01_2023-11-30,350.15625,547.0104166666666,139.509375,15.855555555555554,2.262152777777778,9.436458333333333,9.436458333333333,1,6,440.4235692771084,468.9587647928994,159.509375,19.819444444444443,103.0320411392405,9.436458333333333,468.9587647928994,Severe,28.6476,77.3158
2023-01-06,Kolkata_Victoria_2023-10-01_2023-11-30,113.83541666666667,155.96979166666668,13.80847222222222,8.613888888888889,0.9773611111111112,40.68364583333334,40.68364583333334,1,6,278.9553879310345,137.523552852349,17.260590277777773,10.76736111111111,48.86805555555557,40.68364583333334,278.9553879310345,Poor,22.5448,88.3426
2023-01-06,Mumbai_Bandra_2023-10-01_2023-11-30,,,,,,,,1,6,,,,,,,,Unknown,19.0544,72.8402
2023-01-07,Chennai_Alandur_2023-10-01_2023-11-30,92.73916666666666,142.67211805555556,52.150277777777774,22.903263888888887,0.8446180555555555,40.98111111111111,40.98111111111111,1,7,206.93715517241375,128.68818582214766,65.00932336182336,28.62907986111111,42.23090277777777,40.98111111111111,206.93715517241375,Poor,13.0012,80.2014
2023-01-07,Delhi_AnandVihar_2023-10-01_2023-11-30,322.1521739130435,464.0833333333333,111.54642857142856,15.714492753623189,2.293840579710145,9.367391304347825,9.367391304347825,1,7,429.28941854374017,420.3801775147929,131.54642857142858,19.643115942028984,103.42914144193726,9.367391304347825,429.28941854374017,Severe,28.6476,77.3158
2023-01-07,Kolkata_Victoria_2023-10-01_2023-11-30,138.29201388888887,184.3184027777777,13.829479166666667,8.424270833333333,1.2200694444444444,46.20427083333333,46.20427083333333,1,7,314.2706153100775,156.35920721476506,17.286848958333334,10.530338541666666,57.53711419753086,46.20427083333333,314.2706153100775,Very Poor,22.5448,88.3426
2023-01-07,Mumbai_Bandra_2023-10-01_2023-11-30,,,,,,,,1,7,,,,,,,,Unknown,19.0544,72.8402
2023-01-08,Chennai_Alandur_2023-10-01_2023-11-30,127.46972222222225,196.054375,42.59878472222223,21.974652777777777,0.8583333333333334,44.73697916666666,44.73697916666666,1,8,305.96513565891473,164.1569337248322,53.00872952279203,27.46831597222222,42.91666666666667,44.73697916666666,305.96513565891473,Very Poor,13.0012,80.2014
2023-01-08,Delhi_AnandVihar_2023-10-01_2023-11-30,344.5104166666667,521.4583333333334,97.340625,16.424305555555556,2.8576086956521736,9.7875,9.7875,1,8,438.1788403614458,453.99038461538464,117.340625,20.530381944444443,110.49408365437534,9.7875,453.99038461538464,Severe,28.6476,77.3158
2023-01-08,Kolkata_Victoria_2023-10-01_2023-11-30,143.28229166666668,198.61111111111111,13.855138888888888,10.239652777777778,1.0594444444444444,50.58958333333334,50.58958333333334,1,8,318.10036337209306,165.8557046979866,17.31892361111111,12.799565972222222,,,318.10036337209306,Very Poor,22.5448,88.3426
2023-01-08,Mumbai_Bandra_2023-10-01_2023-11-30,,,,,,,,1,8,,,,,,,,Unknown,19.0544,72.8402
2023-01-09,Chennai_Alandur_2023-10-01_2023-11-30,89.41472222222222,137.5662152777778,45.37413194444445,18.80079861111111,1.0322222222222222,57.860347222222224,57.860347222222224,1,9,198.0019827586207,125.29567323825503,56.495704237891744,23.500998263888885,,57.860347222222224,198.0019827586207,Moderate,13.0012,80.2014
2023-01-09,Delhi_AnandVihar_2023-10-01_2023-11-30,494.1458333333333,685.09375,101.425,16.490972222222222,2.6266666666666665,10.863541666666665,10.863541666666665,1,9,497.67243975903614,500.0,121.425,20.61371527777778,107.6,10.863541666666665,500.0,Severe,28.6476,77.3158
2023-01-09,Kolkata_Victoria_2023-10-01_2023-11-30,132.9539855072464,180.02608695652177,13.791557971014493,13.93018115942029,1.2227898550724638,39.46094202898551,39.46094202898551,1,9,310.1739888776542,153.50726583017217,17.239447463768116,17.41272644927536,57.68522544283414,39.46094202898551,310.1739888776542,Very Poor,22.5448,88.3426
2023-01-09,Mumbai_Bandra_2023-10-01_2023-11-30,,,,,,,,1,9,,,,,,,,Unknown,19.0544,72.8402
2023-01-10,Chennai_Alandur_2023-10-01_2023-11-30,96.6770138888889,148.73489583333333,46.87767361111111,18.50809027777778,0.9282638888888888,55.07503472222222,55.07503472222222,1,10,220.38015086206897,132.7164744127517,58.38476940883192,23.135112847222224,46.41319444444444,55.07503472222222,220.38015086206897,Poor,13.0012,80.2014
2023-01-10,Delhi_AnandVihar_2023-10-01_2023-11-30,295.6458333333333,455.4479166666667,92.8,13.6,2.2806818181818183,9.011458333333334,9.011458333333334,1,10,418.75075301204816,415.3215606508876,112.8,17.0,103.26424050632912,9.011458333333334,418.75075301204816,Severe,28.6476,77.3158
2023-01-10,Kolkata_Victoria_2023-10-01_2023-11-30,109.95833333333331,159.9295138888889,13.15222222222222,14.2140625,1.8303472222222223,42.774722222222216,42.774722222222216,1,10,265.71982758620686,140.15450922818792,16.440277777777773,17.767578125,90.76334876543211,42.774722222222216,265.71982758620686,Poor,22.5448,88.3426
2023-01-10,Mumbai_Bandra_2023-10-01_2023-11-30,,,,,,,,1,10,,,,,,,,Unknown,19.0544,72.8402
2023-01-11,Chennai_Alandur_2023-10-01_2023-11-30,89.88420138888888,138.30854166666666,42.625659722222224,16.430104166666666,0.9938194444444444,61.41940972222222,61.41940972222222,1,11,199.6046875,125.78889681208054,53.04249554843305,20.537630208333333,49.69097222222222,61.41940972222222,199.6046875,Moderate,13.0012,80.2014
2023-01-11,Delhi_AnandVihar_2023-10-01_2023-11-30,208.4895833333333,321.875,78.42291666666667,10.952430555555557,1.8920138888888889,10.078125,10.078125,1,11,368.1431686046511,271.875,98.01853632478633,13.690538194444446,94.1207561728395,10.078125,368.1431686046511,Very Poor,28.6476,77.3158
2023-01-11,Kolkata_Victoria_2023-10-01_2023-11-30,152.79111111111112,220.92388888888888,10.889583333333334,14.223472222222222,1.408576388888889,47.50795138888889,47.50795138888889,1,11,325.3978294573644,180.6809731543624,13.611979166666668,17.779340277777777,67.8002700617284,47.50795138888889,325.3978294573644,Very Poor,22.5448,88.3426
2023-01-11,Mumbai_Bandra_2023-10-01_2023-11-30,,,,,,,,1,11,,,,,,,,Unknown,19.0544,72.8402
2023-01-12,Chennai_Alandur_2023-10-01_2023-11-30,77.36954861111111,119.02899305555556,35.20736111111111,16.475486111111113,1.0137152777777778,61.46982638888889,61.46982638888889,1,12,156.8822521551724,112.97899538590605,44.00920138888889,20.59435763888889,,61.46982638888889,156.8822521551724,Moderate,13.0012,80.2014
2023-01-12,Delhi_AnandVihar_2023-10-01_2023-11-30,219.76041666666663,337.0833333333333,73.40520833333333,14.855555555555554,2.059166666666667,12.041666666666666,12.041666666666666,1,12,376.7928779069768,287.0833333333333,91.71423611111112,18.569444444444443,,12.041666666666666,376.7928779069768,Very Poor,28.6476,77.3158
2023-01-12,Kolkata_Victoria_2023-10-01_2023-11-30,125.34305555555557,169.02951388888889,10.682083333333331,12.423368055555557,1.729479166666667,45.193888888888885,45.193888888888885,1,12,304.3330426356589,146.2008179530201,13.352604166666664,15.529210069444446,85.27164351851853,45.193888888888885,304.3330426356589,Very Poor,22.5448,88.3426
2023-01-12,Mumbai_Bandra_2023-10-01_2023-11-30,,,,,,,,1,12,,,,,,,,Unknown,19.0544,72.8402
2023-01-13,Chennai_Alandur_2023-10-01_2023-11-30,83.76524305555556,128.88559027777777,30.965625,19.58243055555556,0.9112847222222222,43.20298611111111,43.20298611111111,1,13,178.7158297413793,119.528009647651,38.70703125,24.47803819444445,45.56423611111112,43.20298611111111,178.7158297413793,Moderate,13.0012,80.2014
2023-01-13,Delhi_AnandVihar_2023-10-01_2023-11-30,225.8368055555556,335.0208333333333,85.81770833333333,13.84722222222222,2.223958333333333,13.465625,13.465625,1,13,381.4561531007752,285.0208333333333,105.81770833333331,17.309027777777775,102.55340189873417,13.465625,381.4561531007752,Very Poor,28.6476,77.3158
2023-01-13,Kolkata_Victoria_2023-10-01_2023-11-30,111.20208333333332,143.12708333333333,10.69954861111111,12.135,0.9796180555555556,52.40020833333333,52.40020833333333,1,13,269.9657327586207,128.99047818791945,13.374435763888888,15.16875,48.98090277777778,52.40020833333333,269.9657327586207,Poor,22.5448,88.3426
2023-01-13,Mumbai_Bandra_2023-10-01_2023-11-30,,,,,,,,1,13,,,,,,,,Unknown,19.0544,72.8402
2023-01-14,Chennai_Alandur_2023-10-01_2023-11-30,146.1165625,224.49173611111112,32.14524305555556,20.57555555555556,0.9514583333333334,40.50604166666667,40.50604166666667,1,14,320.27550145348835,183.0515562080537,40.18155381944445,25.71944444444445,47.57291666666667,40.50604166666667,320.27550145348835,Very Poor,13.0012,80.2014
2023-01-14,Delhi_AnandVihar_2023-10-01_2023-11-30,190.25,324.5625,77.29062499999999,16.219791666666666,1.8805555555555555,11.71875,11.71875,1,14,354.1453488372093,274.5625,96.59591346153846,20.27473958333333,93.49691358024693,11.71875,354.1453488372093,Very Poor,28.6476,77.3158
2023-01-14,Kolkata_Victoria_2023-10-01_2023-11-30,76.26458333333333,102.7125,10.826076388888888,11.903263888888889,1.0422916666666666,40.77267361111111,40.77267361111111,1,14,153.11012931034483,102.1378355704698,13.53259548611111,14.87907986111111,,40.77267361111111,153.11012931034483,Moderate,22.5448,88.3426
2023-01-14,Mumbai_Bandra_2023-10-01_2023-11-30,,,,,,,,1,14,,,,,,,,Unknown,19.0544,72.8402
2023-01-15,Chennai_Alandur_2023-10-01_2023-11-30,67.41239583333333,103.70680555555556,25.07482638888889,18.87097222222222,0.8291319444444444,42.80097222222222,42.80097222222222,1,15,122.8905926724138,102.79848154362416,31.343532986111114,23.588715277777776,41.45659722222222,42.80097222222222,122.8905926724138,Moderate,13.0012,80.2014
2023-01-15,Delhi_AnandVihar_2023-10-01_2023-11-30,134.86458333333334,341.2916666666667,103.79375,16.64548611111111,2.1326388888888888,11.792708333333332,11.792708333333332,1,15,311.64026162790697,291.2916666666667,123.79375,20.80685763888889,101.40901898734175,11.792708333333332,311.64026162790697,Very Poor,28.6476,77.3158
2023-01-15,Kolkata_Victoria_2023-10-01_2023-11-30,108.33298611111113,146.8361111111111,10.773715277777775,7.174270833333334,1.00625,42.5684375,42.5684375,1,15,260.1712284482759,131.45486577181208,13.46714409722222,8.967838541666667,,42.5684375,260.1712284482759,Poor,22.5448,88.3426
2023-01-15,Mumbai_Bandra_2023-10-01_2023-11-30,,,,,,,,1,15,,,,,,,,Unknown,19.0544,72.8402
2023-01-16,Chennai_Alandur_2023-10-01_2023-11-30,59.85225694444444,92.08364583333334,27.60388888888889,19.9315625,0.8703124999999999,48.183680555555554,48.183680555555554,1,16,99.75036518199234,92.08364583333334,34.50486111111111,24.914453125,43.515625,48.183680555555554,99.75036518199234,Satisfactory,13.0012,80.2014
2023-01-16,Delhi_AnandVihar_2023-10-01_2023-11-30,216.6875,503.8020833333333,112.728125,18.126960784313724,2.4025362318840577,11.407986111111112,11.407986111111112,1,16,374.43459302325584,443.64737426035504,132.728125,22.658700980392155,104.79127682993946,11.407986111111112,443.64737426035504,Severe,28.6476,77.3158
2023-01-16,Kolkata_Victoria_2023-10-01_2023-11-30,98.0892361111111,138.30937500000002,10.76375,10.295520833333333,0.7239583333333334,50.12024305555556,50.12024305555556,1,16,225.2011853448276,125.78945050335572,13.4546875,12.869401041666666,36.19791666666667,,225.2011853448276,Poor,22.5448,88.3426
2023-01-16,Mumbai_Bandra_2023-10-01_2023-11-30,,,,,,,,1,16,,,,,,,,Unknown,19.0544,72.8402
2023-01-17,Chennai_Alandur_2023-10-01_2023-11-30,55.39788194444444,85.22548611111111,24.049791666666668,19.41295138888889,0.8375347222222222,44.42319444444445,44.42319444444445,1,17,92.22400742337165,85.22548611111111,30.062239583333334,24.26618923611111,41.87673611111112,44.42319444444445,92.22400742337165,Satisfactory,13.0012,80.2014
2023-01-17,Delhi_AnandVihar_2023-10-01_2023-11-30,228.82291666666663,447.0208333333333,92.84791666666666,13.629513888888887,2.384523809523809,11.627083333333331,11.627083333333331,1,17,383.74781976744185,410.38498520710056,112.84791666666666,17.036892361111107,104.56555153707052,11.627083333333331,410.38498520710056,Severe,28.6476,77.3158
2023-01-17,Kolkata_Victoria_2023-10-01_2023-11-30,95.83506944444444,136.4920138888889,10.876875,7.659479166666666,0.7138541666666667,54.64524305555556,54.64524305555556,1,17,217.50592672413796,124.58194211409396,13.59609375,9.574348958333331,35.692708333333336,54.64524305555556,217.50592672413796,Poor,22.5448,88.3426
2023-01-17,Mumbai_Bandra_2023-10-01_2023-11-30,,,,,,,,1,17,,,,,,,,Unknown,19.0544,72.8402
2023-01-18,Chennai_Alandur_2023-10-01_2023-11-30,74.00690972222222,113.85506944444444,29.986215277777777,16.946388888888887,0.8033680555555556,49.921076388888885,49.921076388888885,1,18,145.40289870689654,109.54128775167786,37.482769097222224,21.18298611111111,40.16840277777778,49.921076388888885,145.40289870689654,Moderate,13.0012,80.2014
2023-01-18,Delhi_AnandVihar_2023-10-01_2023-11-30,303.8541666666667,590.7604166666666,113.165625,64.24305555555556,2.4008333333333334,11.872916666666669,11.872916666666669,1,18,422.0143072289157,494.5874630177515,133.165625,80.2028133903134,104.76993670886075,11.872916666666669,494.5874630177515,Severe,28.6476,77.3158
2023-01-18,Kolkata_Victoria_2023-10-01_2023-11-30,108.45659722222224,148.28854166666667,,8.046111111111111,0.6998611111111112,67.75364583333334,67.75364583333334,1,18,260.5932112068966,132.41990352348995,,10.057638888888889,34.99305555555556,67.75364583333334,260.5932112068966,Poor,22.5448,88.3426
2023-01-18,Mumbai_Bandra_2023-10-01_2023-11-30,,,,,,,,1,18,,,,,,,,Unknown,19.0544,72.8402
2023-01-19,Chennai_Alandur_2023-10-01_2023-11-30,81.34809027777779,125.14805555555556,29.943854166666668,17.322465277777777,0.9485069444444444,48.35027777777778,48.35027777777778,1,19,170.4641702586207,117.0446812080537,37.42981770833333,21.653081597222226,47.42534722222222,48.35027777777778,170.4641702586207,Moderate,13.0012,80.2014
2023-01-19,Delhi_AnandVihar_2023-10-01_2023-11-30,264.0416666666667,534.3125,121.759375,27.99090909090909,2.393840579710145,13.079166666666666,13.079166666666666,1,19,406.18524096385545,461.5203402366864,141.759375,34.98863636363636,104.68230599889928,13.079166666666666,461.5203402366864,Severe,28.6476,77.3158
2023-01-19,Kolkata_Victoria_2023-10-01_2023-11-30,122.54239130434782,171.51340579710146,10.877045454545454,18.311597222222225,0.7009722222222222,60.98809027777778,60.98809027777778,1,19,302.1836956521739,147.85118908666473,13.596306818181818,22.88949652777778,35.048611111111114,60.98809027777778,302.1836956521739,Very Poor,22.5448,88.3426
2023-01-19,Mumbai_Bandra_2023-10-01_2023-11-30,,,,,,,,1,19,,,,,,,,Unknown,19.0544,72.8402
2023-01-20,Chennai_Alandur_2023-10-01_2023-11-30,97.11045138888888,149.38961805555556,30.94368055555556,18.04631944444445,1.0385416666666667,41.72673611111112,41.72673611111112,1,20,221.8598168103448,133.15149119127517,38.679600694444446,22.55789930555556,,41.72673611111112,221.8598168103448,Poor,13.0012,80.2014
2023-01-20,Delhi_AnandVihar_2023-10-01_2023-11-30,109.1875,229.69791666666663,56.15104166666666,,1.5305555555555557,13.811458333333334,13.811458333333334,1,20,263.0883620689655,186.5106963087248,70.03592414529913,,74.44135802469137,13.811458333333334,263.0883620689655,Poor,28.6476,77.3158
2023-01-20,Kolkata_Victoria_2023-10-01_2023-11-30,147.54652777777778,199.4114583333333,10.834340277777777,10.572152777777776,1.0226388888888889,43.44885416666667,43.44885416666667,1,20,321.3729166666667,166.3874790268456,13.54292534722222,13.21519097222222,,43.44885416666667,321.3729166666667,Very Poor,22.5448,88.3426
2023-01-20,Mumbai_Bandra_2023-10-01_2023-11-30,,,,,,,,1,20,,,,,,,,Unknown,19.0544,72.8402
2023-01-21,Chennai_Alandur_2023-10-01_2023-11-30,91.44565972222222,140.6861458333333,28.27638888888889,18.114166666666662,0.8573958333333334,50.04170138888889,50.04170138888889,1,21,202.52139008620688,127.3686472315436,35.345486111111114,22.642708333333328,42.86979166666667,,202.52139008620688,Poor,13.0012,80.2014
2023-01-21,Delhi_AnandVihar_2023-10-01_2023-11-30,237.3020833333333,417.8125,77.87291666666667,,2.2354166666666666,16.720833333333335,16.720833333333335,1,21,390.2550872093023,384.7270569620253,97.32751068376068,,102.69699367088609,16.720833333333335,390.2550872093023,Very Poor,28.6476,77.3158
2023-01-21,Kolkata_Victoria_2023-10-01_2023-11-30,180.8336805555556,249.37569444444443,10.85704861111111,13.180069444444444,1.2878472222222224,37.47069444444444,37.47069444444444,1,21,346.91887112403106,199.5851929530201,13.571310763888889,16.475086805555556,61.22723765432099,37.47069444444444,346.91887112403106,Very Poor,22.5448,88.3426
2023-01-21,Mumbai_Bandra_2023-10-01_2023-11-30,,,,,,,,1,21,,,,,,,,Unknown,19.0544,72.8402
2023-01-22,Chennai_Alandur_2023-10-01_2023-11-30,86.21656250000001,132.63833333333335,26.855,17.334791666666664,0.8342708333333334,76.74322916666667,76.74322916666667,1,22,187.08412715517244,122.02144295302014,33.56875,21.66848958333333,41.71354166666667,76.74322916666667,187.08412715517244,Moderate,13.0012,80.2014
2023-01-22,Delhi_AnandVihar_2023-10-01_2023-11-30,296.4791666666667,488.7604166666667,90.55416666666667,,2.317708333333333,15.753125,15.753125,1,22,419.082078313253,434.8359837278107,110.55416666666667,,103.72824367088609,15.753125,434.8359837278107,Severe,28.6476,77.3158
2023-01-22,Kolkata_Victoria_2023-10-01_2023-11-30,161.6642361111111,215.37118055555555,10.880034722222222,12.768020833333331,0.5993402777777778,42.15472222222223,42.15472222222223,1,22,332.2074370155039,176.99158976510068,13.600043402777777,15.960026041666664,29.96701388888889,42.15472222222223,332.2074370155039,Very Poor,22.5448,88.3426
2023-01-22,Mumbai_Bandra_2023-10-01_2023-11-30,,,,,,,,1,22,,,,,,,,Unknown,19.0544,72.8402
2023-01-23,Chennai_Alandur_2023-10-01_2023-11-30,74.55451388888889,114.70222222222225,26.74243055555556,16.058611111111112,0.9110069444444444,45.68725694444444,45.68725694444444,1,23,147.27230603448277,110.10416107382552,33.428038194444454,20.07326388888889,45.55034722222222,45.68725694444444,147.27230603448277,Moderate,13.0012,80.2014
2023-01-23,Delhi_AnandVihar_2023-10-01_2023-11-30,190.9583333333333,403.4239130434783,86.95674603174604,27.94090909090909,2.059090909090909,14.583333333333334,14.583333333333334,1,23,354.6889534883721,366.6957897633462,106.95674603174604,34.92613636363637,,14.583333333333334,366.6957897633462,Very Poor,28.6476,77.3158
2023-01-23,Kolkata_Victoria_2023-10-01_2023-11-30,128.2513888888889,176.81215277777778,10.775243055555556,13.990208333333332,0.5093055555555556,30.982361111111107,30.982361111111107,1,23,306.5650193798449,151.3718330536913,13.469053819444444,17.487760416666664,25.46527777777778,30.982361111111107,306.5650193798449,Very Poor,22.5448,88.3426
2023-01-23,Mumbai_Bandra_2023-10-01_2023-11-30,,,,,,,,1,23,,,,,,,,Unknown,19.0544,72.8402
2023-01-24,Chennai_Alandur_2023-10-01_2023-11-30,57.83604166666667,88.9792361111111,23.99520833333333,16.149131944444445,0.8078819444444445,56.821875,56.821875,1,24,96.3436566091954,88.9792361111111,29.99401041666666,20.18641493055556,40.39409722222223,56.821875,96.3436566091954,Satisfactory,13.0012,80.2014
2023-01-24,Delhi_AnandVihar_2023-10-01_2023-11-30,83.09375,187.6458333333333,50.75833333333333,22.77986111111112,1.5462121212121211,15.025,15.025,1,24,176.42349137931035,158.57005033557044,63.26047008547008,28.4748263888889,75.29377104377105,15.025,176.42349137931035,Moderate,28.6476,77.3158
2023-01-24,Kolkata_Victoria_2023-10-01_2023-11-30,135.31770833333334,166.4142361111111,10.856423611111111,10.218402777777778,0.3247222222222222,21.530937500000004,21.530937500000004,1,24,311.9880087209302,144.46315016778524,13.57052951388889,12.77300347222222,16.23611111111111,21.530937500000004,311.9880087209302,Very Poor,22.5448,88.3426
2023-01-24,Mumbai_Bandra_2023-10-01_2023-11-30,,,,,,,,1,24,,,,,,,,Unknown,19.0544,72.8402
2023-01-25,Chennai_Alandur_2023-10-01_2023-11-30,90.93493055555555,139.8976388888889,27.04631944444445,18.759444444444444,0.9355555555555556,58.67190972222222,58.67190972222222,1,25,,126.84473993288591,33.807899305555566,23.449305555555554,46.77777777777778,58.67190972222222,126.84473993288591,Moderate,13.0012,80.2014
2023-01-25,Delhi_AnandVihar_2023-10-01_2023-11-30,130.4125,251.8,69.53708333333333,22.4525,2.142916666666667,12.35375,12.35375,1,25,308.2235465116279,201.8,86.85428418803417,28.065625,101.5378164556962,12.35375,308.2235465116279,Very Poor,28.6476,77.3158
2023-01-25,Kolkata_Victoria_2023-10-01_2023-11-30,133.8295138888889,182.8079861111111,10.878159722222222,12.67027777777778,0.3022916666666667,26.94746212121212,26.94746212121212,1,25,310.8459060077519,155.35564177852348,13.597699652777775,15.837847222222226,15.114583333333334,26.94746212121212,310.8459060077519,Very Poor,22.5448,88.3426
2023-01-25,Mumbai_Bandra_2023-10-01_2023-11-30,,,,,,,,1,25,,,,,,,,Unknown,19.0544,72.8402
2023-01-26,Chennai_Alandur_2023-10-01_2023-11-30,117.78173611111112,181.2692708333333,26.262256944444445,16.787534722222222,0.8759722222222223,60.68850694444444,60.68850694444444,1,26,292.42730603448274,154.33327390939596,32.82782118055556,20.984418402777777,43.79861111111112,60.68850694444444,292.42730603448274,Poor,13.0012,80.2014
2023-01-26,Delhi_AnandVihar_2023-10-01_2023-11-30,168.5625,261.40625,43.42916666666667,24.22152777777778,1.9097222222222223,12.495833333333332,12.495833333333332,1,26,337.5014534883721,211.40625,54.05202991452992,30.276909722222225,95.08487654320987,12.495833333333332,337.5014534883721,Very Poor,28.6476,77.3158
2023-01-26,Kolkata_Victoria_2023-10-01_2023-11-30,105.775,154.96701388888889,10.766701388888889,14.478923611111112,0.3228125,35.276493055555555,35.276493055555555,1,26,251.4387931034483,136.85727768456377,13.458376736111113,18.09865451388889,16.140625,35.276493055555555,251.4387931034483,Poor,22.5448,88.3426
2023-01-26,Mumbai_Bandra_2023-10-01_2023-11-30,,,,,,,,1,26,,,,,,,,Unknown,19.0544,72.8402
2023-01-27,Chennai_Alandur_2023-10-01_2023-11-30,72.65975694444445,111.78555555555556,26.88416666666667,17.45232638888889,0.7868402777777778,47.9478125,47.9478125,1,27,140.80399784482762,108.16624161073824,33.60520833333334,21.81540798611111,39.342013888888886,47.9478125,140.80399784482762,Moderate,13.0012,80.2014
2023-01-27,Delhi_AnandVihar_2023-10-01_2023-11-30,111.47569444444444,228.4583333333333,71.75208333333333,22.68958333333333,1.7833333333333334,15.29375,15.29375,1,27,270.8997844827586,185.68708053691276,89.6372329059829,28.361979166666664,88.20370370370371,15.29375,270.8997844827586,Poor,28.6476,77.3158
2023-01-27,Kolkata_Victoria_2023-10-01_2023-11-30,108.16145833333331,149.56041666666667,10.750625,10.981041666666668,0.6616666666666666,28.254375,28.254375,1,27,259.5856681034482,133.26497483221476,13.43828125,13.726302083333335,33.08333333333333,28.254375,259.5856681034482,Poor,22.5448,88.3426
2023-01-27,Mumbai_Bandra_2023-10-01_2023-11-30,,,,,,,,1,27,,,,,,,,Unknown,19.0544,72.8402
2023-01-28,Chennai_Alandur_2023-10-01_2023-11-30,103.09142361111113,158.6122222222222,48.8440625,17.944548611111113,1.0124305555555555,50.31795138888889,50.31795138888889,1,28,242.2776185344828,139.27926174496642,60.85536057692308,22.43068576388889,,,242.2776185344828,Poor,13.0012,80.2014
2023-01-28,Delhi_AnandVihar_2023-10-01_2023-11-30,139.21875,316.2708333333333,102.12083333333334,23.727083333333336,2.3309027777777778,14.505208333333334,14.505208333333334,1,28,314.9818313953488,266.2708333333333,122.12083333333334,29.65885416666667,103.8935917721519,14.505208333333334,314.9818313953488,Very Poor,28.6476,77.3158
2023-01-28,Kolkata_Victoria_2023-10-01_2023-11-30,95.32395833333334,137.14583333333334,10.5940625,9.046631944444444,0.5563541666666666,30.92458333333333,30.92458333333333,1,28,215.76109913793104,125.01635906040268,13.242578125,11.308289930555556,27.81770833333333,30.92458333333333,215.76109913793104,Poor,22.5448,88.3426
2023-01-28,Mumbai_Bandra_2023-10-01_2023-11-30,,,,,,,,1,28,,,,,,,,Unknown,19.0544,72.8402
2023-01-29,Chennai_Alandur_2023-10-01_2023-11-30,92.68989583333332,142.60152777777776,23.14902777777778,18.3534375,1.0628125,56.26440972222222,56.26440972222222,1,29,206.76895474137928,128.64128355704696,28.936284722222226,22.941796875,,56.26440972222222,206.76895474137928,Poor,13.0012,80.2014
2023-01-29,Delhi_AnandVihar_2023-10-01_2023-11-30,288.65625,464.375,85.27604166666667,22.983680555555555,2.150378787878788,20.36458333333333,20.36458333333333,1,29,415.9717620481928,420.5510355029586,105.27604166666669,28.729600694444443,101.63132911392404,20.36458333333333,420.5510355029586,Severe,28.6476,77.3158
2023-01-29,Kolkata_Victoria_2023-10-01_2023-11-30,89.29895833333333,147.99375,10.84173611111111,13.179618055555556,0.3690625,47.921527777777776,47.921527777777776,1,29,197.60678879310345,132.22403523489933,13.552170138888888,16.474522569444446,18.453125,47.921527777777776,197.60678879310345,Moderate,22.5448,88.3426
2023-01-29,Mumbai_Bandra_2023-10-01_2023-11-30,,,,,,,,1,29,,,,,,,,Unknown,19.0544,72.8402
2023-01-30,Chennai_Alandur_2023-10-01_2023-11-30,70.37184027777778,108.26309027777778,22.89559027777777,20.90010416666667,1.1169444444444443,31.75024305555556,31.75024305555556,1,30,132.99352370689655,105.82581166107384,28.619487847222214,26.12513020833333,51.92253086419752,31.75024305555556,132.99352370689655,Moderate,13.0012,80.2014
2023-01-30,Delhi_AnandVihar_2023-10-01_2023-11-30,92.19791666666669,171.14583333333334,63.660069444444446,24.06041666666667,1.8028985507246376,16.003125,16.003125,1,30,205.08943965517247,147.60696308724835,79.47034366096867,30.075520833333336,89.26892109500804,16.003125,205.08943965517247,Poor,28.6476,77.3158
2023-01-30,Kolkata_Victoria_2023-10-01_2023-11-30,104.21770833333332,,10.759548611111112,7.454444444444444,0.5572569444444445,38.55215277777778,38.55215277777778,1,30,246.1225215517241,,13.449435763888893,9.318055555555556,27.862847222222225,38.55215277777778,246.1225215517241,Poor,22.5448,88.3426
2023-01-30,Mumbai_Bandra_2023-10-01_2023-11-30,,,,,,,,1,30,,,,,,,,Unknown,19.0544,72.8402
2023-01-31,Chennai_Alandur_2023-10-01_2023-11-30,82.45180555555557,126.8496527777778,27.29784722222222,16.972638888888888,0.8164930555555556,37.95274305555555,37.95274305555555,1,31,174.232025862069,118.17527265100674,34.122309027777774,21.21579861111111,40.82465277777778,37.95274305555555,174.232025862069,Moderate,13.0012,80.2014
2023-01-31,Delhi_AnandVihar_2023-10-01_2023-11-30,108.88541666666669,268.2395833333333,59.37152777777778,22.775347222222223,1.8479166666666669,13.167708333333332,13.167708333333332,1,31,262.0571120689656,218.2395833333333,74.08217592592592,28.46918402777778,91.71990740740742,13.167708333333332,262.0571120689656,Poor,28.6476,77.3158
2023-01-31,Kolkata_Victoria_2023-10-01_2023-11-30,136.83993055555555,,10.819930555555556,11.729791666666666,1.0908680555555554,28.40246527777778,28.40246527777778,1,31,313.1562257751938,,13.524913194444446,14.662239583333331,,28.40246527777778,313.1562257751938,Very Poor,22.5448,88.3426
2023-01-31,Mumbai_Bandra_2023-10-01_2023-11-30,,,,,,,,1,31,,,,,,,,Unknown,19.0544,72.8402
2023-02-01,Chennai_Alandur_2023-10-01_2023-11-30,81.81222222222222,125.85965277777778,32.32736111111111,20.41267361111111,0.875625,29.8078125,29.8078125,2,32,172.04862068965514,117.5174874161074,40.40920138888889,25.51584201388889,43.78125,29.8078125,172.04862068965514,Moderate,13.0012,80.2014
2023-02-01,Delhi_AnandVihar_2023-10-01_2023-11-30,95.87152777777776,305.4375,66.41284722222223,18.20871212121212,1.865625,14.235763888888888,14.235763888888888,2,32,217.6303879310344,255.4375,82.9289618945869,22.76089015151515,92.68402777777776,14.235763888888888,255.4375,Poor,28.6476,77.3158
2023-02-01,Kolkata_Victoria_2023-10-01_2023-11-30,86.83030303030303,103.225,10.541909722222222,11.80094696969697,0.846111111111111,29.02467391304348,29.02467391304348,2,32,189.1793103448276,102.478355704698,13.177387152777778,14.751183712121213,42.30555555555555,29.02467391304348,189.1793103448276,Moderate,22.5448,88.3426
2023-02-01,Mumbai_Bandra_2023-10-01_2023-11-30,,,,,,,,2,32,,,,,,,,Unknown,19.0544,72.8402
2023-02-02,Chennai_Alandur_2023-10-01_2023-11-30,72.85534722222222,112.08486111111112,40.956631944444446,20.619652777777777,0.7799999999999999,53.77979166666666,53.77979166666666,2,33,141.4717025862069,108.36510906040267,,25.77456597222222,38.99999999999999,53.77979166666666,141.4717025862069,Moderate,13.0012,80.2014
2023-02-02,Delhi_AnandVihar_2023-10-01_2023-11-30,101.875,358.6458333333333,77.12986111111111,2.8829166666666666,1.8381944444444445,14.136458333333332,14.136458333333332,2,33,238.125,310.5814873417721,96.39392806267809,3.603645833333333,91.19058641975307,14.136458333333332,310.5814873417721,Very Poor,28.6476,77.3158
2023-02-02,Kolkata_Victoria_2023-10-01_2023-11-30,62.77013888888889,103.71805555555557,10.7371875,11.201701388888887,0.9028472222222222,54.15670138888888,54.15670138888888,2,33,107.04288793103449,102.80595637583892,13.421484375,14.002126736111109,45.14236111111112,54.15670138888888,107.04288793103449,Moderate,22.5448,88.3426
2023-02-02,Mumbai_Bandra_2023-10-01_2023-11-30,,,,,,,,2,33,,,,,,,,Unknown,19.0544,72.8402
2023-02-03,Chennai_Alandur_2023-10-01_2023-11-30,70.22777777777777,108.04614583333334,33.11145833333333,20.92517361111111,0.7721180555555556,62.64194444444445,62.64194444444445,2,34,132.50172413793103,105.68166736577182,41.38932291666666,26.15646701388889,38.60590277777778,62.64194444444445,132.50172413793103,Moderate,13.0012,80.2014
2023-02-03,Delhi_AnandVihar_2023-10-01_2023-11-30,138.90625,521.1666666666666,80.72324561403508,4.788888888888889,2.357986111111112,14.392708333333331,14.392708333333331,2,34,314.7420058139535,453.8195266272189,,5.986111111111111,104.23299050632912,14.392708333333331,453.8195266272189,Severe,28.6476,77.3158
2023-02-03,Kolkata_Victoria_2023-10-01_2023-11-30,84.2232638888889,120.553125,10.749548611111113,8.841145833333334,1.539861111111111,46.09618055555556,46.09618055555556,2,34,180.27941810344828,113.99167365771812,13.43693576388889,11.051432291666668,74.94799382716047,46.09618055555556,180.27941810344828,Moderate,22.5448,88.3426
2023-02-03,Mumbai_Bandra_2023-10-01_2023-11-30,,,,,,,,2,34,,,,,,,,Unknown,19.0544,72.8402
2023-02-04,Chennai_Alandur_2023-10-01_2023-11-30,88.45881944444444,136.08909722222222,39.4659375,19.31600694444444,0.9388541666666668,64.70361111111112,64.70361111111112,2,35,194.73872844827588,124.31423238255032,49.332421875,24.14500868055555,46.942708333333336,64.70361111111112,194.73872844827588,Moderate,13.0012,80.2014
2023-02-04,Delhi_AnandVihar_2023-10-01_2023-11-30,150.38541666666666,577.2875,117.7090909090909,7.875877192982455,2.1954545454545453,12.4481884057971,12.4481884057971,2,35,323.5515988372093,486.69504437869824,137.7090909090909,9.844846491228068,102.19620253164555,12.4481884057971,486.69504437869824,Severe,28.6476,77.3158
2023-02-04,Kolkata_Victoria_2023-10-01_2023-11-30,117.15625,167.31875,10.686875,9.39013888888889,2.318888888888889,44.96878472222222,44.96878472222222,2,35,290.2920258620689,145.06413590604026,13.35859375,11.737673611111113,103.74303797468356,44.96878472222222,290.2920258620689,Poor,22.5448,88.3426
2023-02-04,Mumbai_Bandra_2023-10-01_2023-11-30,,,,,,,,2,35,,,,,,,,Unknown,19.0544,72.8402
2023-02-05,Chennai_Alandur_2023-10-01_2023-11-30,72.15996527777777,111.02211805555557,33.03010416666667,18.394618055555554,0.7708680555555555,58.23215277777778,58.23215277777778,2,36,139.09781249999995,107.65899119127518,41.28763020833333,22.993272569444443,38.54340277777777,58.23215277777778,139.09781249999995,Moderate,13.0012,80.2014
2023-02-05,Delhi_AnandVihar_2023-10-01_2023-11-30,121.12152777777776,416.0978260869565,107.10238095238095,16.800757575757576,1.71984126984127,9.435416666666669,9.435416666666669,2,36,301.09326550387595,382.57828838745183,127.10238095238095,21.00094696969697,84.74691358024691,9.435416666666669,382.57828838745183,Very Poor,28.6476,77.3158
2023-02-05,Kolkata_Victoria_2023-10-01_2023-11-30,94.20590277777778,144.328125,10.810069444444444,8.793125,1.7335416666666663,44.41840277777778,44.41840277777778,2,36,211.94428879310345,129.78848573825502,13.512586805555555,10.99140625,85.49282407407405,44.41840277777778,211.94428879310345,Poor,22.5448,88.3426
2023-02-05,Mumbai_Bandra_2023-10-01_2023-11-30,,,,,,,,2,36,,,,,,,,Unknown,19.0544,72.8402
2023-02-06,Chennai_Alandur_2023-10-01_2023-11-30,82.94569444444444,127.60940972222222,31.58736111111111,18.43840277777777,0.9842708333333332,32.589444444444446,32.589444444444446,2,37,175.91806034482758,118.68007760067114,39.48420138888889,23.048003472222213,49.21354166666666,32.589444444444446,175.91806034482758,Moderate,13.0012,80.2014
2023-02-06,Delhi_AnandVihar_2023-10-01_2023-11-30,182.60416666666663,498.1145833333333,88.41979166666665,17.89810606060606,2.4796296296296294,17.3625,17.3625,2,37,348.2776162790697,440.31564349112426,108.41979166666664,22.372632575757574,105.75738396624472,17.3625,440.31564349112426,Severe,28.6476,77.3158
2023-02-06,Kolkata_Victoria_2023-10-01_2023-11-30,104.7715277777778,161.88680555555555,10.576006944444444,11.490138888888888,2.103090277777778,40.09913194444445,40.09913194444445,2,37,248.01314655172425,141.45499161073826,13.220008680555557,14.36267361111111,101.0387262658228,40.09913194444445,248.01314655172425,Poor,22.5448,88.3426
2023-02-06,Mumbai_Bandra_2023-10-01_2023-11-30,,,,,,,,2,37,,,,,,,,Unknown,19.0544,72.8402
2023-02-07,Chennai_Alandur_2023-10-01_2023-11-30,70.26940972222222,108.09527777777777,26.866041666666664,19.14333333333333,0.9277430555555556,28.562881944444445,28.562881944444445,2,38,132.64384698275862,105.7143120805369,33.58255208333333,23.929166666666664,46.38715277777778,28.562881944444445,132.64384698275862,Moderate,13.0012,80.2014
2023-02-07,Delhi_AnandVihar_2023-10-01_2023-11-30,155.92708333333334,460.9166666666667,71.86458333333333,14.54927536231884,1.7729166666666665,9.136458333333334,9.136458333333334,2,38,327.8045058139535,418.5251479289941,89.77857905982906,18.18659420289855,87.63657407407406,9.136458333333334,418.5251479289941,Severe,28.6476,77.3158
2023-02-07,Kolkata_Victoria_2023-10-01_2023-11-30,62.65,95.19130434782608,10.705763888888889,8.793522727272729,1.1559375,40.54192028985508,40.54192028985508,2,38,106.63275862068966,95.19130434782608,13.382204861111113,10.991903409090911,54.04548611111111,40.54192028985508,106.63275862068966,Moderate,22.5448,88.3426
2023-02-07,Mumbai_Bandra_2023-10-01_2023-11-30,,,,,,,,2,38,,,,,,,,Unknown,19.0544,72.8402
2023-02-08,Chennai_Alandur_2023-10-01_2023-11-30,69.32427083333333,106.65538194444444,28.39951388888889,17.645104166666666,1.0530555555555556,28.161875,28.161875,2,39,129.41733836206896,104.75760276845638,35.49939236111111,22.056380208333334,,28.161875,129.41733836206896,Moderate,13.0012,80.2014
2023-02-08,Delhi_AnandVihar_2023-10-01_2023-11-30,85.45833333333333,441.4583333333333,78.61979166666667,12.660763888888887,1.9663194444444445,10.5,10.5,2,39,184.4956896551724,407.1264792899408,98.26589209401708,15.825954861111107,98.16628086419752,10.5,407.1264792899408,Severe,28.6476,77.3158
2023-02-08,Kolkata_Victoria_2023-10-01_2023-11-30,59.051736111111104,85.43854166666667,10.85277777777778,12.294201388888888,1.0359722222222223,43.149097222222224,43.149097222222224,2,39,98.39776101532568,85.43854166666667,13.565972222222223,15.36775173611111,,43.149097222222224,98.39776101532568,Satisfactory,22.5448,88.3426
2023-02-08,Mumbai_Bandra_2023-10-01_2023-11-30,,,,,,,,2,39,,,,,,,,Unknown,19.0544,72.8402
2023-02-09,Chennai_Alandur_2023-10-01_2023-11-30,82.41836805555555,126.7957986111111,26.42451388888889,19.24052083333333,1.1696180555555555,21.98743055555556,21.98743055555556,2,40,174.11787715517238,118.139490352349,33.03064236111111,24.050651041666665,54.79031635802468,21.98743055555556,174.11787715517238,Moderate,13.0012,80.2014
2023-02-09,Delhi_AnandVihar_2023-10-01_2023-11-30,101.28125,340.7604166666667,73.99062500000001,14.370833333333332,1.6600694444444446,12.195833333333333,12.195833333333333,2,40,236.0980603448276,290.7604166666667,92.44975961538464,17.963541666666664,81.49266975308643,12.195833333333333,290.7604166666667,Poor,28.6476,77.3158
2023-02-09,Kolkata_Victoria_2023-10-01_2023-11-30,81.18090277777777,120.62465277777778,10.852604166666666,12.362013888888889,1.4848958333333335,43.780277777777776,43.780277777777776,2,40,169.89342672413792,114.03919882550336,13.565755208333332,15.452517361111113,71.95543981481482,43.780277777777776,169.89342672413792,Moderate,22.5448,88.3426
2023-02-09,Mumbai_Bandra_2023-10-01_2023-11-30,,,,,,,,2,40,,,,,,,,Unknown,19.0544,72.8402
2023-02-10,Chennai_Alandur_2023-10-01_2023-11-30,73.4559375,113.11572916666668,30.71152777777778,16.393715277777776,1.0126388888888889,27.781458333333333,27.781458333333333,2,41,143.52199353448276,109.05004823825504,38.38940972222223,20.49214409722222,,27.781458333333333,143.52199353448276,Moderate,13.0012,80.2014
2023-02-10,Delhi_AnandVihar_2023-10-01_2023-11-30,96.72916666666669,237.90625,60.82604166666667,14.714583333333332,1.746875,18.722916666666663,18.722916666666663,2,41,220.55818965517247,191.96455536912757,75.9096420940171,18.393229166666664,86.21875,18.722916666666663,220.55818965517247,Poor,28.6476,77.3158
2023-02-10,Kolkata_Victoria_2023-10-01_2023-11-30,111.00694444444444,172.58819444444444,10.705798611111112,11.806770833333331,2.261180555555556,47.18732638888889,47.18732638888889,2,41,269.2995689655172,148.56531040268456,13.38224826388889,14.758463541666664,103.01985759493672,47.18732638888889,269.2995689655172,Poor,22.5448,88.3426
2023-02-10,Mumbai_Bandra_2023-10-01_2023-11-30,,,,,,,,2,41,,,,,,,,Unknown,19.0544,72.8402
2023-02-11,Chennai_Alandur_2023-10-01_2023-11-30,92.44634057971015,142.22384057971016,37.95873188405797,18.82731884057971,1.307536231884058,36.78492753623188,36.78492753623188,2,42,205.9375074962519,128.39033702947185,47.44841485507246,23.53414855072464,62.29919484702093,36.78492753623188,205.9375074962519,Poor,13.0012,80.2014
2023-02-11,Delhi_AnandVihar_2023-10-01_2023-11-30,153.21875,459.78125,80.61458333333333,15.546180555555557,1.7798611111111111,12.8875,12.8875,2,42,325.72601744186045,417.86002218934914,,19.432725694444446,88.01466049382717,12.8875,417.86002218934914,Severe,28.6476,77.3158
2023-02-11,Kolkata_Victoria_2023-10-01_2023-11-30,83.01909722222221,110.52395833333333,10.785798611111112,13.326493055555554,1.125625,58.29204861111111,58.29204861111111,2,42,176.1686422413793,107.32799916107382,13.48224826388889,16.658116319444442,52.39513888888889,58.29204861111111,176.1686422413793,Moderate,22.5448,88.3426
2023-02-11,Mumbai_Bandra_2023-10-01_2023-11-30,,,,,,,,2,42,,,,,,,,Unknown,19.0544,72.8402
2023-02-12,Chennai_Alandur_2023-10-01_2023-11-30,104.1621875,160.24770833333332,38.65510416666667,17.242916666666666,1.408368055555555,33.20486111111111,33.20486111111111,2,43,245.93298491379312,140.3659270134228,48.31888020833333,21.55364583333333,67.78892746913577,33.20486111111111,245.93298491379312,Poor,13.0012,80.2014
2023-02-12,Delhi_AnandVihar_2023-10-01_2023-11-30,55.26736111111112,269.0520833333333,48.875,14.723263888888887,1.4986111111111111,15.1125,15.1125,2,43,92.00347222222224,219.0520833333333,60.89423076923077,18.404079861111107,72.70216049382717,15.1125,219.0520833333333,Poor,28.6476,77.3158
2023-02-12,Kolkata_Victoria_2023-10-01_2023-11-30,69.14722222222223,110.66701388888887,10.740208333333332,12.363854166666668,1.1011111111111112,55.48798611111111,55.48798611111111,2,43,128.81293103448277,107.42304949664428,13.425260416666664,15.454817708333335,51.06049382716049,55.48798611111111,128.81293103448277,Moderate,22.5448,88.3426
2023-02-12,Mumbai_Bandra_2023-10-01_2023-11-30,,,,,,,,2,43,,,,,,,,Unknown,19.0544,72.8402
2023-02-13,Chennai_Alandur_2023-10-01_2023-11-30,112.96503472222224,173.79114583333333,38.48833333333334,18.504375,1.2125694444444444,33.20361111111111,33.20361111111111,2,44,275.9840840517242,149.36458682885905,48.11041666666667,23.13046875,57.12878086419752,33.20361111111111,275.9840840517242,Poor,13.0012,80.2014
2023-02-13,Delhi_AnandVihar_2023-10-01_2023-11-30,47.71875,238.5208333333333,47.723958333333336,14.05,1.5711805555555556,16.117708333333333,16.117708333333333,2,44,79.24892241379311,192.3729026845637,59.44805021367522,17.5625,76.65316358024691,16.117708333333333,192.3729026845637,Moderate,28.6476,77.3158
2023-02-13,Kolkata_Victoria_2023-10-01_2023-11-30,57.998263888888886,97.75659722222224,10.8078125,16.29954861111111,1.286354166666667,55.65625,55.65625,2,44,96.61775622605364,97.75659722222224,13.509765625,20.374435763888886,61.14594907407408,55.65625,97.75659722222224,Satisfactory,22.5448,88.3426
2023-02-13,Mumbai_Bandra_2023-10-01_2023-11-30,,,,,,,,2,44,,,,,,,,Unknown,19.0544,72.8402
2023-02-14,Chennai_Alandur_2023-10-01_2023-11-30,92.61184027777776,142.47663194444445,32.86788194444444,17.381493055555556,1.2321875,31.64923611111111,31.64923611111111,2,45,206.50248922413783,128.5582990771812,41.08485243055555,21.726866319444444,58.19687499999999,31.64923611111111,206.50248922413783,Poor,13.0012,80.2014
2023-02-14,Delhi_AnandVihar_2023-10-01_2023-11-30,82.80208333333333,236.66666666666663,63.239236111111104,16.488541666666666,1.8416666666666668,13.633680555555555,13.633680555555555,2,45,175.4278017241379,191.14093959731545,78.94160434472934,20.61067708333333,91.37962962962963,13.633680555555555,191.14093959731545,Moderate,28.6476,77.3158
2023-02-14,Kolkata_Victoria_2023-10-01_2023-11-30,89.51770833333335,151.3111111111111,10.887638888888889,13.885173611111112,1.887743055555556,55.22902777777778,55.22902777777778,2,45,198.3535560344828,134.42818791946308,13.60954861111111,17.35646701388889,93.8882330246914,55.22902777777778,198.3535560344828,Moderate,22.5448,88.3426
2023-02-14,Mumbai_Bandra_2023-10-01_2023-11-30,,,,,,,,2,45,,,,,,,,Unknown,19.0544,72.8402
2023-02-15,Chennai_Alandur_2023-10-01_2023-11-30,92.79336805555556,142.75857638888888,33.54927083333333,15.46986111111111,1.2847916666666668,39.03902777777778,39.03902777777778,2,46,207.1221875,128.7456312919463,41.936588541666666,19.337326388888886,61.06087962962963,39.03902777777778,207.1221875,Poor,13.0012,80.2014
2023-02-15,Delhi_AnandVihar_2023-10-01_2023-11-30,105.84375,291.0416666666667,78.70833333333333,16.797916666666666,1.9536231884057973,10.424305555555556,10.424305555555556,2,46,251.67349137931035,241.04166666666669,98.37713675213676,20.99739583333333,97.47504025764896,10.424305555555556,251.67349137931035,Poor,28.6476,77.3158
2023-02-15,Kolkata_Victoria_2023-10-01_2023-11-30,116.93368055555555,192.1753472222222,10.772777777777778,14.040034722222222,2.4853472222222224,48.37444444444444,48.37444444444444,2,46,289.53221982758623,161.57959312080536,13.465972222222222,17.550043402777778,105.8290348101266,48.37444444444444,289.53221982758623,Poor,22.5448,88.3426
2023-02-15,Mumbai_Bandra_2023-10-01_2023-11-30,,,,,,,,2,46,,,,,,,,Unknown,19.0544,72.8402
2023-02-16,Chennai_Alandur_2023-10-01_2023-11-30,97.78163194444444,150.4348611111111,36.46635416666667,16.309652777777778,1.2553472222222222,30.23875,30.23875,2,47,224.15108836206892,133.84598154362416,45.58294270833333,20.387065972222224,59.45779320987653,30.23875,224.15108836206892,Poor,13.0012,80.2014
2023-02-16,Delhi_AnandVihar_2023-10-01_2023-11-30,216.9375,481.53125,113.7935606060606,24.30757575757576,2.6214285714285714,14.555952380952382,14.555952380952382,2,47,374.6264534883721,430.6011464497041,133.7935606060606,30.3844696969697,107.53435804701628,14.555952380952382,430.6011464497041,Severe,28.6476,77.3158
2023-02-16,Kolkata_Victoria_2023-10-01_2023-11-30,127.246875,201.6875,10.717916666666667,13.713368055555556,2.4568055555555555,43.79128472222222,43.79128472222222,2,47,305.794113372093,167.89974832214767,13.397395833333334,17.141710069444443,105.47136075949366,43.79128472222222,305.794113372093,Very Poor,22.5448,88.3426
2023-02-16,Mumbai_Bandra_2023-10-01_2023-11-30,,,,,,,,2,47,,,,,,,,Unknown,19.0544,72.8402
2023-02-17,Chennai_Alandur_2023-10-01_2023-11-30,103.61802083333332,159.39878472222222,27.42569444444445,19.550833333333333,0.9794444444444445,25.19701388888889,25.19701388888889,2,48,244.07531249999997,139.80187709731544,34.282118055555564,24.438541666666666,48.97222222222222,25.19701388888889,244.07531249999997,Poor,13.0012,80.2014
2023-02-17,Delhi_AnandVihar_2023-10-01_2023-11-30,290.7604166666667,545.3541666666666,102.52291666666667,22.36086956521739,2.2315972222222222,32.54078947368421,32.54078947368421,2,48,416.80835843373495,467.98853550295854,122.52291666666667,27.95108695652173,102.64912974683544,32.54078947368421,467.98853550295854,Severe,28.6476,77.3158
2023-02-17,Kolkata_Victoria_2023-10-01_2023-11-30,79.93371212121212,116.07007575757576,10.740104166666669,6.655277777777777,1.3902777777777775,25.06451388888889,25.06451388888889,2,48,165.63577586206898,111.01300335570473,13.425130208333336,8.319097222222222,66.804012345679,25.06451388888889,165.63577586206898,Moderate,22.5448,88.3426
2023-02-17,Mumbai_Bandra_2023-10-01_2023-11-30,,,,,,,,2,48,,,,,,,,Unknown,19.0544,72.8402
2023-02-18,Chennai_Alandur_2023-10-01_2023-11-30,117.33760416666668,180.4654513888889,21.98732638888889,18.150347222222223,1.045625,18.472638888888888,18.472638888888888,2,49,290.9111314655173,153.79919253355706,27.48415798611111,22.68793402777778,,18.472638888888888,290.9111314655173,Poor,13.0012,80.2014
2023-02-18,Delhi_AnandVihar_2023-10-01_2023-11-30,260.2604166666667,520.8125,129.51145833333334,24.986805555555552,2.2670138888888887,14.957575757575755,14.957575757575755,2,49,404.68185240963857,453.61205621301775,149.51145833333334,31.23350694444444,103.0929588607595,14.957575757575755,453.61205621301775,Severe,28.6476,77.3158
2023-02-18,Kolkata_Victoria_2023-10-01_2023-11-30,64.69652777777777,94.17291666666668,10.869444444444444,8.729861111111111,1.1514236111111111,16.661325757575757,16.661325757575757,2,49,113.61918103448276,94.17291666666668,13.586805555555554,10.91232638888889,53.7997299382716,16.661325757575757,113.61918103448276,Moderate,22.5448,88.3426
2023-02-18,Mumbai_Bandra_2023-10-01_2023-11-30,,,,,,,,2,49,,,,,,,,Unknown,19.0544,72.8402
2023-02-19,Chennai_Alandur_2023-10-01_2023-11-30,80.26086805555555,123.478125,17.4725,15.174097222222224,0.8150347222222222,17.991111111111113,17.991111111111113,2,50,166.75261853448274,115.93513003355704,21.840625,18.96762152777778,40.75173611111111,17.991111111111113,166.75261853448274,Moderate,13.0012,80.2014
2023-02-19,Delhi_AnandVihar_2023-10-01_2023-11-30,208.53125,396.15625,101.02708333333334,23.750694444444445,1.7472222222222225,22.804166666666664,22.804166666666664,2,50,368.1751453488372,357.58821202531647,121.02708333333334,29.68836805555556,86.23765432098767,22.804166666666664,368.1751453488372,Very Poor,28.6476,77.3158
2023-02-19,Kolkata_Victoria_2023-10-01_2023-11-30,54.63472222222222,82.10138888888889,10.619826388888889,9.942291666666668,1.00875,28.26159722222222,28.26159722222222,2,50,90.934530651341,82.10138888888889,13.274782986111113,12.427864583333337,,28.26159722222222,90.934530651341,Satisfactory,22.5448,88.3426
2023-02-19,Mumbai_Bandra_2023-10-01_2023-11-30,,,,,,,,2,50,,,,,,,,Unknown,19.0544,72.8402
2023-02-20,Chennai_Alandur_2023-10-01_2023-11-30,76.4407638888889,117.58729166666666,23.266319444444445,17.01,0.8770486111111112,19.483854166666667,19.483854166666667,2,51,153.7115732758621,112.02108640939596,29.08289930555556,21.262500000000003,43.85243055555556,19.483854166666667,153.7115732758621,Moderate,13.0012,80.2014
2023-02-20,Delhi_AnandVihar_2023-10-01_2023-11-30,175.41666666666666,359.7916666666667,98.57083333333333,24.68055555555556,1.73125,21.394791666666663,21.394791666666663,2,51,342.76162790697674,312.0174050632912,118.57083333333333,30.85069444444445,85.36805555555554,21.394791666666663,342.76162790697674,Very Poor,28.6476,77.3158
2023-02-20,Kolkata_Victoria_2023-10-01_2023-11-30,43.13993055555556,64.10590277777779,10.827569444444444,7.236909722222222,0.9006944444444445,29.480277777777776,29.480277777777776,2,51,71.5122964559387,64.10590277777779,13.534461805555557,9.046137152777778,45.03472222222222,29.480277777777776,71.5122964559387,Satisfactory,22.5448,88.3426
2023-02-20,Mumbai_Bandra_2023-10-01_2023-11-30,,,,,,,,2,51,,,,,,,,Unknown,19.0544,72.8402
2023-02-21,Chennai_Alandur_2023-10-01_2023-11-30,87.6892361111111,133.45302083333334,23.80069444444445,21.23305555555556,0.8652083333333334,28.208020833333336,28.208020833333336,2,52,192.11153017241372,122.56274538590606,29.75086805555556,26.541319444444447,43.26041666666667,28.208020833333336,192.11153017241372,Moderate,13.0012,80.2014
2023-02-21,Delhi_AnandVihar_2023-10-01_2023-11-30,127.66319444444444,276.40625,96.96354166666669,25.08090277777778,1.5822916666666669,15.332246376811591,15.332246376811591,2,52,306.1136143410853,226.40625,116.96354166666669,31.351128472222225,77.25810185185186,15.332246376811591,306.1136143410853,Very Poor,28.6476,77.3158
2023-02-21,Kolkata_Victoria_2023-10-01_2023-11-30,53.36875,74.82222222222222,10.770694444444445,9.491145833333333,0.9006597222222222,35.14347222222222,35.14347222222222,2,52,88.79547413793102,74.82222222222222,13.463368055555556,11.863932291666666,45.03298611111112,35.14347222222222,88.79547413793102,Satisfactory,22.5448,88.3426
2023-02-21,Mumbai_Bandra_2023-10-01_2023-11-30,,,,,,,,2,52,,,,,,,,Unknown,19.0544,72.8402
2023-02-22,Chennai_Alandur_2023-10-01_2023-11-30,88.51822916666667,136.18493055555555,24.416493055555552,24.79732638888889,0.9039236111111112,31.85982638888889,31.85982638888889,2,53,194.94154094827587,124.37790687919464,30.52061631944444,30.996657986111117,45.19618055555556,31.85982638888889,194.94154094827587,Moderate,13.0012,80.2014
2023-02-22,Delhi_AnandVihar_2023-10-01_2023-11-30,162.44791666666666,321.0833333333333,103.6375,25.55243055555556,1.8204861111111112,12.358333333333334,12.358333333333334,2,53,332.8088662790698,271.0833333333333,123.6375,31.94053819444445,90.22646604938272,12.358333333333334,332.8088662790698,Very Poor,28.6476,77.3158
2023-02-22,Kolkata_Victoria_2023-10-01_2023-11-30,57.48840579710145,83.01449275362319,10.961284722222222,12.657210144927536,0.8269927536231884,44.719855072463766,44.719855072463766,2,53,95.75627186406795,83.01449275362319,13.70160590277778,15.82151268115942,41.349637681159415,44.719855072463766,95.75627186406795,Satisfactory,22.5448,88.3426
2023-02-22,Mumbai_Bandra_2023-10-01_2023-11-30,,,,,,,,2,53,,,,,,,,Unknown,19.0544,72.8402
2023-02-23,Chennai_Alandur_2023-10-01_2023-11-30,80.51406250000001,123.86625,23.5259375,18.798194444444444,0.9065972222222222,24.781770833333336,24.781770833333336,2,54,167.61697198275863,116.19301174496644,29.407421875,23.49774305555556,45.32986111111111,24.781770833333336,167.61697198275863,Moderate,13.0012,80.2014
2023-02-23,Delhi_AnandVihar_2023-10-01_2023-11-30,83.47916666666667,239.5833333333333,92.21770833333332,26.194444444444443,1.4947916666666667,12.709375,12.709375,2,54,177.73922413793105,193.07885906040264,112.21770833333332,32.74305555555556,72.49421296296296,12.709375,193.07885906040264,Moderate,28.6476,77.3158
2023-02-23,Kolkata_Victoria_2023-10-01_2023-11-30,47.83958333333334,68.43993055555556,10.739722222222222,8.541284722222223,0.9144791666666668,38.48680555555556,38.48680555555556,2,54,79.45308908045978,68.43993055555556,13.424652777777776,10.676605902777778,45.72395833333334,38.48680555555556,79.45308908045978,Satisfactory,22.5448,88.3426
2023-02-23,Mumbai_Bandra_2023-10-01_2023-11-30,,,,,,,,2,54,,,,,,,,Unknown,19.0544,72.8402
2023-02-24,Chennai_Alandur_2023-10-01_2023-11-30,56.582152777777786,87.04399305555556,20.9878125,17.933333333333334,0.9297569444444446,20.17246527777778,20.17246527777778,2,55,94.22501676245211,87.04399305555556,26.234765625,22.416666666666668,46.48784722222223,20.17246527777778,94.22501676245211,Satisfactory,13.0012,80.2014
2023-02-24,Delhi_AnandVihar_2023-10-01_2023-11-30,83.125,242.78125,99.74166666666667,27.461111111111112,1.5996527777777778,14.89375,14.89375,2,55,176.53017241379308,195.20364932885903,119.74166666666667,34.32638888888889,78.20331790123457,14.89375,195.20364932885903,Moderate,28.6476,77.3158
2023-02-24,Kolkata_Victoria_2023-10-01_2023-11-30,58.36493055555555,79.92951388888889,10.840729166666668,10.903854166666669,0.8509027777777778,40.04861111111111,40.04861111111111,2,55,97.23729645593868,79.92951388888889,13.550911458333337,13.629817708333336,42.545138888888886,40.04861111111111,97.23729645593868,Satisfactory,22.5448,88.3426
2023-02-24,Mumbai_Bandra_2023-10-01_2023-11-30,,,,,,,,2,55,,,,,,,,Unknown,19.0544,72.8402
2023-02-25,Chennai_Alandur_2023-10-01_2023-11-30,66.70818840579709,102.63072463768115,22.08684027777777,17.778194444444445,0.9254166666666668,29.71118055555556,29.71118055555556,2,56,120.48657421289352,102.08350160490224,27.608550347222213,22.222743055555554,46.270833333333336,29.71118055555556,120.48657421289352,Moderate,13.0012,80.2014
2023-02-25,Delhi_AnandVihar_2023-10-01_2023-11-30,132.5625,340.65625,110.74097222222224,27.17569444444445,1.7538194444444446,18.053125,18.053125,2,56,309.8735465116279,290.65625,130.74097222222224,33.969618055555564,86.59683641975309,18.053125,309.8735465116279,Very Poor,28.6476,77.3158
2023-02-25,Kolkata_Victoria_2023-10-01_2023-11-30,79.43784722222222,109.56354166666668,10.745868055555556,11.262256944444443,1.150625,35.60451388888889,35.60451388888889,2,56,163.94299568965516,106.68986996644296,13.432335069444443,14.077821180555556,53.75625,35.60451388888889,163.94299568965516,Moderate,22.5448,88.3426
2023-02-25,Mumbai_Bandra_2023-10-01_2023-11-30,,,,,,,,2,56,,,,,,,,Unknown,19.0544,72.8402
2023-02-26,Chennai_Alandur_2023-10-01_2023-11-30,73.02767361111111,112.37361111111112,21.56458333333333,18.50034722222222,1.0041666666666669,30.96590277777777,30.96590277777777,2,57,142.05998922413795,108.55696308724832,26.955729166666664,23.12543402777777,,30.96590277777777,142.05998922413795,Moderate,13.0012,80.2014
2023-02-26,Delhi_AnandVihar_2023-10-01_2023-11-30,167.70833333333334,426.4895833333333,107.86041666666668,26.265625,1.781159420289855,25.17395833333333,25.17395833333333,2,57,336.84593023255815,395.6008702531645,127.86041666666668,32.83203125,88.08534621578099,25.17395833333333,395.6008702531645,Very Poor,28.6476,77.3158
2023-02-26,Kolkata_Victoria_2023-10-01_2023-11-30,90.90694444444443,126.47256944444445,10.796597222222225,12.644756944444444,1.2552777777777775,50.06968749999999,50.06968749999999,2,57,,117.92472734899329,13.49574652777778,15.805946180555557,59.45401234567899,,117.92472734899329,Moderate,22.5448,88.3426
2023-02-26,Mumbai_Bandra_2023-10-01_2023-11-30,,,,,,,,2,57,,,,,,,,Unknown,19.0544,72.8402
2023-02-27,Chennai_Alandur_2023-10-01_2023-11-30,69.45510416666667,106.854375,23.38253472222222,19.5009375,1.0671180555555555,42.50361111111111,42.50361111111111,2,58,129.86397629310346,104.88981963087248,29.228168402777776,24.376171875,,42.50361111111111,129.86397629310346,Moderate,13.0012,80.2014
2023-02-27,Delhi_AnandVihar_2023-10-01_2023-11-30,157.75,364.7604166666667,103.42083333333332,26.06284722222222,1.6777777777777778,17.371875,17.371875,2,58,329.20348837209303,318.2440664556962,123.42083333333332,32.57855902777778,82.45679012345678,17.371875,329.20348837209303,Very Poor,28.6476,77.3158
2023-02-27,Kolkata_Victoria_2023-10-01_2023-11-30,68.28402777777778,97.40868055555556,10.760486111111112,15.462430555555557,1.034861111111111,28.05263888888889,28.05263888888889,2,58,125.86616379310344,97.40868055555556,13.45060763888889,19.32803819444445,,28.05263888888889,125.86616379310344,Moderate,22.5448,88.3426
2023-02-27,Mumbai_Bandra_2023-10-01_2023-11-30,,,,,,,,2,58,,,,,,,,Unknown,19.0544,72.8402
2023-02-28,Chennai_Alandur_2023-10-01_2023-11-30,70.03517361111112,107.75520833333331,23.81368055555556,19.725416666666664,0.9424652777777776,48.97649305555556,48.97649305555556,2,59,131.84421336206898,105.48835989932884,29.76710069444445,24.65677083333333,47.12326388888888,48.97649305555556,131.84421336206898,Moderate,13.0012,80.2014
2023-02-28,Delhi_AnandVihar_2023-10-01_2023-11-30,118.31944444444444,291.90625,97.33125,29.64375,1.8489583333333333,16.357291666666665,16.357291666666665,2,59,294.26293103448273,241.90625,117.33125,37.0546875,91.77662037037037,16.357291666666665,294.26293103448273,Poor,28.6476,77.3158
2023-02-28,Kolkata_Victoria_2023-10-01_2023-11-30,70.62604166666667,103.76527777777778,10.726770833333331,9.745138888888889,1.1880555555555554,37.14305555555556,37.14305555555556,2,59,133.8613146551724,102.8373322147651,13.408463541666665,12.18142361111111,55.79413580246912,37.14305555555556,133.8613146551724,Moderate,22.5448,88.3426
2023-02-28,Mumbai_Bandra_2023-10-01_2023-11-30,,,,,,,,2,59,,,,,,,,Unknown,19.0544,72.8402
2023-03-01,Chennai_Alandur_2023-10-01_2023-11-30,62.92631944444444,96.8117361111111,27.034826388888888,20.811840277777776,0.9413541666666668,53.56871527777778,53.56871527777778,3,60,107.57605603448272,96.8117361111111,33.79353298611111,26.01480034722222,47.06770833333334,53.56871527777778,107.57605603448272,Moderate,13.0012,80.2014
2023-03-01,Delhi_AnandVihar_2023-10-01_2023-11-30,96.19791666666669,315.7604166666667,92.4236111111111,29.99673913043478,1.6961805555555556,16.21875,16.21875,3,60,218.7446120689656,265.7604166666667,112.4236111111111,37.49592391304348,83.45871913580247,16.21875,265.7604166666667,Poor,28.6476,77.3158
2023-03-01,Kolkata_Victoria_2023-10-01_2023-11-30,66.08993055555555,88.11909722222221,10.694375,8.625,1.0426041666666668,40.55777777777778,40.55777777777778,3,60,118.3759698275862,88.11909722222221,13.36796875,10.78125,,40.55777777777778,118.3759698275862,Moderate,22.5448,88.3426
2023-03-01,Mumbai_Bandra_2023-10-01_2023-11-30,,,,,,,,3,60,,,,,,,,Unknown,19.0544,72.8402
2023-03-02,Chennai_Alandur_2023-10-01_2023-11-30,77.6632986111111,119.4782986111111,31.601701388888888,19.945486111111112,0.9769791666666668,45.38371527777778,45.38371527777778,3,61,157.8850538793103,113.27752726510066,39.50212673611111,24.93185763888889,48.84895833333334,45.38371527777778,157.8850538793103,Moderate,13.0012,80.2014
2023-03-02,Delhi_AnandVihar_2023-10-01_2023-11-30,104.46180555555556,302.1041666666667,97.78653846153846,23.19490740740741,1.4795138888888888,16.516319444444445,16.516319444444445,3,61,246.95581896551724,252.10416666666669,117.78653846153846,28.993634259259263,71.66242283950616,16.516319444444445,252.10416666666669,Poor,28.6476,77.3158
2023-03-02,Kolkata_Victoria_2023-10-01_2023-11-30,62.28854166666667,91.36180555555556,10.692291666666668,11.389131944444443,1.3894791666666666,30.196840277777778,30.196840277777778,3,61,105.39881465517242,91.36180555555556,13.365364583333337,14.236414930555554,66.7605324074074,30.196840277777778,105.39881465517242,Moderate,22.5448,88.3426
2023-03-02,Mumbai_Bandra_2023-10-01_2023-11-30,,,,,,,,3,61,,,,,,,,Unknown,19.0544,72.8402
2023-03-03,Chennai_Alandur_2023-10-01_2023-11-30,89.61357638888889,137.8745138888889,31.193214285714284,17.537430555555556,0.9199652777777776,39.46642361111111,39.46642361111111,3,62,198.68082974137928,125.50051593959734,38.99151785714285,21.92178819444445,45.99826388888888,39.46642361111111,198.68082974137928,Moderate,13.0012,80.2014
2023-03-03,Delhi_AnandVihar_2023-10-01_2023-11-30,69.29166666666667,206.88541666666663,72.65104166666667,28.047222222222224,1.467013888888889,17.209374999999998,17.209374999999998,3,62,129.30603448275863,171.35339765100667,90.7666933760684,35.05902777777778,70.98186728395062,17.209374999999998,171.35339765100667,Moderate,28.6476,77.3158
2023-03-03,Kolkata_Victoria_2023-10-01_2023-11-30,74.79062499999999,118.73506944444443,10.602013888888887,10.62920138888889,1.535,33.16638888888889,33.16638888888889,3,62,148.07834051724134,112.7837038590604,13.25251736111111,13.286501736111113,74.68333333333332,33.16638888888889,148.07834051724134,Moderate,22.5448,88.3426
2023-03-03,Mumbai_Bandra_2023-10-01_2023-11-30,,,,,,,,3,62,,,,,,,,Unknown,19.0544,72.8402
2023-03-04,Chennai_Alandur_2023-10-01_2023-11-30,97.35027777777778,149.62,,20.24111111111112,1.001875,37.79739583333333,37.79739583333333,3,63,222.6785344827586,133.30456375838926,,25.3013888888889,,37.79739583333333,222.6785344827586,Poor,13.0012,80.2014
2023-03-04,Delhi_AnandVihar_2023-10-01_2023-11-30,57.57291666666666,270.28125,70.52916666666667,,1.4048611111111111,17.993750000000002,17.993750000000002,3,63,95.899066091954,220.28125,88.10074786324788,,67.5979938271605,17.993750000000002,220.28125,Poor,28.6476,77.3158
2023-03-04,Kolkata_Victoria_2023-10-01_2023-11-30,84.19652777777777,141.76874999999998,10.691319444444446,14.316180555555556,1.731666666666667,40.97583333333333,40.97583333333333,3,63,180.1881465517241,128.08796140939597,13.364149305555555,17.895225694444445,85.39074074074075,40.97583333333333,180.1881465517241,Moderate,22.5448,88.3426
2023-03-04,Mumbai_Bandra_2023-10-01_2023-11-30,,,,,,,,3,63,,,,,,,,Unknown,19.0544,72.8402
2023-03-05,Chennai_Alandur_2023-10-01_2023-11-30,70.205625,108.01024305555556,,18.039583333333333,0.8587152777777778,37.817708333333336,37.817708333333336,3,64,132.42609913793103,105.6578125,,22.549479166666664,42.935763888888886,37.817708333333336,132.42609913793103,Moderate,13.0012,80.2014
2023-03-05,Delhi_AnandVihar_2023-10-01_2023-11-30,69.78125,229.5520833333333,68.41145833333333,,1.5,19.008333333333333,19.008333333333333,3,64,130.97737068965515,186.41380033557044,85.44003739316238,,72.77777777777777,19.008333333333333,186.41380033557044,Moderate,28.6476,77.3158
2023-03-05,Kolkata_Victoria_2023-10-01_2023-11-30,86.11666666666667,146.97118055555555,10.75611111111111,11.858159722222224,1.6060069444444445,39.26576388888889,39.26576388888889,3,64,186.7431034482759,131.54460989932886,13.445138888888888,14.82269965277778,78.54926697530864,39.26576388888889,186.7431034482759,Moderate,22.5448,88.3426
2023-03-05,Mumbai_Bandra_2023-10-01_2023-11-30,,,,,,,,3,64,,,,,,,,Unknown,19.0544,72.8402
2023-03-06,Chennai_Alandur_2023-10-01_2023-11-30,64.47784722222222,99.19673611111112,24.05743589743589,22.410625,0.8377083333333334,31.760104166666665,31.760104166666665,3,65,112.87265086206897,99.19673611111112,30.071794871794864,28.01328125,41.88541666666667,31.760104166666665,112.87265086206897,Moderate,13.0012,80.2014
2023-03-06,Delhi_AnandVihar_2023-10-01_2023-11-30,70.98958333333333,232.5909090909091,77.14583333333333,,1.5114583333333331,21.604166666666668,21.604166666666668,3,65,135.10237068965515,188.43288590604027,96.41399572649571,,73.40162037037035,21.604166666666668,188.43288590604027,Moderate,28.6476,77.3158
2023-03-06,Kolkata_Victoria_2023-10-01_2023-11-30,72.00381944444445,114.89722222222224,10.753645833333332,11.977708333333332,1.3746875,40.485625,40.485625,3,65,138.5647629310345,110.23372483221478,13.442057291666664,14.972135416666664,65.95520833333333,40.485625,138.5647629310345,Moderate,22.5448,88.3426
2023-03-06,Mumbai_Bandra_2023-10-01_2023-11-30,,,,,,,,3,65,,,,,,,,Unknown,19.0544,72.8402
2023-03-07,Chennai_Alandur_2023-10-01_2023-11-30,65.77854166666667,101.19552083333332,25.776527777777776,18.55875,1.0569444444444445,34.76524305555555,34.76524305555555,3,66,117.3129525862069,101.12990981543624,32.22065972222222,23.1984375,,34.76524305555555,117.3129525862069,Moderate,13.0012,80.2014
2023-03-07,Delhi_AnandVihar_2023-10-01_2023-11-30,103.33333333333331,289.15625,98.51770833333336,,1.6378787878787875,20.054166666666667,20.054166666666667,3,66,243.103448275862,239.15625,118.51770833333336,,80.28451178451176,20.054166666666667,243.103448275862,Poor,28.6476,77.3158
2023-03-07,Kolkata_Victoria_2023-10-01_2023-11-30,63.83125,92.43993055555556,10.711041666666668,9.57826388888889,1.3945833333333333,39.51270833333333,39.51270833333333,3,66,110.66530172413792,92.43993055555556,13.388802083333337,11.972829861111112,67.03842592592592,39.51270833333333,110.66530172413792,Moderate,22.5448,88.3426
2023-03-07,Mumbai_Bandra_2023-10-01_2023-11-30,,,,,,,,3,66,,,,,,,,Unknown,19.0544,72.8402
2023-03-08,Chennai_Alandur_2023-10-01_2023-11-30,59.31208333333333,91.25003472222222,27.562083333333334,21.04625,1.2417013888888888,39.49465277777778,39.49465277777778,3,67,98.837658045977,91.25003472222222,34.45260416666667,26.3078125,58.71485339506172,39.49465277777778,98.837658045977,Satisfactory,13.0012,80.2014
2023-03-08,Delhi_AnandVihar_2023-10-01_2023-11-30,161.49652777777777,358.2916666666667,69.05729166666667,,1.5928030303030305,27.81145833333333,27.81145833333333,3,67,332.07873062015506,310.13765822784814,86.25146901709402,,77.83038720538721,27.81145833333333,332.07873062015506,Very Poor,28.6476,77.3158
2023-03-08,Kolkata_Victoria_2023-10-01_2023-11-30,66.22673611111111,98.24340277777776,10.799097222222224,11.03704861111111,1.3910069444444444,50.376354166666665,50.376354166666665,3,67,118.84299568965515,98.24340277777776,13.49887152777778,13.796310763888888,66.84371141975308,,118.84299568965515,Moderate,22.5448,88.3426
2023-03-08,Mumbai_Bandra_2023-10-01_2023-11-30,,,,,,,,3,67,,,,,,,,Unknown,19.0544,72.8402
2023-03-09,Chennai_Alandur_2023-10-01_2023-11-30,65.3079513888889,100.47489583333332,27.359409722222225,20.20625,1.3057291666666666,39.77232638888889,39.77232638888889,3,68,115.70645474137932,,34.19926215277778,25.2578125,62.200810185185176,39.77232638888889,115.70645474137932,Moderate,13.0012,80.2014
2023-03-09,Delhi_AnandVihar_2023-10-01_2023-11-30,61.4375,178.30208333333334,72.00729166666666,,1.5996527777777778,22.3625,22.3625,3,68,102.49353448275862,152.36178691275168,89.95787927350426,,78.20331790123457,22.3625,152.36178691275168,Moderate,28.6476,77.3158
2023-03-09,Kolkata_Victoria_2023-10-01_2023-11-30,64.67361111111111,95.56631944444445,10.580173611111112,9.221631944444445,1.3798611111111112,45.983715277777776,45.983715277777776,3,68,113.54094827586208,95.56631944444445,13.22521701388889,11.527039930555556,66.23688271604938,45.983715277777776,113.54094827586208,Moderate,22.5448,88.3426
2023-03-09,Mumbai_Bandra_2023-10-01_2023-11-30,,,,,,,,3,68,,,,,,,,Unknown,19.0544,72.8402
2023-03-10,Chennai_Alandur_2023-10-01_2023-11-30,67.40475694444444,103.6934375,27.11267361111111,23.49263888888889,1.2820833333333332,41.28284722222222,41.28284722222222,3,69,122.8645150862069,102.78959941275168,33.890842013888886,29.365798611111117,60.91342592592592,41.28284722222222,122.8645150862069,Moderate,13.0012,80.2014
2023-03-10,Delhi_AnandVihar_2023-10-01_2023-11-30,108.35416666666669,271.7604166666667,84.86770833333334,,1.765625,19.84583333333333,19.84583333333333,3,69,260.24353448275866,221.76041666666669,104.86770833333334,,87.23958333333334,19.84583333333333,260.24353448275866,Poor,28.6476,77.3158
2023-03-10,Kolkata_Victoria_2023-10-01_2023-11-30,86.5079365079365,128.07777777777778,10.97358695652174,11.05784090909091,1.5173484848484848,37.1202536231884,37.1202536231884,3,69,188.07881773399012,118.99127516778525,13.716983695652177,13.822301136363638,73.7223063973064,37.1202536231884,188.07881773399012,Moderate,22.5448,88.3426
2023-03-10,Mumbai_Bandra_2023-10-01_2023-11-30,,,,,,,,3,69,,,,,,,,Unknown,19.0544,72.8402
2023-03-11,Chennai_Alandur_2023-10-01_2023-11-30,76.44597222222222,117.573125,30.222951388888887,22.552916666666665,1.4646875,44.14961805555556,44.14961805555556,3,70,153.72935344827587,112.01167365771812,37.77868923611111,28.19114583333333,70.85520833333332,44.14961805555556,153.72935344827587,Moderate,13.0012,80.2014
2023-03-11,Delhi_AnandVihar_2023-10-01_2023-11-30,131.05208333333334,320.3854166666667,88.72708333333333,,2.020138888888889,18.5375,18.5375,3,70,308.7143895348837,270.3854166666667,108.72708333333333,,,18.5375,308.7143895348837,Very Poor,28.6476,77.3158
2023-03-11,Kolkata_Victoria_2023-10-01_2023-11-30,63.255208333333336,108.78229166666668,10.8371875,11.530659722222223,1.1610416666666667,52.24520833333333,52.24520833333333,3,70,108.69881465517244,106.17078439597316,13.546484375,14.41332465277778,54.32337962962963,52.24520833333333,108.69881465517244,Moderate,22.5448,88.3426
2023-03-11,Mumbai_Bandra_2023-10-01_2023-11-30,,,,,,,,3,70,,,,,,,,Unknown,19.0544,72.8402
2023-03-12,Chennai_Alandur_2023-10-01_2023-11-30,63.90673611111111,98.31586805555555,24.79784722222222,17.48888888888889,1.289201388888889,44.59461805555555,44.59461805555555,3,71,110.92299568965517,98.31586805555555,30.99730902777777,21.861111111111114,61.30096450617284,44.59461805555555,110.92299568965517,Moderate,13.0012,80.2014
2023-03-12,Delhi_AnandVihar_2023-10-01_2023-11-30,127.66666666666669,394.1145833333333,88.94479166666667,,2.08015873015873,24.245833333333334,24.245833333333334,3,71,306.1162790697675,355.029667721519,108.94479166666667,,,24.245833333333334,355.029667721519,Very Poor,28.6476,77.3158
2023-03-12,Kolkata_Victoria_2023-10-01_2023-11-30,85.51458333333333,129.5375,10.64048611111111,9.821979166666669,1.4037499999999998,54.567395833333336,54.567395833333336,3,71,184.68771551724137,119.9611577181208,13.300607638888888,12.277473958333337,67.5375,54.567395833333336,184.68771551724137,Moderate,22.5448,88.3426
2023-03-12,Mumbai_Bandra_2023-10-01_2023-11-30,,,,,,,,3,71,,,,,,,,Unknown,19.0544,72.8402
2023-03-13,Chennai_Alandur_2023-10-01_2023-11-30,58.590069444444445,90.13458333333334,27.004548611111108,17.317708333333332,1.4046527777777778,36.79708333333333,36.79708333333333,3,72,97.6177035440613,90.13458333333334,33.755685763888884,21.647135416666664,67.5866512345679,36.79708333333333,97.6177035440613,Satisfactory,13.0012,80.2014
2023-03-13,Delhi_AnandVihar_2023-10-01_2023-11-30,129.27083333333334,381.8020833333333,99.13958333333332,20.67833333333333,1.9274305555555555,21.144791666666663,21.144791666666663,3,72,307.3473837209302,339.60007911392404,119.13958333333332,25.847916666666663,96.04899691358024,21.144791666666663,339.60007911392404,Very Poor,28.6476,77.3158
2023-03-13,Kolkata_Victoria_2023-10-01_2023-11-30,80.97708333333334,126.45729166666666,10.638368055555556,10.620763888888888,1.3971527777777777,67.86215277777778,67.86215277777778,3,72,169.19762931034484,117.91457634228188,13.297960069444446,13.27595486111111,67.17831790123456,67.86215277777778,169.19762931034484,Moderate,22.5448,88.3426
2023-03-13,Mumbai_Bandra_2023-10-01_2023-11-30,,,,,,,,3,72,,,,,,,,Unknown,19.0544,72.8402
2023-03-14,Chennai_Alandur_2023-10-01_2023-11-30,71.88017361111112,110.58493055555556,28.77232638888889,18.706527777777776,1.439375,39.91232638888889,39.91232638888889,3,73,138.14266163793104,107.36851090604029,35.96540798611111,23.38315972222222,69.47708333333333,39.91232638888889,138.14266163793104,Moderate,13.0012,80.2014
2023-03-14,Delhi_AnandVihar_2023-10-01_2023-11-30,110.34375,334.09375,96.76354166666664,24.334722222222226,2.178472222222222,20.289583333333333,20.289583333333333,3,73,267.0355603448276,284.09375,116.76354166666664,30.418402777777786,101.98338607594935,20.289583333333333,284.09375,Poor,28.6476,77.3158
2023-03-14,Kolkata_Victoria_2023-10-01_2023-11-30,45.96449275362319,102.77717391304348,10.683958333333337,14.509722222222225,0.9967708333333332,73.40231884057971,73.40231884057971,3,73,76.28483258370815,102.18080682812956,13.35494791666667,18.137152777777786,49.83854166666666,73.40231884057971,102.18080682812956,Moderate,22.5448,88.3426
2023-03-14,Mumbai_Bandra_2023-10-01_2023-11-30,,,,,,,,3,73,,,,,,,,Unknown,19.0544,72.8402
2023-03-15,Chennai_Alandur_2023-10-01_2023-11-30,75.29524305555556,115.83982638888888,25.51079861111112,19.315590277777776,1.5523958333333334,21.766458333333333,21.766458333333333,3,74,149.80100215517243,110.86001887583892,31.8884982638889,24.14448784722222,75.63043981481482,21.766458333333333,149.80100215517243,Moderate,13.0012,80.2014
2023-03-15,Delhi_AnandVihar_2023-10-01_2023-11-30,164.78819444444443,481.2604166666667,106.69791666666669,32.746180555555554,1.590625,54.97777777777778,54.97777777777778,3,74,334.6048934108527,430.4424926035503,126.69791666666669,40.93272569444444,77.71180555555554,54.97777777777778,430.4424926035503,Severe,28.6476,77.3158
2023-03-15,Kolkata_Victoria_2023-10-01_2023-11-30,30.582971014492752,86.23985507246377,10.498576388888887,12.813152173913045,0.9361231884057972,74.09264492753623,74.09264492753623,3,74,,86.23985507246377,13.123220486111109,16.016440217391306,46.80615942028986,74.09264492753623,86.23985507246377,Satisfactory,22.5448,88.3426
2023-03-15,Mumbai_Bandra_2023-10-01_2023-11-30,,,,,,,,3,74,,,,,,,,Unknown,19.0544,72.8402
2023-03-16,Chennai_Alandur_2023-10-01_2023-11-30,38.611666666666665,59.39954861111111,19.632638888888888,18.785104166666667,1.33,14.899375,14.899375,3,75,63.86109195402298,59.39954861111111,24.54079861111111,23.48138020833333,63.52222222222223,14.899375,63.86109195402298,Satisfactory,13.0012,80.2014
2023-03-16,Delhi_AnandVihar_2023-10-01_2023-11-30,120.375,321.8645833333333,72.33333333333333,22.025,1.1195652173913044,38.74479166666666,38.74479166666666,3,75,,271.8645833333333,90.36752136752136,27.53125,52.06521739130435,38.74479166666666,271.8645833333333,Poor,28.6476,77.3158
2023-03-16,Kolkata_Victoria_2023-10-01_2023-11-30,39.35659722222223,72.37534722222222,10.518611111111111,7.066041666666667,0.6873958333333333,53.41,53.41,3,75,65.11976772030653,72.37534722222222,13.14826388888889,8.832552083333333,34.369791666666664,53.41,72.37534722222222,Satisfactory,22.5448,88.3426
2023-03-16,Mumbai_Bandra_2023-10-01_2023-11-30,,,,,,,,3,75,,,,,,,,Unknown,19.0544,72.8402
2023-03-17,Chennai_Alandur_2023-10-01_2023-11-30,47.10166666666667,72.48440972222222,14.968090277777778,22.093645833333337,1.482534722222222,18.163125,18.163125,3,76,78.20626436781609,72.48440972222222,18.710112847222224,27.617057291666672,71.82689043209875,18.163125,78.20626436781609,Satisfactory,13.0012,80.2014
2023-03-17,Delhi_AnandVihar_2023-10-01_2023-11-30,105.02083333333331,274.0416666666667,69.56666666666666,27.259375,1.70625,27.647916666666664,27.647916666666664,3,76,248.86422413793096,224.04166666666669,86.89145299145298,34.07421875,84.00694444444444,27.647916666666664,248.86422413793096,Poor,28.6476,77.3158
2023-03-17,Kolkata_Victoria_2023-10-01_2023-11-30,48.80303030303031,74.9409420289855,10.650138888888888,7.045555555555556,1.0471875,40.02236111111111,40.02236111111111,3,76,81.08098223615467,74.9409420289855,13.31267361111111,8.806944444444444,,40.02236111111111,81.08098223615467,Satisfactory,22.5448,88.3426
2023-03-17,Mumbai_Bandra_2023-10-01_2023-11-30,,,,,,,,3,76,,,,,,,,Unknown,19.0544,72.8402
2023-03-18,Chennai_Alandur_2023-10-01_2023-11-30,31.926111111111112,49.119062500000005,17.917430555555555,21.434270833333333,1.434236111111111,15.09972222222222,15.09972222222222,3,77,52.56480842911878,49.119062500000005,22.396788194444444,26.792838541666665,69.19729938271604,15.09972222222222,69.19729938271604,Satisfactory,13.0012,80.2014
2023-03-18,Delhi_AnandVihar_2023-10-01_2023-11-30,67.09375,127.71875,59.92395833333333,23.822916666666668,1.6354166666666667,21.73333333333333,21.73333333333333,3,77,121.80280172413794,118.75272651006712,74.77625534188034,29.778645833333336,80.15046296296296,21.73333333333333,121.80280172413794,Moderate,28.6476,77.3158
2023-03-18,Kolkata_Victoria_2023-10-01_2023-11-30,50.424019607843135,122.33442028985507,10.825277777777778,8.548159722222222,1.1565625,25.90454861111111,25.90454861111111,3,77,83.8198951994591,115.1752188503064,13.531597222222222,10.685199652777778,54.07951388888888,25.90454861111111,115.1752188503064,Moderate,22.5448,88.3426
2023-03-18,Mumbai_Bandra_2023-10-01_2023-11-30,,,,,,,,3,77,,,,,,,,Unknown,19.0544,72.8402
2023-03-19,Chennai_Alandur_2023-10-01_2023-11-30,31.009479166666665,47.70631944444444,15.232326388888888,18.82180555555556,1.491284722222222,14.72454861111111,14.72454861111111,3,78,51.0160165229885,47.70631944444444,19.04040798611111,23.52725694444445,72.30327932098764,14.72454861111111,72.30327932098764,Satisfactory,13.0012,80.2014
2023-03-19,Delhi_AnandVihar_2023-10-01_2023-11-30,108.65625,258.7708333333333,70.378125,28.34375,2.377083333333333,33.33645833333333,33.33645833333333,3,78,261.2747844827586,208.7708333333333,87.91097756410255,35.4296875,104.47231012658229,33.33645833333333,261.2747844827586,Poor,28.6476,77.3158
2023-03-19,Kolkata_Victoria_2023-10-01_2023-11-30,20.00108695652174,33.61521739130435,10.674930555555555,5.644513888888889,0.6354513888888889,23.338541666666668,23.338541666666668,3,78,33.335144927536234,33.61521739130435,13.343663194444444,7.055642361111111,31.772569444444443,23.338541666666668,33.61521739130435,Good,22.5448,88.3426
2023-03-19,Mumbai_Bandra_2023-10-01_2023-11-30,,,,,,,,3,78,,,,,,,,Unknown,19.0544,72.8402
2023-03-20,Chennai_Alandur_2023-10-01_2023-11-30,22.30715909090909,34.30965909090909,16.175189393939394,18.61405303030303,1.680416666666667,13.353787878787877,13.353787878787877,3,79,37.178598484848486,34.30965909090909,20.21898674242424,23.267566287878783,82.60046296296298,13.353787878787877,82.60046296296298,Satisfactory,13.0012,80.2014
2023-03-20,Delhi_AnandVihar_2023-10-01_2023-11-30,103.05208333333331,264.5833333333333,58.31098484848485,27.634523809523813,2.5375,30.21770833333333,30.21770833333333,3,79,242.1433189655172,214.5833333333333,72.74969891219891,34.543154761904766,106.48259493670886,30.21770833333333,242.1433189655172,Poor,28.6476,77.3158
2023-03-20,Kolkata_Victoria_2023-10-01_2023-11-30,15.68768115942029,25.41557971014493,10.739305555555555,6.548715277777777,0.6502083333333334,37.25711805555556,37.25711805555556,3,79,26.146135265700483,25.41557971014493,13.424131944444444,8.18589409722222,32.51041666666667,37.25711805555556,37.25711805555556,Good,22.5448,88.3426
2023-03-20,Mumbai_Bandra_2023-10-01_2023-11-30,,,,,,,,3,79,,,,,,,,Unknown,19.0544,72.8402
2023-03-21,Chennai_Alandur_2023-10-01_2023-11-30,30.25770833333333,46.54239583333333,15.698263888888889,19.93482638888889,1.3651041666666668,13.622465277777778,13.622465277777778,3,80,,46.54239583333333,19.62282986111111,24.918532986111117,65.43344907407408,13.622465277777778,65.43344907407408,Satisfactory,13.0012,80.2014
2023-03-21,Delhi_AnandVihar_2023-10-01_2023-11-30,68.85069444444444,159.77430555555557,53.825,26.65520833333333,1.89375,24.994791666666668,24.994791666666668,3,80,127.80064655172411,140.05138422818794,67.11346153846154,33.319010416666664,94.21527777777776,24.994791666666668,140.05138422818794,Moderate,28.6476,77.3158
2023-03-21,Kolkata_Victoria_2023-10-01_2023-11-30,29.5,57.15189393939394,10.844201388888887,8.361666666666666,0.9574305555555556,26.89210144927536,26.89210144927536,3,80,49.16666666666667,57.15189393939394,13.55525173611111,10.452083333333333,47.87152777777778,26.89210144927536,57.15189393939394,Satisfactory,22.5448,88.3426
2023-03-21,Mumbai_Bandra_2023-10-01_2023-11-30,,,,,,,,3,80,,,,,,,,Unknown,19.0544,72.8402
2023-03-22,Chennai_Alandur_2023-10-01_2023-11-30,23.68829861111111,36.44347222222222,13.049479166666666,17.421354166666667,1.2363541666666666,13.260694444444445,13.260694444444445,3,81,39.48049768518519,36.44347222222222,16.311848958333332,21.776692708333336,58.423726851851846,13.260694444444445,58.423726851851846,Satisfactory,13.0012,80.2014
2023-03-22,Delhi_AnandVihar_2023-10-01_2023-11-30,99.125,263.0416666666667,76.64999999999999,26.59340277777778,2.403125,30.76458333333333,30.76458333333333,3,81,228.73706896551724,213.04166666666669,95.79102564102564,33.24175347222222,104.79865506329114,30.76458333333333,228.73706896551724,Poor,28.6476,77.3158
2023-03-22,Kolkata_Victoria_2023-10-01_2023-11-30,42.81979166666667,78.31076388888889,11.143152173913045,14.445520833333331,0.8706597222222222,60.85815972222222,60.85815972222222,3,81,70.97137212643679,78.31076388888889,13.928940217391306,18.056901041666663,43.53298611111111,60.85815972222222,78.31076388888889,Satisfactory,22.5448,88.3426
2023-03-22,Mumbai_Bandra_2023-10-01_2023-11-30,,,,,,,,3,81,,,,,,,,Unknown,19.0544,72.8402
2023-03-23,Chennai_Alandur_2023-10-01_2023-11-30,21.77875,33.50545138888889,13.171631944444444,15.809131944444443,1.496388888888889,11.887222222222222,11.887222222222222,3,82,36.297916666666666,33.50545138888889,16.464539930555556,19.761414930555556,72.58117283950618,11.887222222222222,72.58117283950618,Satisfactory,13.0012,80.2014
2023-03-23,Delhi_AnandVihar_2023-10-01_2023-11-30,121.90972222222224,282.0208333333333,75.11875,27.552777777777777,2.7299242424242425,18.19375,18.19375,3,82,301.6981589147287,232.0208333333333,93.86714743589744,34.44097222222222,108.89398734177216,18.19375,301.6981589147287,Very Poor,28.6476,77.3158
2023-03-23,Kolkata_Victoria_2023-10-01_2023-11-30,31.04891304347826,61.31304347826087,11.064637681159422,8.165902777777777,0.7503125,49.96782608695652,49.96782608695652,3,82,51.082646176911545,61.31304347826087,13.830797101449278,10.20737847222222,37.515625,49.96782608695652,61.31304347826087,Satisfactory,22.5448,88.3426
2023-03-23,Mumbai_Bandra_2023-10-01_2023-11-30,,,,,,,,3,82,,,,,,,,Unknown,19.0544,72.8402
2023-03-24,Chennai_Alandur_2023-10-01_2023-11-30,31.38354166666667,48.282604166666665,14.892083333333334,18.846041666666668,1.34,13.7465625,13.7465625,3,83,51.648053160919545,48.282604166666665,18.61510416666667,23.55755208333333,64.06666666666666,13.7465625,64.06666666666666,Satisfactory,13.0012,80.2014
2023-03-24,Delhi_AnandVihar_2023-10-01_2023-11-30,127.63541666666669,247.79166666666663,66.24895833333333,28.68576388888889,2.93125,26.89021739130435,26.89021739130435,3,83,306.0922965116279,198.53271812080536,82.72305021367521,35.857204861111114,111.41693037974684,26.89021739130435,306.0922965116279,Very Poor,28.6476,77.3158
2023-03-24,Kolkata_Victoria_2023-10-01_2023-11-30,36.121180555555554,71.91215277777778,10.953055555555556,8.786215277777778,0.7682638888888889,64.16940972222223,64.16940972222223,3,83,59.65302921455938,71.91215277777778,13.691319444444446,10.982769097222222,38.41319444444444,64.16940972222223,71.91215277777778,Satisfactory,22.5448,88.3426
2023-03-24,Mumbai_Bandra_2023-10-01_2023-11-30,,,,,,,,3,83,,,,,,,,Unknown,19.0544,72.8402
2023-03-25,Chennai_Alandur_2023-10-01_2023-11-30,20.019513888888888,30.80055555555556,13.778576388888888,18.57239583333333,1.1828125,11.324548611111112,11.324548611111112,3,84,33.36585648148148,30.80055555555556,17.22322048611111,23.215494791666664,55.50868055555556,11.324548611111112,55.50868055555556,Satisfactory,13.0012,80.2014
2023-03-25,Delhi_AnandVihar_2023-10-01_2023-11-30,52.12847222222222,144.63541666666666,53.2375,28.273958333333336,2.413636363636364,21.73333333333333,21.73333333333333,3,84,86.69983237547893,129.9926593959731,66.37532051282051,35.34244791666667,104.93037974683544,21.73333333333333,129.9926593959731,Moderate,28.6476,77.3158
2023-03-25,Kolkata_Victoria_2023-10-01_2023-11-30,24.38402777777777,53.60416666666666,10.916805555555555,9.084305555555556,0.6237499999999999,41.179340277777776,41.179340277777776,3,84,40.64004629629628,53.60416666666666,13.646006944444444,11.355381944444446,31.1875,41.179340277777776,53.60416666666666,Satisfactory,22.5448,88.3426
2023-03-25,Mumbai_Bandra_2023-10-01_2023-11-30,,,,,,,,3,84,,,,,,,,Unknown,19.0544,72.8402
2023-03-26,Chennai_Alandur_2023-10-01_2023-11-30,20.747465277777778,31.88802083333333,13.005625,18.90798611111111,1.1010416666666667,11.176597222222222,11.176597222222222,3,85,34.579108796296296,31.88802083333333,16.25703125,23.63498263888889,51.05671296296296,11.176597222222222,51.05671296296296,Satisfactory,13.0012,80.2014
2023-03-26,Delhi_AnandVihar_2023-10-01_2023-11-30,102.59027777777776,226.5,71.60000000000001,29.0,2.778125,19.0,19.0,3,85,240.5668103448275,184.38590604026848,89.44615384615386,36.25,109.49802215189874,19.0,240.5668103448275,Poor,28.6476,77.3158
2023-03-26,Kolkata_Victoria_2023-10-01_2023-11-30,22.690972222222225,54.42743055555555,10.885590277777778,9.636666666666668,0.6132638888888889,45.24888888888889,45.24888888888889,3,85,37.818287037037045,54.42743055555555,13.606987847222223,12.045833333333336,30.663194444444446,45.24888888888889,54.42743055555555,Satisfactory,22.5448,88.3426
2023-03-26,Mumbai_Bandra_2023-10-01_2023-11-30,,,,,,,,3,85,,,,,,,,Unknown,19.0544,72.8402
2023-03-27,Chennai_Alandur_2023-10-01_2023-11-30,24.648298611111112,37.91975694444445,13.128229166666666,20.00645833333333,1.1822916666666667,12.630277777777778,12.630277777777778,3,86,41.08049768518519,37.91975694444445,16.41028645833333,25.008072916666663,55.48032407407408,12.630277777777778,55.48032407407408,Satisfactory,13.0012,80.2014
2023-03-27,Delhi_AnandVihar_2023-10-01_2023-11-30,82.10763888888889,169.5625,72.90208333333334,21.995289855072464,3.0968750000000003,19.86458333333333,19.86458333333333,3,86,173.05711206896552,146.55494966442953,91.0821047008547,27.49411231884058,113.4924841772152,19.86458333333333,173.05711206896552,Moderate,28.6476,77.3158
2023-03-27,Kolkata_Victoria_2023-10-01_2023-11-30,45.58611111111111,81.00659722222223,10.897083333333333,12.04920138888889,0.7835416666666667,59.23881944444445,59.23881944444445,3,86,75.64549808429118,81.00659722222223,13.621354166666666,15.061501736111111,39.177083333333336,59.23881944444445,81.00659722222223,Satisfactory,22.5448,88.3426
2023-03-27,Mumbai_Bandra_2023-10-01_2023-11-30,,,,,,,,3,86,,,,,,,,Unknown,19.0544,72.8402
2023-03-28,Chennai_Alandur_2023-10-01_2023-11-30,28.229791666666667,43.390972222222224,18.439409722222223,17.613055555555555,1.2226388888888888,12.452847222222225,12.452847222222225,3,87,47.04965277777778,43.390972222222224,23.04926215277778,22.01631944444444,57.6770061728395,12.452847222222225,57.6770061728395,Satisfactory,13.0012,80.2014
2023-03-28,Delhi_AnandVihar_2023-10-01_2023-11-30,81.77083333333333,205.04166666666663,86.56145833333333,17.079513888888886,3.4055555555555554,19.70208333333333,19.70208333333333,3,87,171.90732758620686,170.12835570469798,106.56145833333332,21.349392361111107,117.36075949367088,19.70208333333333,171.90732758620686,Moderate,28.6476,77.3158
2023-03-28,Kolkata_Victoria_2023-10-01_2023-11-30,44.058680555555554,80.8951388888889,10.98059027777778,11.277534722222224,0.7716319444444445,76.81163194444444,76.81163194444444,3,87,73.06466714559387,80.8951388888889,13.725737847222224,14.09691840277778,38.58159722222222,76.81163194444444,80.8951388888889,Satisfactory,22.5448,88.3426
2023-03-28,Mumbai_Bandra_2023-10-01_2023-11-30,,,,,,,,3,87,,,,,,,,Unknown,19.0544,72.8402
2023-03-29,Chennai_Alandur_2023-10-01_2023-11-30,33.61100694444445,51.71326388888889,14.054239130434782,20.99028985507246,1.2496527777777775,21.974166666666665,21.974166666666665,3,88,55.41170138888889,51.71326388888889,17.56779891304348,26.237862318840577,59.14776234567899,21.974166666666665,59.14776234567899,Satisfactory,13.0012,80.2014
2023-03-29,Delhi_AnandVihar_2023-10-01_2023-11-30,124.08333333333331,291.96875,94.26354166666664,19.235416666666666,3.6829166666666655,26.425,26.425,3,88,303.3662790697674,241.96875,114.26354166666664,24.04427083333333,120.83655063291138,26.425,303.3662790697674,Very Poor,28.6476,77.3158
2023-03-29,Kolkata_Victoria_2023-10-01_2023-11-30,23.38958333333333,51.54444444444445,11.077673611111113,6.428020833333334,0.57625,40.957430555555554,40.957430555555554,3,88,38.982638888888886,51.54444444444445,13.84709201388889,8.035026041666667,28.812500000000004,40.957430555555554,51.54444444444445,Satisfactory,22.5448,88.3426
2023-03-29,Mumbai_Bandra_2023-10-01_2023-11-30,,,,,,,,3,88,,,,,,,,Unknown,19.0544,72.8402
2023-03-30,Chennai_Alandur_2023-10-01_2023-11-30,39.83975,87.7275,22.85159722222222,12.42525,1.6324603174603174,12.992166666666668,12.992166666666668,3,89,65.93612931034482,87.7275,28.564496527777777,15.5315625,79.9895061728395,12.992166666666668,87.7275,Satisfactory,13.0012,80.2014
2023-03-30,Delhi_AnandVihar_2023-10-01_2023-11-30,99.1875,245.5520833333333,69.63125000000001,13.340972222222222,3.7409090909090894,30.304166666666664,30.304166666666664,3,89,228.9504310344828,197.04467281879192,86.97259615384615,16.67621527777778,121.56329113924048,30.304166666666664,228.9504310344828,Poor,28.6476,77.3158
2023-03-30,Kolkata_Victoria_2023-10-01_2023-11-30,22.03159722222222,50.28402777777777,11.079131944444445,5.776006944444444,0.5817361111111111,41.742152777777775,41.742152777777775,3,89,36.7193287037037,,13.848914930555557,7.220008680555555,29.08680555555556,41.742152777777775,41.742152777777775,Good,22.5448,88.3426
2023-03-30,Mumbai_Bandra_2023-10-01_2023-11-30,,,,,,,,3,89,,,,,,,,Unknown,19.0544,72.8402
2023-03-31,Chennai_Alandur_2023-10-01_2023-11-30,,62.064375000000005,48.47652777777778,2.1909375,2.405902777777778,8.507361111111111,8.507361111111111,3,90,,62.064375000000005,60.393586182336186,2.738671875,104.83346518987342,8.507361111111111,104.83346518987342,Moderate,13.0012,80.2014
2023-03-31,Delhi_AnandVihar_2023-10-01_2023-11-30,43.489583333333336,82.40625,52.84166666666667,16.900000000000002,3.731521739130435,22.78125,22.78125,3,90,72.10308908045977,82.40625,65.87799145299145,21.125000000000004,121.44565217391305,22.78125,121.44565217391305,Moderate,28.6476,77.3158
2023-03-31,Kolkata_Victoria_2023-10-01_2023-11-30,30.777430555555554,62.65277777777778,10.9459375,8.653854166666667,0.7467708333333333,60.92444444444445,60.92444444444445,3,90,,62.65277777777778,13.682421875,10.817317708333334,37.33854166666666,60.92444444444445,62.65277777777778,Satisfactory,22.5448,88.3426
2023-03-31,Mumbai_Bandra_2023-10-01_2023-11-30,,,,,,,,3,90,,,,,,,,Unknown,19.0544,72.8402
2023-04-01,Chennai_Alandur_2023-10-01_2023-11-30,,43.57670138888889,121.59527777777778,1.8105208333333327,1.7792361111111112,15.569722222222223,15.569722222222223,4,91,,43.57670138888889,141.59527777777777,2.263151041666666,87.9806327160494,15.569722222222223,141.59527777777777,Moderate,13.0012,80.2014
2023-04-01,Delhi_AnandVihar_2023-10-01_2023-11-30,54.45486111111112,136.02083333333334,58.677083333333336,17.681597222222223,3.824621212121212,25.589583333333334,25.589583333333334,4,91,90.63062739463604,124.26887583892618,73.20966880341881,22.10199652777778,122.6123417721519,25.589583333333334,124.26887583892618,Moderate,28.6476,77.3158
2023-04-01,Kolkata_Victoria_2023-10-01_2023-11-30,21.95798611111111,52.44409722222222,13.418076923076924,6.494062499999999,0.8285069444444444,47.662326388888886,47.662326388888886,4,91,36.59664351851852,52.44409722222222,16.772596153846155,8.117578125,41.42534722222222,47.662326388888886,52.44409722222222,Satisfactory,22.5448,88.3426
2023-04-01,Mumbai_Bandra_2023-10-01_2023-11-30,,,,,,,,4,91,,,,,,,,Unknown,19.0544,72.8402
2023-04-02,Chennai_Alandur_2023-10-01_2023-11-30,,36.20229166666667,41.60545138888889,1.9859375,1.5800694444444443,19.53524305555556,19.53524305555556,4,92,,36.20229166666667,51.76069533475784,2.482421875,77.13711419753085,19.53524305555556,77.13711419753085,Satisfactory,13.0012,80.2014
2023-04-02,Delhi_AnandVihar_2023-10-01_2023-11-30,93.22569444444444,260.0520833333333,76.24479166666667,18.898263888888888,4.225595238095238,26.188541666666666,26.188541666666666,4,92,208.5980603448276,210.0520833333333,95.28191773504274,23.62282986111111,127.63720614828208,26.188541666666666,210.0520833333333,Poor,28.6476,77.3158
2023-04-02,Kolkata_Victoria_2023-10-01_2023-11-30,21.58576388888889,53.136805555555554,9.974583333333332,10.5396875,0.7490625,63.95225694444445,63.95225694444445,4,92,35.97627314814815,53.136805555555554,12.468229166666664,13.174609375,37.453125,63.95225694444445,63.95225694444445,Satisfactory,22.5448,88.3426
2023-04-02,Mumbai_Bandra_2023-10-01_2023-11-30,,,,,,,,4,92,,,,,,,,Unknown,19.0544,72.8402
2023-04-03,Chennai_Alandur_2023-10-01_2023-11-30,,45.36416666666667,49.0121875,2.0797463768115945,1.4674652777777777,24.688333333333333,24.688333333333333,4,93,,45.36416666666667,61.06659455128205,2.5996829710144933,71.00644290123456,24.688333333333333,71.00644290123456,Satisfactory,13.0012,80.2014
2023-04-03,Delhi_AnandVihar_2023-10-01_2023-11-30,143.61458333333334,315.71875,75.35833333333333,13.208695652173914,4.131666666666667,25.06309523809524,25.06309523809524,4,93,318.35537790697674,265.71875,94.1681623931624,16.51086956521739,126.46012658227848,25.06309523809524,318.35537790697674,Very Poor,28.6476,77.3158
2023-04-03,Kolkata_Victoria_2023-10-01_2023-11-30,27.41111111111111,65.1517361111111,10.458506944444444,9.745416666666666,0.7854166666666668,75.58850694444445,75.58850694444445,4,93,45.68518518518519,65.1517361111111,13.073133680555555,12.181770833333331,39.270833333333336,75.58850694444445,75.58850694444445,Satisfactory,22.5448,88.3426
2023-04-03,Mumbai_Bandra_2023-10-01_2023-11-30,,,,,,,,4,93,,,,,,,,Unknown,19.0544,72.8402
2023-04-04,Chennai_Alandur_2023-10-01_2023-11-30,,31.800625,43.93732638888889,2.035978260869565,1.4995833333333335,21.70336805555556,21.70336805555556,4,94,,31.800625,54.69048700142451,2.5449728260869566,72.7550925925926,21.70336805555556,72.7550925925926,Satisfactory,13.0012,80.2014
2023-04-04,Delhi_AnandVihar_2023-10-01_2023-11-30,71.46180555555556,189.1458333333333,66.66041666666666,18.260416666666668,4.282407407407407,19.119791666666668,19.119791666666668,4,94,136.7144396551724,159.56669463087246,83.24001068376069,22.825520833333336,128.34915611814347,19.119791666666668,159.56669463087246,Moderate,28.6476,77.3158
2023-04-04,Kolkata_Victoria_2023-10-01_2023-11-30,26.021527777777777,59.3,10.68965277777778,5.736562500000001,0.6290277777777777,46.48173611111111,46.48173611111111,4,94,43.36921296296296,59.3,13.362065972222226,7.170703125000001,31.45138888888889,46.48173611111111,59.3,Satisfactory,22.5448,88.3426
2023-04-04,Mumbai_Bandra_2023-10-01_2023-11-30,,,,,,,,4,94,,,,,,,,Unknown,19.0544,72.8402
2023-04-05,Chennai_Alandur_2023-10-01_2023-11-30,27.110333333333337,38.038125,32.63576388888889,2.293993055555556,2.027534722222222,21.33909722222222,21.33909722222222,4,95,45.183888888888895,38.038125,40.79470486111112,2.8674913194444454,,21.33909722222222,45.183888888888895,Good,13.0012,80.2014
2023-04-05,Delhi_AnandVihar_2023-10-01_2023-11-30,72.30902777777779,196.09375,80.06979166666666,24.584722222222226,4.367307692307692,19.3375,19.3375,4,95,139.6066810344828,164.1830956375839,,30.730902777777786,129.41309639727362,19.3375,164.1830956375839,Moderate,28.6476,77.3158
2023-04-05,Kolkata_Victoria_2023-10-01_2023-11-30,36.61597222222222,80.99131944444444,9.397608695652174,9.021909722222222,0.9594097222222224,54.50972222222222,54.50972222222222,4,95,60.48905651340996,80.99131944444444,11.747010869565218,11.277387152777775,47.97048611111112,54.50972222222222,80.99131944444444,Satisfactory,22.5448,88.3426
2023-04-05,Mumbai_Bandra_2023-10-01_2023-11-30,,,,,,,,4,95,,,,,,,,Unknown,19.0544,72.8402
2023-04-06,Chennai_Alandur_2023-10-01_2023-11-30,24.07767361111111,37.04204861111111,37.29774305555556,2.284409722222222,2.21625,19.370034722222226,19.370034722222226,4,96,40.12945601851852,37.04204861111111,46.62217881944444,2.8555121527777776,102.45680379746835,19.370034722222226,102.45680379746835,Moderate,13.0012,80.2014
2023-04-06,Delhi_AnandVihar_2023-10-01_2023-11-30,48.17361111111112,145.07291666666666,69.00208333333333,16.98472222222222,4.432738095238095,20.121875,20.121875,4,96,80.0174808429119,130.28334731543623,86.1821047008547,21.23090277777777,130.23304701627487,20.121875,130.28334731543623,Moderate,28.6476,77.3158
2023-04-06,Kolkata_Victoria_2023-10-01_2023-11-30,53.43125,126.28506944444445,8.711597222222222,9.826944444444443,1.1055208333333333,64.51326388888889,64.51326388888889,4,96,88.9010775862069,117.80014681208054,10.889496527777778,12.283680555555554,51.3005787037037,64.51326388888889,117.80014681208054,Moderate,22.5448,88.3426
2023-04-06,Mumbai_Bandra_2023-10-01_2023-11-30,,,,,,,,4,96,,,,,,,,Unknown,19.0544,72.8402
2023-04-07,Chennai_Alandur_2023-10-01_2023-11-30,21.02013888888889,32.33788194444444,44.98798611111111,2.077673611111112,2.474618055555556,16.710868055555554,16.710868055555554,4,97,35.03356481481482,32.33788194444444,56.01054665242165,2.59709201388889,105.69458069620254,16.710868055555554,105.69458069620254,Moderate,13.0012,80.2014
2023-04-07,Delhi_AnandVihar_2023-10-01_2023-11-30,52.989583333333336,154.08333333333334,70.70416666666667,20.622222222222224,4.310833333333333,22.136458333333334,22.136458333333334,4,97,88.15481321839081,136.27013422818794,88.32061965811965,25.77777777777778,128.70537974683543,22.136458333333334,136.27013422818794,Moderate,28.6476,77.3158
2023-04-07,Kolkata_Victoria_2023-10-01_2023-11-30,47.60486111111111,105.83402777777776,10.416875,11.016805555555557,0.9460069444444444,73.59305555555555,73.59305555555555,4,97,79.05648946360154,104.21187080536912,13.02109375,13.771006944444446,47.30034722222222,73.59305555555555,104.21187080536912,Moderate,22.5448,88.3426
2023-04-07,Mumbai_Bandra_2023-10-01_2023-11-30,,,,,,,,4,97,,,,,,,,Unknown,19.0544,72.8402
2023-04-08,Chennai_Alandur_2023-10-01_2023-11-30,25.57263888888889,39.34354166666667,75.76076388888889,2.0921875,3.568298611111111,22.08190972222222,22.08190972222222,4,98,42.621064814814815,39.34354166666667,94.67378027065529,2.615234375,119.40019778481012,22.08190972222222,119.40019778481012,Moderate,13.0012,80.2014
2023-04-08,Delhi_AnandVihar_2023-10-01_2023-11-30,81.16666666666667,201.3958333333333,92.24791666666664,18.768402777777776,4.4125000000000005,21.690625,21.690625,4,98,169.84482758620692,167.7059563758389,112.24791666666664,23.46050347222222,129.97943037974684,21.690625,169.84482758620692,Moderate,28.6476,77.3158
2023-04-08,Kolkata_Victoria_2023-10-01_2023-11-30,51.80590277777778,121.290625,10.453784722222222,14.491284722222224,1.014861111111111,66.91868055555555,66.91868055555555,4,98,86.15480124521073,114.48169043624162,13.067230902777778,18.11410590277778,,66.91868055555555,114.48169043624162,Moderate,22.5448,88.3426
2023-04-08,Mumbai_Bandra_2023-10-01_2023-11-30,,,,,,,,4,98,,,,,,,,Unknown,19.0544,72.8402
2023-04-09,Chennai_Alandur_2023-10-01_2023-11-30,34.474375,53.03902777777778,89.72569444444444,2.0319927536231885,2.7810069444444445,22.898125,22.898125,4,99,56.87049568965517,53.03902777777778,109.72569444444444,2.539990942028986,109.53413765822783,22.898125,109.72569444444444,Moderate,13.0012,80.2014
2023-04-09,Delhi_AnandVihar_2023-10-01_2023-11-30,152.08333333333334,324.375,102.3375,20.226388888888888,,21.441666666666663,21.441666666666663,4,99,324.8546511627908,274.375,122.3375,25.28298611111111,,21.441666666666663,324.8546511627908,Very Poor,28.6476,77.3158
2023-04-09,Kolkata_Victoria_2023-10-01_2023-11-30,59.03125,126.68402777777776,10.372395833333334,12.314444444444446,1.1324652777777775,69.8396875,69.8396875,4,99,98.36314655172414,118.0652265100671,12.965494791666668,15.393055555555556,52.767554012345656,69.8396875,118.0652265100671,Moderate,22.5448,88.3426
2023-04-09,Mumbai_Bandra_2023-10-01_2023-11-30,,,,,,,,4,99,,,,,,,,Unknown,19.0544,72.8402
2023-04-10,Chennai_Alandur_2023-10-01_2023-11-30,43.23027777777778,66.50840277777777,77.76645833333333,2.5769565217391306,2.292638888888889,23.848298611111108,23.848298611111108,4,100,71.6649521072797,66.50840277777777,97.19375534188036,3.2211956521739133,103.41408227848102,23.848298611111108,103.41408227848102,Moderate,13.0012,80.2014
2023-04-10,Delhi_AnandVihar_2023-10-01_2023-11-30,136.82291666666666,340.5520833333333,109.38229166666667,17.711805555555554,3.333333333333333,21.38854166666667,21.38854166666667,4,100,313.1431686046512,290.5520833333333,129.38229166666667,22.139756944444443,116.45569620253164,21.38854166666667,313.1431686046512,Very Poor,28.6476,77.3158
2023-04-10,Kolkata_Victoria_2023-10-01_2023-11-30,63.59131944444445,135.88055555555556,10.99420138888889,10.725243055555556,1.0715972222222223,79.98878472222222,79.98878472222222,4,100,109.84622844827588,124.1756711409396,13.742751736111112,13.406553819444444,,79.98878472222222,124.1756711409396,Moderate,22.5448,88.3426
2023-04-10,Mumbai_Bandra_2023-10-01_2023-11-30,,,,,,,,4,100,,,,,,,,Unknown,19.0544,72.8402
2023-04-11,Chennai_Alandur_2023-10-01_2023-11-30,47.80666666666667,73.54868055555555,82.86163194444445,2.350108695652174,1.2840972222222222,30.266076388888887,30.266076388888887,4,101,79.39747126436782,73.54868055555555,102.86163194444444,2.937635869565218,61.02307098765432,30.266076388888887,102.86163194444444,Moderate,13.0012,80.2014
2023-04-11,Delhi_AnandVihar_2023-10-01_2023-11-30,160.35763888888889,330.4583333333333,105.6125,22.058680555555554,2.638541666666667,19.934375,19.934375,4,101,331.2046996124031,280.4583333333333,125.6125,27.573350694444443,107.74881329113924,19.934375,331.2046996124031,Very Poor,28.6476,77.3158
2023-04-11,Kolkata_Victoria_2023-10-01_2023-11-30,70.559375,142.51145833333334,10.961388888888887,12.430625,1.0967361111111111,64.59868055555556,64.59868055555556,4,101,133.63372844827586,128.58143875838925,13.70173611111111,15.53828125,,64.59868055555556,133.63372844827586,Moderate,22.5448,88.3426
2023-04-11,Mumbai_Bandra_2023-10-01_2023-11-30,,,,,,,,4,101,,,,,,,,Unknown,19.0544,72.8402
2023-04-12,Chennai_Alandur_2023-10-01_2023-11-30,59.87496527777778,92.11690972222222,96.68666666666668,1.8122569444444443,2.123784722222222,30.516875,30.516875,4,102,99.78873443486592,92.11690972222222,116.68666666666668,2.2653211805555555,101.29806170886076,30.516875,116.68666666666668,Moderate,13.0012,80.2014
2023-04-12,Delhi_AnandVihar_2023-10-01_2023-11-30,100.875,257.2604166666667,84.75,22.830902777777776,2.578125,19.51458333333333,19.51458333333333,4,102,234.7112068965517,207.26041666666669,104.75,28.53862847222222,106.99169303797468,19.51458333333333,234.7112068965517,Poor,28.6476,77.3158
2023-04-12,Kolkata_Victoria_2023-10-01_2023-11-30,60.23402777777778,108.5075,15.304563492063494,9.187881944444444,1.3183333333333334,50.45211805555556,50.45211805555556,4,102,,105.98820469798656,19.130704365079367,11.484852430555554,62.88703703703703,,105.98820469798656,Moderate,22.5448,88.3426
2023-04-12,Mumbai_Bandra_2023-10-01_2023-11-30,,,,,,,,4,102,,,,,,,,Unknown,19.0544,72.8402
2023-04-13,Chennai_Alandur_2023-10-01_2023-11-30,84.95232638888889,130.70194444444445,88.10729166666665,1.9013194444444448,2.6592708333333333,27.304826388888888,27.304826388888888,4,103,182.76828663793103,120.7348489932886,108.10729166666664,2.376649305555556,108.00858386075949,27.304826388888888,182.76828663793103,Moderate,13.0012,80.2014
2023-04-13,Delhi_AnandVihar_2023-10-01_2023-11-30,109.05208333333331,285.9479166666667,93.2673611111111,19.19930555555556,3.092013888888889,19.476041666666667,19.476041666666667,4,103,262.62607758620686,235.94791666666669,113.2673611111111,23.99913194444445,113.4315664556962,19.476041666666667,262.62607758620686,Poor,28.6476,77.3158
2023-04-13,Kolkata_Victoria_2023-10-01_2023-11-30,61.2858695652174,163.60250000000002,9.65434027777778,14.265416666666669,1.1157638888888888,75.72438405797102,75.72438405797102,4,103,101.97589955022492,142.59494966442955,12.067925347222223,17.831770833333337,51.858256172839496,75.72438405797102,142.59494966442955,Moderate,22.5448,88.3426
2023-04-13,Mumbai_Bandra_2023-10-01_2023-11-30,,,,,,,,4,103,,,,,,,,Unknown,19.0544,72.8402
2023-04-14,Chennai_Alandur_2023-10-01_2023-11-30,63.0121875,96.93677083333334,86.65788194444444,2.0149305555555554,2.700729166666666,26.886666666666667,26.886666666666667,4,104,107.86919181034484,96.93677083333334,106.65788194444444,2.518663194444444,108.528125,26.886666666666667,108.528125,Moderate,13.0012,80.2014
2023-04-14,Delhi_AnandVihar_2023-10-01_2023-11-30,118.01041666666669,277.3645833333333,112.56770833333331,16.720833333333335,2.8039855072463773,14.82017543859649,14.82017543859649,4,104,293.2079741379311,227.3645833333333,132.56770833333331,20.901041666666668,109.82209686296092,14.82017543859649,293.2079741379311,Poor,28.6476,77.3158
2023-04-14,Kolkata_Victoria_2023-10-01_2023-11-30,59.29027777777778,126.36284722222224,7.582881944444445,18.88986111111112,1.0518055555555554,67.15822916666667,67.15822916666667,4,104,98.8008141762452,117.85182466442954,9.478602430555556,23.6123263888889,,67.15822916666667,117.85182466442954,Moderate,22.5448,88.3426
2023-04-14,Mumbai_Bandra_2023-10-01_2023-11-30,,,,,,,,4,104,,,,,,,,Unknown,19.0544,72.8402
2023-04-15,Chennai_Alandur_2023-10-01_2023-11-30,51.74861111111111,79.61270833333333,70.53857638888888,1.942638888888889,2.466006944444445,27.03736111111111,27.03736111111111,4,105,86.05799808429119,79.61270833333333,88.11257033475783,2.428298611111112,105.58666930379748,27.03736111111111,105.58666930379748,Moderate,13.0012,80.2014
2023-04-15,Delhi_AnandVihar_2023-10-01_2023-11-30,147.02083333333334,342.5416666666667,142.65729166666668,23.26195652173913,2.953787878787878,23.3,23.3,4,105,320.96947674418607,292.5416666666667,162.65729166666668,29.077445652173918,111.6993670886076,23.3,320.96947674418607,Very Poor,28.6476,77.3158
2023-04-15,Kolkata_Victoria_2023-10-01_2023-11-30,63.99201388888889,125.1909722222222,6.016145833333333,7.700034722222223,0.9655902777777778,26.471666666666664,26.471666666666664,4,105,111.21411637931035,117.07319630872482,7.520182291666666,9.62504340277778,48.27951388888889,26.471666666666664,117.07319630872482,Moderate,22.5448,88.3426
2023-04-15,Mumbai_Bandra_2023-10-01_2023-11-30,,,,,,,,4,105,,,,,,,,Unknown,19.0544,72.8402
2023-04-16,Chennai_Alandur_2023-10-01_2023-11-30,55.23222222222222,84.97197916666666,57.220625000000005,2.069722222222222,2.485208333333333,34.89895833333333,34.89895833333333,4,106,91.94409961685824,84.97197916666666,71.37975961538461,2.5871527777777774,105.82729430379746,34.89895833333333,105.82729430379746,Moderate,13.0012,80.2014
2023-04-16,Delhi_AnandVihar_2023-10-01_2023-11-30,121.625,355.7604166666667,117.85,32.75694444444444,2.4815972222222222,24.05,24.05,4,106,301.4796511627907,306.965585443038,137.85,40.94618055555556,105.7820411392405,24.05,306.965585443038,Very Poor,28.6476,77.3158
2023-04-16,Kolkata_Victoria_2023-10-01_2023-11-30,52.73009259259259,160.1916666666667,6.689652777777778,5.734375,0.9140972222222222,,,4,106,87.71636334610471,140.3286912751678,8.362065972222222,7.16796875,45.70486111111112,,140.3286912751678,Moderate,22.5448,88.3426
2023-04-16,Mumbai_Bandra_2023-10-01_2023-11-30,,,,,,,,4,106,,,,,,,,Unknown,19.0544,72.8402
2023-04-17,Chennai_Alandur_2023-10-01_2023-11-30,66.45628472222222,102.23847222222224,72.17055555555555,2.35713768115942,2.0678819444444443,30.648645833333333,30.648645833333333,4,107,119.6266271551724,101.82287751677852,90.16300569800568,2.946422101449275,,30.648645833333333,119.6266271551724,Moderate,13.0012,80.2014
2023-04-17,Delhi_AnandVihar_2023-10-01_2023-11-30,132.25,383.03125,101.9296875,31.557291666666668,2.1475,34.40637254901961,34.40637254901961,4,107,309.6337209302326,341.1404272151899,121.9296875,39.446614583333336,101.59525316455696,34.40637254901961,341.1404272151899,Very Poor,28.6476,77.3158
2023-04-17,Kolkata_Victoria_2023-10-01_2023-11-30,45.06702898550725,128.7975,6.734097222222222,7.540555555555556,0.9031944444444444,46.84875,46.84875,4,107,74.76842828585708,119.46947986577185,8.417621527777778,9.425694444444444,45.15972222222222,46.84875,119.46947986577185,Moderate,22.5448,88.3426
2023-04-17,Mumbai_Bandra_2023-10-01_2023-11-30,,,,,,,,4,107,,,,,,,,Unknown,19.0544,72.8402
2023-04-18,Chennai_Alandur_2023-10-01_2023-11-30,54.24361111111111,83.45333333333333,60.23298611111111,2.2180208333333336,1.9556597222222225,24.488923611111108,24.488923611111108,4,108,90.2736877394636,83.45333333333333,75.164521011396,2.772526041666667,97.58591820987655,24.488923611111108,97.58591820987655,Satisfactory,13.0012,80.2014
2023-04-18,Delhi_AnandVihar_2023-10-01_2023-11-30,116.80434782608695,390.3020833333333,149.00833333333333,14.642361111111112,1.4795454545454545,32.339930555555554,32.339930555555554,4,108,289.09070464767615,350.25197784810126,169.00833333333333,18.30295138888889,71.66414141414141,32.339930555555554,350.25197784810126,Very Poor,28.6476,77.3158
2023-04-18,Kolkata_Victoria_2023-10-01_2023-11-30,46.02395833333333,111.09166666666664,6.1684722222222215,5.606770833333333,0.8164236111111111,45.918819444444445,45.918819444444445,4,108,76.38530890804597,107.70520134228188,7.710590277777777,7.008463541666666,40.82118055555555,45.918819444444445,107.70520134228188,Moderate,22.5448,88.3426
2023-04-18,Mumbai_Bandra_2023-10-01_2023-11-30,,,,,,,,4,108,,,,,,,,Unknown,19.0544,72.8402
2023-04-19,Chennai_Alandur_2023-10-01_2023-11-30,49.80572916666667,76.6225,61.689027777777774,2.307743055555556,2.287048611111111,25.3353125,25.3353125,4,109,82.77519755747127,76.6225,76.99390669515668,2.884678819444445,103.34402689873416,25.3353125,103.34402689873416,Moderate,13.0012,80.2014
2023-04-19,Delhi_AnandVihar_2023-10-01_2023-11-30,75.6875,283.1041666666667,102.121875,3.222222222222222,1.83125,18.742708333333333,18.742708333333333,4,109,151.14008620689654,233.10416666666669,122.121875,4.027777777777778,90.8125,18.742708333333333,233.10416666666669,Poor,28.6476,77.3158
2023-04-19,Kolkata_Victoria_2023-10-01_2023-11-30,39.079166666666666,91.32465277777776,5.3464583333333335,5.568020833333333,0.8070833333333334,45.80211805555555,45.80211805555555,4,109,64.65100574712643,91.32465277777776,6.683072916666667,6.960026041666666,40.35416666666667,45.80211805555555,91.32465277777776,Satisfactory,22.5448,88.3426
2023-04-19,Mumbai_Bandra_2023-10-01_2023-11-30,,,,,,,,4,109,,,,,,,,Unknown,19.0544,72.8402
2023-04-20,Chennai_Alandur_2023-10-01_2023-11-30,52.93840277777778,81.46833333333333,61.27690972222222,2.3065277777777777,2.1795138888888888,29.514166666666668,29.514166666666668,4,110,88.06833572796936,81.46833333333333,76.47611734330485,2.883159722222222,101.99643987341771,29.514166666666668,101.99643987341771,Moderate,13.0012,80.2014
2023-04-20,Delhi_AnandVihar_2023-10-01_2023-11-30,54.51041666666666,149.35416666666666,111.534375,3.124652777777777,2.154166666666667,11.88125,11.88125,4,110,90.72449712643676,133.12793624161074,131.534375,3.905815972222221,101.67879746835445,11.88125,133.12793624161074,Moderate,28.6476,77.3158
2023-04-20,Kolkata_Victoria_2023-10-01_2023-11-30,41.56342592592593,102.80087719298244,6.359298245614035,6.67462962962963,0.8231481481481482,42.98699074074074,42.98699074074074,4,110,68.8485472541507,102.19655598728365,7.949122807017543,8.343287037037037,41.15740740740741,42.98699074074074,102.19655598728365,Moderate,22.5448,88.3426
2023-04-20,Mumbai_Bandra_2023-10-01_2023-11-30,,,,,,,,4,110,,,,,,,,Unknown,19.0544,72.8402
2023-04-21,Chennai_Alandur_2023-10-01_2023-11-30,44.24006944444445,68.06739583333334,41.92701388888889,2.272028985507246,2.178368055555556,28.63184027777778,28.63184027777778,4,111,73.37115181992338,68.06739583333334,52.16470975783476,2.8400362318840577,101.98208069620252,28.63184027777778,101.98208069620252,Moderate,13.0012,80.2014
2023-04-21,Delhi_AnandVihar_2023-10-01_2023-11-30,48.66666666666666,203.41071428571428,82.87986111111111,10.736507936507936,1.860144927536232,19.78939393939394,19.78939393939394,4,111,80.85057471264366,169.044702780441,102.87986111111113,13.42063492063492,92.38566827697264,19.78939393939394,169.044702780441,Moderate,28.6476,77.3158
2023-04-21,Kolkata_Victoria_2023-10-01_2023-11-30,56.42986111111111,111.45833333333331,8.09320512820513,13.019615384615385,0.1980769230769231,37.37974358974359,37.37974358974359,4,111,93.96769636015324,107.94882550335568,10.116506410256411,16.27451923076923,9.903846153846157,37.37974358974359,107.94882550335568,Moderate,22.5448,88.3426
2023-04-21,Mumbai_Bandra_2023-10-01_2023-11-30,,,,,,,,4,111,,,,,,,,Unknown,19.0544,72.8402
2023-04-22,Chennai_Alandur_2023-10-01_2023-11-30,40.89715277777778,62.92145833333333,43.53541666666666,2.0,2.1541319444444444,23.20961805555556,23.20961805555556,4,112,67.72277538314177,62.92145833333333,54.1855235042735,2.5,101.67836234177216,23.20961805555556,101.67836234177216,Moderate,13.0012,80.2014
2023-04-22,Delhi_AnandVihar_2023-10-01_2023-11-30,51.06944444444445,180.72916666666663,72.31458333333333,20.971527777777776,0.7781250000000001,37.42916666666667,37.42916666666667,4,112,84.91044061302682,153.97441275167785,90.34396367521369,26.21440972222222,38.90625,37.42916666666667,153.97441275167785,Moderate,28.6476,77.3158
2023-04-22,Kolkata_Victoria_2023-10-01_2023-11-30,54.489236111111104,109.98506944444443,7.660729166666667,14.0515625,0.2095833333333333,62.27461805555555,62.27461805555555,4,112,90.68870929118772,106.96994546979865,9.575911458333334,17.564453125,10.479166666666664,62.27461805555555,106.96994546979865,Moderate,22.5448,88.3426
2023-04-22,Mumbai_Bandra_2023-10-01_2023-11-30,,,,,,,,4,112,,,,,,,,Unknown,19.0544,72.8402
2023-04-23,Chennai_Alandur_2023-10-01_2023-11-30,29.585625000000004,45.399791666666665,39.92951388888888,2.0,2.3035069444444445,21.18357638888889,21.18357638888889,4,113,49.30937500000001,45.399791666666665,49.9118923611111,2.5,103.55027689873418,21.18357638888889,103.55027689873418,Moderate,13.0012,80.2014
2023-04-23,Delhi_AnandVihar_2023-10-01_2023-11-30,31.87152777777777,157.21875,72.184375,19.549652777777776,0.5600694444444444,32.48125,32.48125,4,113,52.47258141762451,138.35339765100673,90.1803685897436,24.43706597222222,28.00347222222222,32.48125,138.35339765100673,Moderate,28.6476,77.3158
2023-04-23,Kolkata_Victoria_2023-10-01_2023-11-30,24.267013888888886,57.08263888888889,7.822604166666667,8.413993055555556,0.1201388888888888,65.03746527777777,65.03746527777777,4,113,40.44502314814815,57.08263888888889,9.778255208333334,10.517491319444446,6.006944444444439,65.03746527777777,65.03746527777777,Satisfactory,22.5448,88.3426
2023-04-23,Mumbai_Bandra_2023-10-01_2023-11-30,,,,,,,,4,113,,,,,,,,Unknown,19.0544,72.8402
2023-04-24,Chennai_Alandur_2023-10-01_2023-11-30,33.23489583333333,51.13104166666667,47.11298611111111,2.074340277777777,2.2110416666666666,20.00392361111111,20.00392361111111,4,114,54.7762033045977,51.13104166666667,58.68041844729345,2.5929253472222213,102.3915348101266,20.00392361111111,102.3915348101266,Moderate,13.0012,80.2014
2023-04-24,Delhi_AnandVihar_2023-10-01_2023-11-30,75.53819444444444,239.5520833333333,84.32395833333334,22.028125,0.716304347826087,35.081944444444446,35.081944444444446,4,114,150.63038793103448,193.05809563758385,104.32395833333334,27.53515625,35.81521739130435,35.081944444444446,193.05809563758385,Moderate,28.6476,77.3158
2023-04-24,Kolkata_Victoria_2023-10-01_2023-11-30,35.333333333333336,70.25643939393939,5.975108695652175,7.151992753623189,0.2837152777777778,34.17134057971015,34.17134057971015,4,114,58.321839080459775,70.25643939393939,7.468885869565218,8.939990942028986,14.18576388888889,34.17134057971015,70.25643939393939,Satisfactory,22.5448,88.3426
2023-04-24,Mumbai_Bandra_2023-10-01_2023-11-30,,,,,,,,4,114,,,,,,,,Unknown,19.0544,72.8402
2023-04-25,Chennai_Alandur_2023-10-01_2023-11-30,31.13795138888889,47.902638888888895,49.65284722222222,2.255208333333333,2.432430555555556,15.397083333333336,15.397083333333336,4,115,51.23309027777778,47.902638888888895,61.871525997151,2.819010416666666,105.16590189873418,15.397083333333336,105.16590189873418,Moderate,13.0012,80.2014
2023-04-25,Delhi_AnandVihar_2023-10-01_2023-11-30,65.26388888888889,181.35416666666663,77.84444444444445,21.62256944444444,0.9729166666666668,45.67916666666667,45.67916666666667,4,115,115.5560344827586,154.38968120805367,97.2917378917379,27.02821180555555,48.645833333333336,45.67916666666667,154.38968120805367,Moderate,28.6476,77.3158
2023-04-25,Kolkata_Victoria_2023-10-01_2023-11-30,45.97534722222222,92.271875,4.016521739130434,9.183901515151517,0.2998611111111111,35.7684375,35.7684375,4,115,76.3031728927203,92.271875,5.020652173913042,11.479876893939396,14.993055555555554,35.7684375,92.271875,Satisfactory,22.5448,88.3426
2023-04-25,Mumbai_Bandra_2023-10-01_2023-11-30,,,,,,,,4,115,,,,,,,,Unknown,19.0544,72.8402
2023-04-26,Chennai_Alandur_2023-10-01_2023-11-30,52.507013888888885,80.68888888888888,60.19927083333334,2.512753623188406,2.071736111111111,15.734756944444444,15.734756944444444,4,116,87.33943726053639,80.68888888888888,75.12216079059829,3.1409420289855072,,15.734756944444444,87.33943726053639,Satisfactory,13.0012,80.2014
2023-04-26,Delhi_AnandVihar_2023-10-01_2023-11-30,106.0625,279.1041666666667,117.34270833333332,21.51388888888889,1.7958333333333334,39.33541666666667,39.33541666666667,4,116,252.42025862068965,229.10416666666669,137.34270833333332,26.89236111111111,88.88425925925927,39.33541666666667,252.42025862068965,Poor,28.6476,77.3158
2023-04-26,Kolkata_Victoria_2023-10-01_2023-11-30,40.01423611111111,83.13923611111112,7.257569444444445,10.399479166666667,0.1811458333333333,42.10850694444444,42.10850694444444,4,116,66.23095067049809,83.13923611111112,9.071961805555556,12.999348958333334,9.057291666666666,42.10850694444444,83.13923611111112,Satisfactory,22.5448,88.3426
2023-04-26,Mumbai_Bandra_2023-10-01_2023-11-30,,,,,,,,4,116,,,,,,,,Unknown,19.0544,72.8402
2023-04-27,Chennai_Alandur_2023-10-01_2023-11-30,59.16524305555556,91.02583333333332,72.48104166666667,2.0,2.546493055555556,14.628020833333332,14.628020833333332,4,117,98.58954861111113,91.02583333333332,90.55310363247864,2.5,106.595292721519,14.628020833333332,106.595292721519,Moderate,13.0012,80.2014
2023-04-27,Delhi_AnandVihar_2023-10-01_2023-11-30,97.75,298.7604166666667,103.60104166666667,22.08263888888889,1.626736111111111,40.78194444444444,40.78194444444444,4,117,224.04310344827587,248.76041666666669,123.60104166666667,27.603298611111114,79.6778549382716,40.78194444444444,248.76041666666669,Poor,28.6476,77.3158
2023-04-27,Kolkata_Victoria_2023-10-01_2023-11-30,28.17048611111112,67.14652777777778,5.4902083333333325,5.411195652173913,0.2119444444444444,37.97807971014493,37.97807971014493,4,117,46.950810185185205,67.14652777777778,6.862760416666665,6.763994565217391,10.59722222222222,37.97807971014493,67.14652777777778,Satisfactory,22.5448,88.3426
2023-04-27,Mumbai_Bandra_2023-10-01_2023-11-30,,,,,,,,4,117,,,,,,,,Unknown,19.0544,72.8402
2023-04-28,Chennai_Alandur_2023-10-01_2023-11-30,39.71371527777777,61.09715277777778,67.425625,2.0,2.632222222222222,14.321493055555557,14.321493055555557,4,118,65.7231740900383,61.09715277777778,84.20142628205127,2.5,107.66962025316457,14.321493055555557,107.66962025316457,Moderate,13.0012,80.2014
2023-04-28,Delhi_AnandVihar_2023-10-01_2023-11-30,83.55902777777779,225.88541666666663,121.57291666666669,25.15173611111111,2.154166666666667,35.342708333333334,35.342708333333334,4,118,178.01185344827587,183.9775587248322,141.57291666666669,31.43967013888889,101.67879746835445,35.342708333333334,183.9775587248322,Moderate,28.6476,77.3158
2023-04-28,Kolkata_Victoria_2023-10-01_2023-11-30,30.915625,68.67013888888889,4.4528125,9.209270833333331,0.1986805555555555,33.89961805555556,33.89961805555556,4,118,,68.67013888888889,5.566015625,11.511588541666663,9.934027777777777,33.89961805555556,68.67013888888889,Satisfactory,22.5448,88.3426
2023-04-28,Mumbai_Bandra_2023-10-01_2023-11-30,,,,,,,,4,118,,,,,,,,Unknown,19.0544,72.8402
2023-04-29,Chennai_Alandur_2023-10-01_2023-11-30,38.85753472222222,59.78413194444445,51.876354166666665,2.0,2.3713194444444445,14.199027777777776,14.199027777777776,4,119,64.27652418582375,59.78413194444445,64.66516292735042,2.5,104.40007911392404,14.199027777777776,104.40007911392404,Moderate,13.0012,80.2014
2023-04-29,Delhi_AnandVihar_2023-10-01_2023-11-30,81.5,246.22916666666663,121.41041666666666,20.778125,2.678125,15.373958333333334,15.373958333333334,4,119,170.98275862068965,197.49454697986573,141.41041666666666,25.97265625,108.2448575949367,15.373958333333334,197.49454697986573,Moderate,28.6476,77.3158
2023-04-29,Kolkata_Victoria_2023-10-01_2023-11-30,30.821875,61.26631944444444,4.065729166666666,7.299791666666667,0.1575,46.37600694444444,46.37600694444444,4,119,,61.26631944444444,5.082161458333333,9.124739583333334,7.875,46.37600694444444,61.26631944444444,Satisfactory,22.5448,88.3426
2023-04-29,Mumbai_Bandra_2023-10-01_2023-11-30,,,,,,,,4,119,,,,,,,,Unknown,19.0544,72.8402
2023-04-30,Chennai_Alandur_2023-10-01_2023-11-30,32.423854166666665,49.88194444444445,52.88423611111111,2.0,1.8359027777777777,14.65673611111111,14.65673611111111,4,120,53.40582255747126,49.88194444444445,65.93147613960113,2.5,91.06581790123457,14.65673611111111,91.06581790123457,Satisfactory,13.0012,80.2014
2023-04-30,Delhi_AnandVihar_2023-10-01_2023-11-30,53.708333333333336,119.66666666666669,88.27604166666667,21.00520833333333,3.129861111111111,24.977083333333336,24.977083333333336,4,120,89.36925287356323,113.4026845637584,108.27604166666669,26.25651041666666,113.90585443037976,24.977083333333336,113.90585443037976,Moderate,28.6476,77.3158
2023-04-30,Kolkata_Victoria_2023-10-01_2023-11-30,24.61145833333333,55.82673611111111,4.918125,5.997395833333333,0.2085416666666666,39.97510416666667,39.97510416666667,4,120,41.01909722222222,55.82673611111111,6.14765625,7.496744791666666,10.42708333333333,39.97510416666667,55.82673611111111,Satisfactory,22.5448,88.3426
2023-04-30,Mumbai_Bandra_2023-10-01_2023-11-30,,,,,,,,4,120,,,,,,,,Unknown,19.0544,72.8402
2023-05-01,Chennai_Alandur_2023-10-01_2023-11-30,22.464131944444446,34.558437500000004,50.24047101449275,2.0,2.3833333333333333,14.347152777777778,14.347152777777778,5,121,37.44021990740741,34.558437500000004,62.60982255667037,2.5,104.5506329113924,14.347152777777778,104.5506329113924,Moderate,13.0012,80.2014
2023-05-01,Delhi_AnandVihar_2023-10-01_2023-11-30,47.96875,73.25,60.20757575757575,18.355208333333334,3.0722222222222224,16.39375,16.39375,5,121,79.67133620689656,73.25,75.13259518259518,22.944010416666668,113.18354430379748,16.39375,113.18354430379748,Moderate,28.6476,77.3158
2023-05-01,Kolkata_Victoria_2023-10-01_2023-11-30,30.648958333333336,63.300694444444446,3.865,6.9494444444444445,0.2167708333333333,23.01621527777778,23.01621527777778,5,121,,63.300694444444446,4.831250000000001,8.686805555555555,10.838541666666664,23.01621527777778,63.300694444444446,Satisfactory,22.5448,88.3426
2023-05-01,Mumbai_Bandra_2023-10-01_2023-11-30,,,,,,,,5,121,,,,,,,,Unknown,19.0544,72.8402
2023-05-02,Chennai_Alandur_2023-10-01_2023-11-30,16.104444444444443,24.771631944444447,52.15013888888888,2.1465277777777776,3.622934782608696,14.211284722222222,14.211284722222222,5,122,26.84074074074074,24.771631944444447,65.00914886039885,2.683159722222222,120.08487892129884,14.211284722222222,120.08487892129884,Moderate,13.0012,80.2014
2023-05-02,Delhi_AnandVihar_2023-10-01_2023-11-30,45.576388888888886,92.9375,55.71157407407408,16.73224637681159,2.4141304347826087,15.433333333333332,15.433333333333332,5,122,75.62907088122606,92.9375,69.48377255460589,20.91530797101449,104.93657127132636,15.433333333333332,104.93657127132636,Moderate,28.6476,77.3158
2023-05-02,Kolkata_Victoria_2023-10-01_2023-11-30,30.273958333333336,61.415625,5.035659722222222,11.1021875,0.1727083333333333,37.69868055555556,37.69868055555556,5,122,,61.415625,6.2945746527777775,13.877734375,8.635416666666664,37.69868055555556,61.415625,Satisfactory,22.5448,88.3426
2023-05-02,Mumbai_Bandra_2023-10-01_2023-11-30,,,,,,,,5,122,,,,,,,,Unknown,19.0544,72.8402
2023-05-03,Chennai_Alandur_2023-10-01_2023-11-30,36.75190972222222,56.54229166666667,91.9309375,2.1694097222222224,3.456215277777778,14.445208333333332,14.445208333333332,5,123,60.71874401340996,56.54229166666667,111.9309375,2.711762152777778,117.9956091772152,14.445208333333332,117.9956091772152,Moderate,13.0012,80.2014
2023-05-03,Delhi_AnandVihar_2023-10-01_2023-11-30,57.020833333333336,105.88541666666669,61.473958333333336,17.663541666666667,1.9427083333333333,19.04583333333333,19.04583333333333,5,123,94.96623563218392,104.24601510067116,76.72369123931624,22.079427083333336,96.88078703703704,19.04583333333333,104.24601510067116,Moderate,28.6476,77.3158
2023-05-03,Kolkata_Victoria_2023-10-01_2023-11-30,25.797569444444445,59.00972222222222,4.596979166666666,6.311840277777779,0.2040625,21.8409375,21.8409375,5,123,42.99594907407408,59.00972222222222,5.746223958333333,7.889800347222224,10.203125,21.8409375,59.00972222222222,Satisfactory,22.5448,88.3426
2023-05-03,Mumbai_Bandra_2023-10-01_2023-11-30,,,,,,,,5,123,,,,,,,,Unknown,19.0544,72.8402
2023-05-04,Chennai_Alandur_2023-10-01_2023-11-30,35.17430555555556,54.1125,88.97947916666668,2.687395833333333,2.546597222222222,16.495833333333334,16.495833333333334,5,124,58.05313697318009,54.1125,108.97947916666668,3.3592447916666663,106.59659810126584,16.495833333333334,108.97947916666668,Moderate,13.0012,80.2014
2023-05-04,Delhi_AnandVihar_2023-10-01_2023-11-30,84.83333333333333,180.6458333333333,93.06979166666667,21.983680555555555,2.1708333333333334,35.312152777777776,35.312152777777776,5,124,182.3620689655172,153.91904362416105,113.06979166666667,27.479600694444443,101.8876582278481,35.312152777777776,182.3620689655172,Moderate,28.6476,77.3158
2023-05-04,Kolkata_Victoria_2023-10-01_2023-11-30,17.133333333333333,44.18611111111111,3.606145833333333,6.951979166666667,0.2051041666666666,22.24423611111111,22.24423611111111,5,124,28.55555555555556,44.18611111111111,4.507682291666667,8.689973958333333,10.255208333333329,22.24423611111111,44.18611111111111,Good,22.5448,88.3426
2023-05-04,Mumbai_Bandra_2023-10-01_2023-11-30,,,,,,,,5,124,,,,,,,,Unknown,19.0544,72.8402
2023-05-05,Chennai_Alandur_2023-10-01_2023-11-30,40.63881944444445,62.52013888888889,72.84184027777778,2.8582638888888887,3.5046875,15.63847222222222,15.63847222222222,5,125,67.28628113026821,62.52013888888889,91.0064147079772,3.572829861111111,118.60304588607596,15.63847222222222,118.60304588607596,Moderate,13.0012,80.2014
2023-05-05,Delhi_AnandVihar_2023-10-01_2023-11-30,97.73958333333331,275.2395833333333,140.04791666666668,20.900347222222223,2.6595238095238094,16.017708333333335,16.017708333333335,5,125,224.0075431034482,225.2395833333333,160.04791666666668,26.12543402777778,108.01175406871609,16.017708333333335,225.2395833333333,Poor,28.6476,77.3158
2023-05-05,Kolkata_Victoria_2023-10-01_2023-11-30,24.744202898550725,52.50760869565217,6.804479166666667,7.978115942028985,0.1534090909090909,27.27677536231884,27.27677536231884,5,125,41.24033816425121,52.50760869565217,8.505598958333334,9.972644927536232,7.670454545454546,27.27677536231884,52.50760869565217,Satisfactory,22.5448,88.3426
2023-05-05,Mumbai_Bandra_2023-10-01_2023-11-30,,,,,,,,5,125,,,,,,,,Unknown,19.0544,72.8402
2023-05-06,Chennai_Alandur_2023-10-01_2023-11-30,36.67295138888889,56.42201388888889,89.95496527777777,2.7125,2.604513888888889,17.065034722222222,17.065034722222222,5,126,60.585331657088126,56.42201388888889,109.95496527777776,3.390625,107.32238924050633,17.065034722222222,109.95496527777776,Moderate,13.0012,80.2014
2023-05-06,Delhi_AnandVihar_2023-10-01_2023-11-30,137.16666666666666,391.53125,138.05173611111113,22.38514492753623,3.3027777777777776,10.364583333333334,10.364583333333334,5,126,313.40697674418607,351.79232594936707,158.05173611111113,27.98143115942029,116.07278481012658,10.364583333333334,351.79232594936707,Very Poor,28.6476,77.3158
2023-05-06,Kolkata_Victoria_2023-10-01_2023-11-30,38.641666666666666,74.96770833333333,6.821944444444444,9.566666666666666,0.2177777777777777,50.92201388888889,50.92201388888889,5,126,63.9117816091954,74.96770833333333,8.527430555555554,11.958333333333332,10.888888888888886,,74.96770833333333,Satisfactory,22.5448,88.3426
2023-05-06,Mumbai_Bandra_2023-10-01_2023-11-30,,,,,,,,5,126,,,,,,,,Unknown,19.0544,72.8402
2023-05-07,Chennai_Alandur_2023-10-01_2023-11-30,41.57868055555556,63.96378472222222,80.41034722222223,2.4246527777777778,2.793611111111112,19.68951388888889,19.68951388888889,5,127,68.87432231800767,63.96378472222222,,3.0308159722222223,109.69208860759495,19.68951388888889,109.69208860759495,Moderate,13.0012,80.2014
2023-05-07,Delhi_AnandVihar_2023-10-01_2023-11-30,77.11458333333333,249.875,120.51041666666669,17.421875,2.9228260869565217,15.629166666666668,15.629166666666668,5,127,156.01185344827584,199.91694630872485,140.51041666666669,21.77734375,111.31136488717668,15.629166666666668,199.91694630872485,Moderate,28.6476,77.3158
2023-05-07,Kolkata_Victoria_2023-10-01_2023-11-30,39.55555555555556,79.65902777777778,6.586944444444445,11.36888888888889,0.3304861111111111,42.80288194444445,42.80288194444445,5,127,65.455938697318,79.65902777777778,8.233680555555555,14.211111111111112,16.524305555555554,42.80288194444445,79.65902777777778,Satisfactory,22.5448,88.3426
2023-05-07,Mumbai_Bandra_2023-10-01_2023-11-30,,,,,,,,5,127,,,,,,,,Unknown,19.0544,72.8402
2023-05-08,Chennai_Alandur_2023-10-01_2023-11-30,40.14837719298246,61.760263157894734,71.5019298245614,1.7778508771929826,2.127894736842105,22.887881944444445,22.887881944444445,5,128,66.45760284331519,61.760263157894734,89.32293747188484,2.222313596491228,101.34956695536307,22.887881944444445,101.34956695536307,Moderate,13.0012,80.2014
2023-05-08,Delhi_AnandVihar_2023-10-01_2023-11-30,62.364583333333336,169.09375,101.765625,20.44861111111111,3.432608695652174,36.154710144927535,36.154710144927535,5,128,105.6584051724138,146.24349832214764,121.765625,25.56076388888889,117.699779856907,36.154710144927535,146.24349832214764,Moderate,28.6476,77.3158
2023-05-08,Kolkata_Victoria_2023-10-01_2023-11-30,40.7375,76.375,7.237569444444444,13.39482638888889,0.3495833333333333,40.15413194444445,40.15413194444445,5,128,67.45301724137931,76.375,9.046961805555554,16.743532986111113,17.479166666666664,40.15413194444445,76.375,Satisfactory,22.5448,88.3426
2023-05-08,Mumbai_Bandra_2023-10-01_2023-11-30,,,,,,,,5,128,,,,,,,,Unknown,19.0544,72.8402
2023-05-09,Chennai_Alandur_2023-10-01_2023-11-30,,,,,,19.07732638888889,19.07732638888889,5,129,,,,,,19.07732638888889,19.07732638888889,Good,13.0012,80.2014
2023-05-09,Delhi_AnandVihar_2023-10-01_2023-11-30,110.48188405797102,323.10869565217394,149.73402777777778,27.288541666666664,3.0995098039215687,34.369166666666665,34.369166666666665,5,129,267.50712143928035,273.10869565217394,169.73402777777778,34.11067708333333,113.52550260610572,34.369166666666665,273.10869565217394,Poor,28.6476,77.3158
2023-05-09,Kolkata_Victoria_2023-10-01_2023-11-30,44.86979166666666,92.32743055555557,6.318055555555556,10.304097222222223,0.2917361111111111,44.14673611111112,44.14673611111112,5,129,74.43516522988504,92.32743055555557,7.897569444444445,12.88012152777778,14.586805555555554,44.14673611111112,92.32743055555557,Satisfactory,22.5448,88.3426
2023-05-09,Mumbai_Bandra_2023-10-01_2023-11-30,,,,,,,,5,129,,,,,,,,Unknown,19.0544,72.8402
2023-05-10,Chennai_Alandur_2023-10-01_2023-11-30,,,39.219791666666666,,,18.81600694444444,18.81600694444444,5,130,,,49.02473958333333,,,18.81600694444444,49.02473958333333,Good,13.0012,80.2014
2023-05-10,Delhi_AnandVihar_2023-10-01_2023-11-30,94.4861111111111,253.8125,155.84270833333332,26.025347222222223,2.538492063492064,22.626041666666666,22.626041666666666,5,130,212.90086206896547,203.8125,175.84270833333332,32.53168402777778,106.49502712477396,22.626041666666666,212.90086206896547,Poor,28.6476,77.3158
2023-05-10,Kolkata_Victoria_2023-10-01_2023-11-30,34.72083333333334,73.00416666666666,6.455312500000001,7.818368055555555,0.2241666666666666,36.0828125,36.0828125,5,130,57.28692528735633,73.00416666666666,8.069140625000001,9.772960069444444,11.20833333333333,36.0828125,73.00416666666666,Satisfactory,22.5448,88.3426
2023-05-10,Mumbai_Bandra_2023-10-01_2023-11-30,,,,,,,,5,130,,,,,,,,Unknown,19.0544,72.8402
2023-05-11,Chennai_Alandur_2023-10-01_2023-11-30,,,54.86392361111111,,,21.48767361111111,21.48767361111111,5,131,,,68.41877581908832,,,21.48767361111111,68.41877581908832,Satisfactory,13.0012,80.2014
2023-05-11,Delhi_AnandVihar_2023-10-01_2023-11-30,169.9673913043478,443.0217391304348,202.8579710144928,31.577536231884057,2.842948717948718,20.50217391304348,20.50217391304348,5,131,338.579625884732,408.0423205556985,222.8579710144928,39.47192028985507,110.3103700097371,20.50217391304348,408.0423205556985,Severe,28.6476,77.3158
2023-05-11,Kolkata_Victoria_2023-10-01_2023-11-30,27.552777777777777,62.2,6.170243055555556,6.580069444444445,0.2578819444444444,31.941354166666667,31.941354166666667,5,131,45.9212962962963,62.2,7.712803819444445,8.225086805555556,12.89409722222222,31.941354166666667,62.2,Satisfactory,22.5448,88.3426
2023-05-11,Mumbai_Bandra_2023-10-01_2023-11-30,,,,,,,,5,131,,,,,,,,Unknown,19.0544,72.8402
2023-05-12,Chennai_Alandur_2023-10-01_2023-11-30,,,145.58347222222224,,,20.773229166666667,20.773229166666667,5,132,,,165.58347222222224,,,20.773229166666667,165.58347222222224,Moderate,13.0012,80.2014
2023-05-12,Delhi_AnandVihar_2023-10-01_2023-11-30,126.05208333333331,368.1666666666667,203.05173611111115,25.47951388888889,3.518333333333333,30.478472222222223,30.478472222222223,5,132,304.87718023255815,322.51265822784814,223.05173611111115,31.84939236111111,118.77405063291138,30.478472222222223,322.51265822784814,Very Poor,28.6476,77.3158
2023-05-12,Kolkata_Victoria_2023-10-01_2023-11-30,23.00625,55.52291666666667,6.531701388888888,5.3443402777777775,0.2275,19.082118055555554,19.082118055555554,5,132,38.34375000000001,55.52291666666667,8.16462673611111,6.680425347222222,11.375,19.082118055555554,55.52291666666667,Satisfactory,22.5448,88.3426
2023-05-12,Mumbai_Bandra_2023-10-01_2023-11-30,,,,,,,,5,132,,,,,,,,Unknown,19.0544,72.8402
2023-05-13,Chennai_Alandur_2023-10-01_2023-11-30,,,60.49659722222222,,,16.12097222222222,16.12097222222222,5,133,,,75.49572471509971,,,16.12097222222222,75.49572471509971,Satisfactory,13.0012,80.2014
2023-05-13,Delhi_AnandVihar_2023-10-01_2023-11-30,137.90625,333.80434782608694,163.015625,28.51076388888889,2.8354166666666667,39.567708333333336,39.567708333333336,5,133,313.9745639534884,283.80434782608694,183.015625,35.638454861111114,110.21598101265825,39.567708333333336,313.9745639534884,Very Poor,28.6476,77.3158
2023-05-13,Kolkata_Victoria_2023-10-01_2023-11-30,21.96423611111111,52.69583333333333,6.3446875,5.447222222222223,0.1992708333333333,30.125486111111112,30.125486111111112,5,133,36.60706018518518,52.69583333333333,7.930859375,6.809027777777779,9.963541666666666,30.125486111111112,52.69583333333333,Satisfactory,22.5448,88.3426
2023-05-13,Mumbai_Bandra_2023-10-01_2023-11-30,,,,,,,,5,133,,,,,,,,Unknown,19.0544,72.8402
2023-05-14,Chennai_Alandur_2023-10-01_2023-11-30,,,80.94493055555556,,,17.424652777777776,17.424652777777776,5,134,,,,,,17.424652777777776,17.424652777777776,Good,13.0012,80.2014
2023-05-14,Delhi_AnandVihar_2023-10-01_2023-11-30,129.16666666666666,333.6458333333333,154.67499999999998,33.037121212121214,3.036538461538462,28.07976190476191,28.07976190476191,5,134,307.2674418604651,283.6458333333333,174.67499999999998,41.29640151515152,112.73636806231744,28.07976190476191,307.2674418604651,Very Poor,28.6476,77.3158
2023-05-14,Kolkata_Victoria_2023-10-01_2023-11-30,32.54236111111111,80.4357638888889,6.651423611111111,5.939166666666666,0.1643055555555555,51.95375000000001,51.95375000000001,5,134,53.606058429118775,80.4357638888889,8.31427951388889,7.423958333333332,8.215277777777775,51.95375000000001,80.4357638888889,Satisfactory,22.5448,88.3426
2023-05-14,Mumbai_Bandra_2023-10-01_2023-11-30,,,,,,,,5,134,,,,,,,,Unknown,19.0544,72.8402
2023-05-15,Chennai_Alandur_2023-10-01_2023-11-30,67.75178571428572,104.23511904761904,71.03975694444445,0.8576190476190476,4.073809523809524,18.64680555555556,18.64680555555556,5,135,124.04919950738918,103.14950862895492,88.74225872507122,1.0720238095238095,125.73508137432188,18.64680555555556,125.73508137432188,Moderate,13.0012,80.2014
2023-05-15,Delhi_AnandVihar_2023-10-01_2023-11-30,40.27272727272727,188.5833333333333,123.73636363636363,27.097916666666663,1.7,17.888636363636365,17.888636363636365,5,135,66.66771159874608,159.1929530201342,143.73636363636365,33.87239583333333,83.66666666666666,17.888636363636365,159.1929530201342,Moderate,28.6476,77.3158
2023-05-15,Kolkata_Victoria_2023-10-01_2023-11-30,30.219444444444445,84.50798611111111,6.8825,7.00358695652174,0.2781944444444444,40.10239583333333,40.10239583333333,5,135,,84.50798611111111,8.603125,8.754483695652176,13.90972222222222,40.10239583333333,84.50798611111111,Satisfactory,22.5448,88.3426
2023-05-15,Mumbai_Bandra_2023-10-01_2023-11-30,,,,,,,,5,135,,,,,,,,Unknown,19.0544,72.8402
2023-05-16,Chennai_Alandur_2023-10-01_2023-11-30,58.55763888888888,90.09086805555556,59.58677083333333,2.443576388888889,2.3485416666666667,21.460798611111112,21.460798611111112,5,136,97.5629070881226,90.09086805555556,74.352609508547,3.054470486111111,104.11463607594936,21.460798611111112,104.11463607594936,Moderate,13.0012,80.2014
2023-05-16,Delhi_AnandVihar_2023-10-01_2023-11-30,180.1770833333333,558.5238095238095,104.43819444444443,26.4,1.9769230769230768,16.159027777777776,16.159027777777776,5,136,346.4149709302325,475.7032967032967,124.43819444444443,33.0,98.74358974358974,16.159027777777776,475.7032967032967,Severe,28.6476,77.3158
2023-05-16,Kolkata_Victoria_2023-10-01_2023-11-30,27.85763888888889,70.52986111111112,9.01693181818182,5.664246031746032,0.2684027777777777,41.06626811594202,41.06626811594202,5,136,46.42939814814815,70.52986111111112,11.271164772727277,7.08030753968254,13.420138888888886,41.06626811594202,70.52986111111112,Satisfactory,22.5448,88.3426
2023-05-16,Mumbai_Bandra_2023-10-01_2023-11-30,,,,,,,,5,136,,,,,,,,Unknown,19.0544,72.8402
2023-05-17,Chennai_Alandur_2023-10-01_2023-11-30,61.13989130434783,94.06384057971016,95.85467391304348,2.6269565217391304,3.4019927536231886,18.716594202898552,18.716594202898552,5,137,101.477559970015,94.06384057971016,115.85467391304348,3.283695652173913,117.3161117226197,18.716594202898552,117.3161117226197,Moderate,13.0012,80.2014
2023-05-17,Delhi_AnandVihar_2023-10-01_2023-11-30,100.4548611111111,337.59375,120.38958333333332,24.084375,1.1746376811594204,13.097916666666668,13.097916666666668,5,137,233.2769396551724,287.59375,140.38958333333332,30.10546875,55.06360708534621,13.097916666666668,287.59375,Poor,28.6476,77.3158
2023-05-17,Kolkata_Victoria_2023-10-01_2023-11-30,22.93611111111112,58.053125,11.221666666666666,4.585798611111112,0.1423958333333333,37.44680555555556,37.44680555555556,5,137,38.22685185185187,58.053125,14.027083333333332,5.7322482638888905,7.119791666666665,37.44680555555556,58.053125,Satisfactory,22.5448,88.3426
2023-05-17,Mumbai_Bandra_2023-10-01_2023-11-30,,,,,,,,5,137,,,,,,,,Unknown,19.0544,72.8402
2023-05-18,Chennai_Alandur_2023-10-01_2023-11-30,44.02041666666667,67.72263888888888,19.58388888888889,2.4256597222222225,4.511805555555555,16.82545138888889,16.82545138888889,5,138,73.00001436781609,67.72263888888888,24.479861111111116,3.032074652777778,131.22389240506328,16.82545138888889,131.22389240506328,Moderate,13.0012,80.2014
2023-05-18,Delhi_AnandVihar_2023-10-01_2023-11-30,48.638888888888886,176.91666666666666,86.79618055555557,18.784027777777776,1.8520833333333333,22.48125,22.48125,5,138,80.8036398467433,151.44127516778522,106.79618055555557,23.48003472222222,91.94675925925928,22.48125,151.44127516778522,Moderate,28.6476,77.3158
2023-05-18,Kolkata_Victoria_2023-10-01_2023-11-30,15.15625,41.43993055555556,6.351493055555555,4.546805555555555,0.134375,37.279270833333335,37.279270833333335,5,138,25.260416666666668,41.43993055555556,7.939366319444444,5.683506944444444,6.71875,37.279270833333335,41.43993055555556,Good,22.5448,88.3426
2023-05-18,Mumbai_Bandra_2023-10-01_2023-11-30,,,,,,,,5,138,,,,,,,,Unknown,19.0544,72.8402
2023-05-19,Chennai_Alandur_2023-10-01_2023-11-30,46.34590277777778,71.30083333333333,224.2541304347826,2.915833333333333,4.291354166666667,17.934305555555557,17.934305555555557,5,139,76.92928400383143,71.30083333333333,244.2541304347826,3.6447916666666655,128.4612737341772,17.934305555555557,244.2541304347826,Poor,13.0012,80.2014
2023-05-19,Delhi_AnandVihar_2023-10-01_2023-11-30,90.2326388888889,234.34375,128.58194444444445,26.634375,2.50625,23.177777777777777,23.177777777777777,5,139,,189.59752516778525,148.58194444444445,33.29296875,106.09098101265825,23.177777777777777,189.59752516778525,Moderate,28.6476,77.3158
2023-05-19,Kolkata_Victoria_2023-10-01_2023-11-30,24.094791666666666,59.73194444444445,6.5496875,4.750451388888889,0.14875,39.02621527777778,39.02621527777778,5,139,40.15798611111112,59.73194444444445,8.187109375,5.938064236111112,7.4375,39.02621527777778,59.73194444444445,Satisfactory,22.5448,88.3426
2023-05-19,Mumbai_Bandra_2023-10-01_2023-11-30,,,,,,,,5,139,,,,,,,,Unknown,19.0544,72.8402
2023-05-20,Chennai_Alandur_2023-10-01_2023-11-30,45.39729166666667,69.81545138888889,102.00493055555556,2.143784722222222,3.5362500000000003,18.43107638888889,18.43107638888889,5,140,75.32645833333333,69.81545138888889,122.00493055555556,2.6797309027777776,118.9985759493671,18.43107638888889,122.00493055555556,Moderate,13.0012,80.2014
2023-05-20,Delhi_AnandVihar_2023-10-01_2023-11-30,106.26041666666669,265.1875,163.25104166666668,33.8235294117647,2.597916666666667,19.96875,19.96875,5,140,253.09590517241384,215.1875,183.25104166666668,42.27941176470588,107.23971518987342,19.96875,253.09590517241384,Poor,28.6476,77.3158
2023-05-20,Kolkata_Victoria_2023-10-01_2023-11-30,26.044565217391305,61.89021739130435,6.73840579710145,6.32025,0.2090151515151515,40.601159420289854,40.601159420289854,5,140,43.40760869565218,61.89021739130435,8.423007246376812,7.9003125,10.450757575757574,40.601159420289854,61.89021739130435,Satisfactory,22.5448,88.3426
2023-05-20,Mumbai_Bandra_2023-10-01_2023-11-30,,,,,,,,5,140,,,,,,,,Unknown,19.0544,72.8402
2023-05-21,Chennai_Alandur_2023-10-01_2023-11-30,44.07336805555556,67.80381944444444,81.17673611111111,2.0371527777777776,3.890151515151515,17.648854166666666,17.648854166666666,5,141,73.0894839559387,67.80381944444444,101.17673611111113,2.546440972222222,123.43354430379746,17.648854166666666,123.43354430379746,Moderate,13.0012,80.2014
2023-05-21,Delhi_AnandVihar_2023-10-01_2023-11-30,116.11458333333331,329.2604166666667,192.06944444444449,19.621666666666663,1.0555555555555556,28.32604166666667,28.32604166666667,5,141,286.7359913793103,279.2604166666667,212.06944444444449,24.52708333333333,,28.32604166666667,286.7359913793103,Poor,28.6476,77.3158
2023-05-21,Kolkata_Victoria_2023-10-01_2023-11-30,31.040625,74.95729166666666,6.277013888888889,4.886979166666667,0.3716666666666666,29.48482638888889,29.48482638888889,5,141,51.06864224137931,74.95729166666666,7.846267361111111,6.108723958333334,18.58333333333333,29.48482638888889,74.95729166666666,Satisfactory,22.5448,88.3426
2023-05-21,Mumbai_Bandra_2023-10-01_2023-11-30,,,,,,,,5,141,,,,,,,,Unknown,19.0544,72.8402
2023-05-22,Chennai_Alandur_2023-10-01_2023-11-30,42.8984375,65.99954861111111,56.41041666666666,2.1722916666666667,5.295972222222223,16.558645833333333,16.558645833333333,5,142,71.10425646551724,65.99954861111111,70.36180555555555,2.7153645833333333,141.05079113924052,16.558645833333333,141.05079113924052,Moderate,13.0012,80.2014
2023-05-22,Delhi_AnandVihar_2023-10-01_2023-11-30,89.34375,318.4791666666667,143.8138888888889,34.665740740740745,1.05,14.170138888888893,14.170138888888893,5,142,197.7596982758621,268.4791666666667,163.8138888888889,43.33217592592593,,14.170138888888893,268.4791666666667,Poor,28.6476,77.3158
2023-05-22,Kolkata_Victoria_2023-10-01_2023-11-30,24.008333333333336,63.07173913043479,6.535173611111111,4.781701388888889,0.3716666666666666,36.80756944444445,36.80756944444445,5,142,40.01388888888889,63.07173913043479,8.168967013888889,5.977126736111112,18.58333333333333,36.80756944444445,63.07173913043479,Satisfactory,22.5448,88.3426
2023-05-22,Mumbai_Bandra_2023-10-01_2023-11-30,,,,,,,,5,142,,,,,,,,Unknown,19.0544,72.8402
2023-05-23,Chennai_Alandur_2023-10-01_2023-11-30,44.14527777777778,67.91809027777778,49.45305555555556,2.369861111111111,4.1796875,19.534166666666668,19.534166666666668,5,143,73.21098659003832,67.91809027777778,61.6205056980057,2.962326388888889,127.06190664556962,19.534166666666668,127.06190664556962,Moderate,13.0012,80.2014
2023-05-23,Delhi_AnandVihar_2023-10-01_2023-11-30,59.72222222222222,295.46875,111.7076388888889,23.08531746031746,,14.628125,14.628125,5,143,99.53065134099616,245.46875,131.70763888888888,28.856646825396822,,14.628125,245.46875,Poor,28.6476,77.3158
2023-05-23,Kolkata_Victoria_2023-10-01_2023-11-30,27.7125,75.94027777777778,6.336562499999999,4.947708333333334,0.4843402777777777,48.96156250000001,48.96156250000001,5,143,46.1875,75.94027777777778,7.920703124999999,6.184635416666668,24.21701388888889,48.96156250000001,75.94027777777778,Satisfactory,22.5448,88.3426
2023-05-23,Mumbai_Bandra_2023-10-01_2023-11-30,,,,,,,,5,143,,,,,,,,Unknown,19.0544,72.8402
2023-05-24,Chennai_Alandur_2023-10-01_2023-11-30,48.36020833333333,74.40222222222222,75.94170138888889,2.8311458333333337,3.183159722222222,19.08142361111111,19.08142361111111,5,144,80.3327658045977,74.40222222222222,94.90111200142452,3.5389322916666672,114.5737737341772,19.08142361111111,114.5737737341772,Moderate,13.0012,80.2014
2023-05-24,Delhi_AnandVihar_2023-10-01_2023-11-30,24.89130434782609,138.6818181818182,106.959375,16.198958333333334,,11.777083333333335,11.777083333333335,5,144,41.48550724637682,126.03691275167786,126.959375,20.248697916666668,,11.777083333333335,126.959375,Moderate,28.6476,77.3158
2023-05-24,Kolkata_Victoria_2023-10-01_2023-11-30,20.315625,49.68923611111112,6.486944444444444,4.936944444444444,0.3628472222222221,41.32565972222222,41.32565972222222,5,144,33.859375,49.68923611111112,8.108680555555555,6.171180555555555,18.142361111111104,41.32565972222222,49.68923611111112,Good,22.5448,88.3426
2023-05-24,Mumbai_Bandra_2023-10-01_2023-11-30,,,,,,,,5,144,,,,,,,,Unknown,19.0544,72.8402
2023-05-25,Chennai_Alandur_2023-10-01_2023-11-30,46.53465277777778,71.5904861111111,84.43465277777777,2.353993055555556,3.587708333333333,17.251458333333332,17.251458333333332,5,145,77.24820641762452,71.5904861111111,104.43465277777776,2.942491319444445,119.6434335443038,17.251458333333332,119.6434335443038,Moderate,13.0012,80.2014
2023-05-25,Delhi_AnandVihar_2023-10-01_2023-11-30,27.635416666666668,168.05208333333334,154.51458333333332,16.372569444444444,,13.40625,13.40625,5,145,46.05902777777778,145.55138422818794,174.51458333333332,20.46571180555556,,13.40625,174.51458333333332,Moderate,28.6476,77.3158
2023-05-25,Kolkata_Victoria_2023-10-01_2023-11-30,23.455681818181816,57.4810606060606,6.3498245614035085,6.049444444444444,0.3197916666666666,44.7925,44.7925,5,145,39.09280303030303,57.4810606060606,7.937280701754386,7.561805555555555,15.989583333333329,44.7925,57.4810606060606,Satisfactory,22.5448,88.3426
2023-05-25,Mumbai_Bandra_2023-10-01_2023-11-30,,,,,,,,5,145,,,,,,,,Unknown,19.0544,72.8402
2023-05-26,Chennai_Alandur_2023-10-01_2023-11-30,49.94857638888889,76.83694444444444,88.06725694444445,2.6801041666666667,3.012083333333333,20.638854166666665,20.638854166666665,5,146,83.016560105364,76.83694444444444,108.06725694444444,3.3501302083333333,112.42990506329112,20.638854166666665,112.42990506329112,Moderate,13.0012,80.2014
2023-05-26,Delhi_AnandVihar_2023-10-01_2023-11-30,26.8125,137.89583333333334,152.48854166666666,15.98298611111111,0.64,9.0375,9.0375,5,146,44.6875,125.5146812080537,172.48854166666666,19.97873263888889,32.0,9.0375,172.48854166666666,Moderate,28.6476,77.3158
2023-05-26,Kolkata_Victoria_2023-10-01_2023-11-30,17.539130434782606,42.00434782608696,10.688260869565216,5.144855072463768,0.3593115942028985,42.32909420289855,42.32909420289855,5,146,29.23188405797101,42.00434782608696,13.36032608695652,6.431068840579711,17.965579710144926,42.32909420289855,42.32909420289855,Good,22.5448,88.3426
2023-05-26,Mumbai_Bandra_2023-10-01_2023-11-30,,,,,,,,5,146,,,,,,,,Unknown,19.0544,72.8402
2023-05-27,Chennai_Alandur_2023-10-01_2023-11-30,54.78246527777778,84.2553125,157.5954166666667,2.340873015873016,2.467048611111111,19.599965277777777,19.599965277777777,5,147,91.18416546934868,84.2553125,177.5954166666667,2.9260912698412698,105.59972310126582,19.599965277777777,177.5954166666667,Moderate,13.0012,80.2014
2023-05-27,Delhi_AnandVihar_2023-10-01_2023-11-30,40.92045454545455,180.4431818181818,137.04583333333332,15.256597222222224,,6.819791666666667,6.819791666666667,5,147,67.76214733542321,153.78439597315435,157.04583333333332,19.07074652777778,,6.819791666666667,157.04583333333332,Moderate,28.6476,77.3158
2023-05-27,Kolkata_Victoria_2023-10-01_2023-11-30,27.17142857142857,58.36086956521739,12.42326388888889,4.840625,0.14875,39.73059027777778,39.73059027777778,5,147,45.285714285714285,58.36086956521739,15.529079861111112,6.05078125,7.4375,39.73059027777778,58.36086956521739,Satisfactory,22.5448,88.3426
2023-05-27,Mumbai_Bandra_2023-10-01_2023-11-30,,,,,,,,5,147,,,,,,,,Unknown,19.0544,72.8402
2023-05-28,Chennai_Alandur_2023-10-01_2023-11-30,48.34548611111112,74.37510416666667,56.56368055555556,2.2127777777777777,3.867569444444445,19.90559027777778,19.90559027777778,5,148,80.30789032567051,74.37510416666667,70.55436787749288,2.765972222222222,123.15055379746836,19.90559027777778,123.15055379746836,Moderate,13.0012,80.2014
2023-05-28,Delhi_AnandVihar_2023-10-01_2023-11-30,67.75,247.1145833333333,141.51354166666667,15.293055555555556,,7.765625,7.765625,5,148,124.04310344827586,198.08284395973152,161.51354166666667,19.116319444444446,,7.765625,198.08284395973152,Moderate,28.6476,77.3158
2023-05-28,Kolkata_Victoria_2023-10-01_2023-11-30,17.104924242424243,60.2844696969697,11.469930555555557,4.857361111111112,0.1040217391304347,51.44472222222223,51.44472222222223,5,148,28.508207070707076,60.2844696969697,14.337413194444446,6.07170138888889,5.201086956521736,51.44472222222223,60.2844696969697,Satisfactory,22.5448,88.3426
2023-05-28,Mumbai_Bandra_2023-10-01_2023-11-30,,,,,,,,5,148,,,,,,,,Unknown,19.0544,72.8402
2023-05-29,Chennai_Alandur_2023-10-01_2023-11-30,71.18177083333333,109.5109027777778,49.22291666666666,3.0056884057971014,2.8880902777777777,19.33357638888889,19.33357638888889,5,149,135.75845905172412,106.6548951342282,61.33135683760683,3.757110507246377,110.87606803797468,19.33357638888889,135.75845905172412,Moderate,13.0012,80.2014
2023-05-29,Delhi_AnandVihar_2023-10-01_2023-11-30,45.09375,201.38541666666663,139.69375,12.364583333333334,0.5134615384615384,7.004166666666666,7.004166666666666,5,149,74.81357758620689,167.69903523489933,159.69375,15.455729166666668,25.67307692307692,7.004166666666666,167.69903523489933,Moderate,28.6476,77.3158
2023-05-29,Kolkata_Victoria_2023-10-01_2023-11-30,43.35729166666667,138.95392156862746,11.996875,7.253522727272727,0.4385964912280702,42.28518115942029,42.28518115942029,5,149,71.8795617816092,126.21770627714174,14.99609375,9.066903409090909,21.92982456140351,42.28518115942029,126.21770627714174,Moderate,22.5448,88.3426
2023-05-29,Mumbai_Bandra_2023-10-01_2023-11-30,,,,,,,,5,149,,,,,,,,Unknown,19.0544,72.8402
2023-05-30,Chennai_Alandur_2023-10-01_2023-11-30,48.52357638888889,74.65180555555555,53.82086805555556,2.823949275362319,3.566597222222222,18.179513888888888,18.179513888888888,5,150,80.60880148467433,74.65180555555555,67.10827012108263,3.529936594202898,119.37887658227848,18.179513888888888,119.37887658227848,Moderate,13.0012,80.2014
2023-05-30,Delhi_AnandVihar_2023-10-01_2023-11-30,47.1875,128.78125,144.13194444444443,13.791666666666666,0.2916666666666667,6.913541666666667,6.913541666666667,5,150,78.35129310344828,119.45868288590604,164.13194444444443,17.239583333333332,14.583333333333334,6.913541666666667,164.13194444444443,Moderate,28.6476,77.3158
2023-05-30,Kolkata_Victoria_2023-10-01_2023-11-30,39.94826388888889,83.41979166666667,10.636770833333332,6.292361111111112,0.3595138888888889,40.687777777777775,40.687777777777775,5,150,66.11948036398468,83.41979166666667,13.295963541666664,7.86545138888889,17.975694444444446,40.687777777777775,83.41979166666667,Satisfactory,22.5448,88.3426
2023-05-30,Mumbai_Bandra_2023-10-01_2023-11-30,,,,,,,,5,150,,,,,,,,Unknown,19.0544,72.8402
2023-05-31,Chennai_Alandur_2023-10-01_2023-11-30,65.97663194444445,101.51197916666666,69.85763888888889,2.7926736111111112,3.1183333333333336,19.95138888888889,19.95138888888889,5,151,117.98919181034483,101.3401740771812,87.25703347578347,3.490842013888889,113.76139240506328,19.95138888888889,117.98919181034483,Moderate,13.0012,80.2014
2023-05-31,Delhi_AnandVihar_2023-10-01_2023-11-30,51.25,142.375,135.2693181818182,14.192708333333334,0.1,6.659375,6.659375,5,151,85.2155172413793,128.49077181208054,155.2693181818182,17.740885416666668,5.0,6.659375,155.2693181818182,Moderate,28.6476,77.3158
2023-05-31,Kolkata_Victoria_2023-10-01_2023-11-30,32.57222222222222,71.85520833333332,10.631458333333333,5.005590277777778,0.3570138888888889,44.13493055555555,44.13493055555555,5,151,53.65651340996169,71.85520833333332,13.289322916666666,6.256987847222223,17.850694444444446,44.13493055555555,71.85520833333332,Satisfactory,22.5448,88.3426
2023-05-31,Mumbai_Bandra_2023-10-01_2023-11-30,,,,,,,,5,151,,,,,,,,Unknown,19.0544,72.8402
2023-06-01,Chennai_Alandur_2023-10-01_2023-11-30,49.05454861111111,75.47256944444445,80.25239583333332,3.072361111111111,4.394409722222222,17.875555555555554,17.875555555555554,6,152,81.50596144636015,75.47256944444445,,3.840451388888889,129.75272943037973,17.875555555555554,129.75272943037973,Moderate,13.0012,80.2014
2023-06-01,Delhi_AnandVihar_2023-10-01_2023-11-30,63.35416666666666,170.52083333333334,141.88578431372548,15.183680555555554,,6.626041666666667,6.626041666666667,6,152,109.03663793103443,147.1916946308725,161.88578431372548,18.979600694444443,,6.626041666666667,161.88578431372548,Moderate,28.6476,77.3158
2023-06-01,Kolkata_Victoria_2023-10-01_2023-11-30,44.195238095238096,92.35674603174604,10.611076388888888,6.044861111111111,0.5102777777777777,65.94211805555555,65.94211805555555,6,152,73.29540229885058,92.35674603174604,13.26384548611111,7.556076388888888,25.51388888888889,65.94211805555555,92.35674603174604,Satisfactory,22.5448,88.3426
2023-06-01,Mumbai_Bandra_2023-10-01_2023-11-30,,,,,,,,6,152,,,,,,,,Unknown,19.0544,72.8402
2023-06-02,Chennai_Alandur_2023-10-01_2023-11-30,115.64445833333336,96.2771875,74.27552083333333,2.8217708333333333,3.3085069444444444,24.091979166666665,24.091979166666665,6,153,285.1310818965518,96.2771875,92.80770566239316,3.527213541666667,116.14458069620252,24.091979166666665,285.1310818965518,Poor,13.0012,80.2014
2023-06-02,Delhi_AnandVihar_2023-10-01_2023-11-30,40.53125,140.30208333333334,143.04375,14.098263888888887,0.3857142857142857,7.759374999999999,7.759374999999999,6,153,67.10452586206897,127.11346476510067,163.04375,17.622829861111107,19.285714285714285,7.759374999999999,163.04375,Moderate,28.6476,77.3158
2023-06-02,Kolkata_Victoria_2023-10-01_2023-11-30,42.825,84.60277777777777,9.91454861111111,4.972395833333334,0.4521527777777778,62.16871527777778,62.16871527777778,6,153,70.98017241379311,84.60277777777777,12.393185763888887,6.215494791666667,22.60763888888889,62.16871527777778,84.60277777777777,Satisfactory,22.5448,88.3426
2023-06-02,Mumbai_Bandra_2023-10-01_2023-11-30,,,,,,,,6,153,,,,,,,,Unknown,19.0544,72.8402
2023-06-03,Chennai_Alandur_2023-10-01_2023-11-30,54.90739583333334,84.46381944444444,63.64545138888889,2.497361111111111,3.093368055555555,20.6275,20.6275,6,154,91.39525502873563,84.46381944444444,79.45197738603989,3.121701388888889,113.44853639240506,20.6275,113.44853639240506,Moderate,13.0012,80.2014
2023-06-03,Delhi_AnandVihar_2023-10-01_2023-11-30,103.55208333333331,223.04166666666663,123.34479166666668,13.677083333333334,0.5369565217391304,7.911458333333333,7.911458333333333,6,154,243.8502155172413,182.08808724832213,143.34479166666668,17.096354166666668,26.847826086956523,7.911458333333333,243.8502155172413,Poor,28.6476,77.3158
2023-06-03,Kolkata_Victoria_2023-10-01_2023-11-30,41.45208333333333,86.425,9.270243055555556,5.041805555555555,0.4069444444444444,53.33329861111111,53.33329861111111,6,154,68.66041666666666,86.425,11.587803819444444,6.302256944444444,20.347222222222214,53.33329861111111,86.425,Satisfactory,22.5448,88.3426
2023-06-03,Mumbai_Bandra_2023-10-01_2023-11-30,,,,,,,,6,154,,,,,,,,Unknown,19.0544,72.8402
2023-06-04,Chennai_Alandur_2023-10-01_2023-11-30,107.88692028985508,85.32675438596492,83.23604166666667,4.328152173913043,4.114618055555556,17.79017361111111,17.79017361111111,6,155,258.64845202398806,85.32675438596492,103.23604166666668,5.410190217391304,126.24647943037976,17.79017361111111,258.64845202398806,Poor,13.0012,80.2014
2023-06-04,Delhi_AnandVihar_2023-10-01_2023-11-30,103.27083333333331,228.5326086956522,133.6122549019608,15.538690476190476,0.532608695652174,12.926785714285714,12.926785714285714,6,155,242.89008620689648,185.7364312810038,153.6122549019608,19.42336309523809,26.6304347826087,12.926785714285714,242.89008620689648,Poor,28.6476,77.3158
2023-06-04,Kolkata_Victoria_2023-10-01_2023-11-30,40.05972222222223,83.71249999999999,8.473159722222222,4.504965277777778,0.3905555555555555,55.25402777777777,55.25402777777777,6,155,66.30780651340997,83.71249999999999,10.591449652777778,5.631206597222223,19.52777777777777,55.25402777777777,83.71249999999999,Satisfactory,22.5448,88.3426
2023-06-04,Mumbai_Bandra_2023-10-01_2023-11-30,,,,,,,,6,155,,,,,,,,Unknown,19.0544,72.8402
2023-06-05,Chennai_Alandur_2023-10-01_2023-11-30,57.12996527777778,87.88833333333334,78.02541666666666,3.31018115942029,2.579548611111111,17.684375,17.684375,6,156,95.15063098659004,87.88833333333334,97.51911324786325,4.1377264492753625,107.0095332278481,17.684375,107.0095332278481,Moderate,13.0012,80.2014
2023-06-05,Delhi_AnandVihar_2023-10-01_2023-11-30,78.0,247.73809523809524,120.93416666666668,22.81805555555556,1.3946428571428573,12.80686274509804,12.80686274509804,6,156,159.0344827586207,198.49712368168744,140.93416666666667,28.52256944444445,67.04166666666667,12.80686274509804,198.49712368168744,Moderate,28.6476,77.3158
2023-06-05,Kolkata_Victoria_2023-10-01_2023-11-30,35.08295454545455,73.98977272727274,11.030151515151514,4.791060606060606,0.3533695652173912,50.72781746031745,50.72781746031745,6,156,57.898785266457686,73.98977272727274,13.787689393939392,5.988825757575757,17.66847826086956,,73.98977272727274,Satisfactory,22.5448,88.3426
2023-06-05,Mumbai_Bandra_2023-10-01_2023-11-30,,,,,,,,6,156,,,,,,,,Unknown,19.0544,72.8402
2023-06-06,Chennai_Alandur_2023-10-01_2023-11-30,41.736022727272726,64.20924242424242,133.6003409090909,4.156031746031746,1.248030303030303,17.231250000000003,17.231250000000003,6,157,69.1401763322884,64.20924242424242,153.6003409090909,5.195039682539683,59.05942760942761,17.231250000000003,153.6003409090909,Moderate,13.0012,80.2014
2023-06-06,Delhi_AnandVihar_2023-10-01_2023-11-30,139.35416666666666,,104.02129629629628,29.33,2.189583333333333,14.731481481481485,14.731481481481485,6,157,315.0857558139535,,124.02129629629628,36.6625,102.12262658227849,14.731481481481485,315.0857558139535,Very Poor,28.6476,77.3158
2023-06-06,Kolkata_Victoria_2023-10-01_2023-11-30,34.75978260869565,76.0304347826087,16.050625,4.683472222222222,0.2464930555555555,50.592395833333335,50.592395833333335,6,157,57.35273613193403,76.0304347826087,20.06328125,5.854340277777777,12.324652777777777,,76.0304347826087,Satisfactory,22.5448,88.3426
2023-06-06,Mumbai_Bandra_2023-10-01_2023-11-30,,,,,,,,6,157,,,,,,,,Unknown,19.0544,72.8402
2023-06-07,Chennai_Alandur_2023-10-01_2023-11-30,61.312291666666674,94.31892361111112,72.8696875,2.6956159420289856,1.1245138888888888,25.106944444444448,25.106944444444448,6,158,102.06609913793106,94.31892361111112,91.04140224358974,3.369519927536232,52.33464506172839,25.106944444444448,102.06609913793106,Moderate,13.0012,80.2014
2023-06-07,Delhi_AnandVihar_2023-10-01_2023-11-30,70.04166666666667,291.3478260869565,120.98333333333332,26.398263888888888,3.375,14.011458333333332,14.011458333333332,6,158,131.86637931034485,241.3478260869565,140.98333333333332,32.99782986111111,116.97784810126582,14.011458333333332,241.3478260869565,Poor,28.6476,77.3158
2023-06-07,Kolkata_Victoria_2023-10-01_2023-11-30,41.57604166666667,63.85104166666667,16.788888888888888,4.638888888888888,0.3158333333333333,56.61017361111112,56.61017361111112,6,158,68.86986350574713,63.85104166666667,20.98611111111111,5.798611111111111,15.791666666666664,56.61017361111112,68.86986350574713,Satisfactory,22.5448,88.3426
2023-06-07,Mumbai_Bandra_2023-10-01_2023-11-30,,,,,,,,6,158,,,,,,,,Unknown,19.0544,72.8402
2023-06-08,Chennai_Alandur_2023-10-01_2023-11-30,40.98907407407408,64.01270833333334,74.00309027777779,2.846840277777778,1.1736111111111112,45.90378472222222,45.90378472222222,6,159,67.8780906768838,64.01270833333334,92.46542111823362,3.5585503472222224,55.00771604938272,45.90378472222222,92.46542111823362,Satisfactory,13.0012,80.2014
2023-06-08,Delhi_AnandVihar_2023-10-01_2023-11-30,50.41666666666666,178.59375,118.35520833333334,26.72951388888889,3.2,18.409375,18.409375,6,159,83.80747126436779,152.5555788590604,138.35520833333334,33.411892361111114,114.78481012658229,18.409375,152.5555788590604,Moderate,28.6476,77.3158
2023-06-08,Kolkata_Victoria_2023-10-01_2023-11-30,40.971969696969694,74.44122807017544,15.823263888888889,4.455416666666667,0.221875,53.176736111111104,53.176736111111104,6,159,67.84919017763845,74.44122807017544,19.77907986111111,5.569270833333334,11.09375,53.176736111111104,74.44122807017544,Satisfactory,22.5448,88.3426
2023-06-08,Mumbai_Bandra_2023-10-01_2023-11-30,,,,,,,,6,159,,,,,,,,Unknown,19.0544,72.8402
2023-06-09,Chennai_Alandur_2023-10-01_2023-11-30,38.39326388888889,59.061145833333335,67.75496527777777,2.238923611111112,1.541770833333333,44.05791666666667,44.05791666666667,6,160,63.49206657088123,59.061145833333335,84.61521278490028,2.79865451388889,75.05196759259258,44.05791666666667,84.61521278490028,Satisfactory,13.0012,80.2014
2023-06-09,Delhi_AnandVihar_2023-10-01_2023-11-30,56.47569444444445,205.8125,112.74340277777776,20.59551282051282,1.816145833333333,12.358333333333334,12.358333333333334,6,160,94.0451388888889,170.6405201342282,132.74340277777776,25.744391025641026,89.99016203703701,12.358333333333334,170.6405201342282,Moderate,28.6476,77.3158
2023-06-09,Kolkata_Victoria_2023-10-01_2023-11-30,26.400347222222223,58.808680555555554,15.96277777777778,5.035798611111111,0.1671180555555555,52.60100694444444,52.60100694444444,6,160,44.00057870370371,58.808680555555554,19.953472222222224,6.294748263888889,8.355902777777775,52.60100694444444,58.808680555555554,Satisfactory,22.5448,88.3426
2023-06-09,Mumbai_Bandra_2023-10-01_2023-11-30,,,,,,,,6,160,,,,,,,,Unknown,19.0544,72.8402
2023-06-10,Chennai_Alandur_2023-10-01_2023-11-30,36.57354166666666,56.27701388888889,94.52347222222222,2.8047222222222223,1.3182291666666666,41.20993055555555,41.20993055555555,6,161,60.41736350574711,56.27701388888889,114.52347222222222,3.505902777777778,62.88136574074073,41.20993055555555,114.52347222222222,Moderate,13.0012,80.2014
2023-06-10,Delhi_AnandVihar_2023-10-01_2023-11-30,49.6875,198.90625,103.62028985507249,18.928846153846152,2.102777777777778,9.803260869565218,9.803260869565218,6,161,82.57543103448276,166.05180369127515,123.62028985507249,23.66105769230769,101.03481012658229,9.803260869565218,166.05180369127515,Moderate,28.6476,77.3158
2023-06-10,Kolkata_Victoria_2023-10-01_2023-11-30,33.14791666666667,77.62534722222223,17.443020833333332,5.078298611111111,0.3061805555555555,42.42975694444444,42.42975694444444,6,161,54.629238505747125,77.62534722222223,21.803776041666666,6.347873263888889,15.309027777777777,42.42975694444444,77.62534722222223,Satisfactory,22.5448,88.3426
2023-06-10,Mumbai_Bandra_2023-10-01_2023-11-30,,,,,,,,6,161,,,,,,,,Unknown,19.0544,72.8402
2023-06-11,Chennai_Alandur_2023-10-01_2023-11-30,30.59809027777777,47.07267361111111,67.1115625,2.0395486111111114,1.7860763888888889,38.946354166666666,38.946354166666666,6,162,,47.07267361111111,83.80683493589744,2.5494357638888894,88.35304783950616,38.946354166666666,88.35304783950616,Satisfactory,13.0012,80.2014
2023-06-11,Delhi_AnandVihar_2023-10-01_2023-11-30,47.4375,184.97916666666663,88.2781746031746,16.914285714285715,2.1821428571428574,13.977083333333333,13.977083333333333,6,162,78.77370689655173,156.79823825503354,108.2781746031746,21.142857142857142,102.02938517179024,13.977083333333333,156.79823825503354,Moderate,28.6476,77.3158
2023-06-11,Kolkata_Victoria_2023-10-01_2023-11-30,26.69826388888889,70.590625,15.631319444444443,4.8644791666666665,0.1539583333333333,57.655451388888885,57.655451388888885,6,162,44.49710648148148,70.590625,19.539149305555554,6.080598958333333,7.697916666666665,57.655451388888885,70.590625,Satisfactory,22.5448,88.3426
2023-06-11,Mumbai_Bandra_2023-10-01_2023-11-30,,,,,,,,6,162,,,,,,,,Unknown,19.0544,72.8402
2023-06-12,Chennai_Alandur_2023-10-01_2023-11-30,32.56614583333333,50.10159722222222,65.32229166666667,2.193888888888889,1.546076388888889,40.516284722222224,40.516284722222224,6,163,53.64624640804597,,81.55877670940171,2.7423611111111112,75.28638117283951,40.516284722222224,81.55877670940171,Satisfactory,13.0012,80.2014
2023-06-12,Delhi_AnandVihar_2023-10-01_2023-11-30,47.333333333333336,255.19230769230768,97.43863636363636,23.202272727272728,2.5812500000000003,12.537222222222224,12.537222222222224,6,163,78.59770114942529,205.19230769230768,117.43863636363636,29.00284090909091,107.03085443037976,12.537222222222224,205.19230769230768,Poor,28.6476,77.3158
2023-06-12,Kolkata_Victoria_2023-10-01_2023-11-30,27.48068181818182,78.49431818181819,16.72340277777778,4.495659722222222,0.2575347222222222,49.81217391304348,49.81217391304348,6,163,45.80113636363637,78.49431818181819,20.904253472222223,5.619574652777778,12.876736111111107,49.81217391304348,78.49431818181819,Satisfactory,22.5448,88.3426
2023-06-12,Mumbai_Bandra_2023-10-01_2023-11-30,,,,,,,,6,163,,,,,,,,Unknown,19.0544,72.8402
2023-06-13,Chennai_Alandur_2023-10-01_2023-11-30,36.50180555555556,56.15625,93.67614583333334,2.264270833333333,1.658958333333333,38.76284722222222,38.76284722222222,6,164,60.2961542145594,56.15625,113.67614583333334,2.830338541666666,81.43217592592592,38.76284722222222,113.67614583333334,Moderate,13.0012,80.2014
2023-06-13,Delhi_AnandVihar_2023-10-01_2023-11-30,53.80303030303031,282.0113636363636,87.17812500000001,17.84236111111111,1.6075757575757577,8.968055555555557,8.968055555555557,6,164,89.52925809822364,232.01136363636363,107.178125,22.30295138888889,78.63468013468014,8.968055555555557,232.01136363636363,Poor,28.6476,77.3158
2023-06-13,Kolkata_Victoria_2023-10-01_2023-11-30,31.508333333333336,70.64583333333333,16.240972222222222,5.142777777777778,0.2586805555555555,52.450520833333336,52.450520833333336,6,164,51.85890804597702,70.64583333333333,20.30121527777778,6.428472222222222,12.934027777777777,52.450520833333336,70.64583333333333,Satisfactory,22.5448,88.3426
2023-06-13,Mumbai_Bandra_2023-10-01_2023-11-30,,,,,,,,6,164,,,,,,,,Unknown,19.0544,72.8402
2023-06-14,Chennai_Alandur_2023-10-01_2023-11-30,45.316875,69.71885416666667,82.71534722222222,1.948368055555556,1.4682638888888888,38.597743055555554,38.597743055555554,6,165,75.19058189655173,69.71885416666667,102.71534722222222,2.435460069444445,71.04992283950617,38.597743055555554,102.71534722222222,Moderate,13.0012,80.2014
2023-06-14,Delhi_AnandVihar_2023-10-01_2023-11-30,47.72727272727273,254.6590909090909,83.99305555555556,44.925,1.8333333333333333,8.81423611111111,8.81423611111111,6,165,79.26332288401254,204.6590909090909,103.99305555555556,55.93141025641025,90.92592592592592,8.81423611111111,204.6590909090909,Poor,28.6476,77.3158
2023-06-14,Kolkata_Victoria_2023-10-01_2023-11-30,30.540625,67.81458333333333,15.23826388888889,4.860520833333333,0.2162152777777777,61.33916666666667,61.33916666666667,6,165,,67.81458333333333,19.04782986111111,6.075651041666666,10.810763888888884,61.33916666666667,67.81458333333333,Satisfactory,22.5448,88.3426
2023-06-14,Mumbai_Bandra_2023-10-01_2023-11-30,,,,,,,,6,165,,,,,,,,Unknown,19.0544,72.8402
2023-06-15,Chennai_Alandur_2023-10-01_2023-11-30,53.33381944444445,82.05107638888889,84.34690972222222,2.400902777777778,1.5463888888888888,41.07194444444445,41.07194444444445,6,166,88.7364535440613,82.05107638888889,104.34690972222222,3.0011284722222227,75.3033950617284,41.07194444444445,104.34690972222222,Moderate,13.0012,80.2014
2023-06-15,Delhi_AnandVihar_2023-10-01_2023-11-30,45.64015151515152,207.70454545454547,96.09131944444444,16.668055555555554,2.9981481481481485,9.792361111111113,9.792361111111113,6,166,75.7368077324974,171.89765100671144,116.09131944444444,20.835069444444443,112.25527426160338,9.792361111111113,171.89765100671144,Moderate,28.6476,77.3158
2023-06-15,Kolkata_Victoria_2023-10-01_2023-11-30,26.48819444444445,70.10902777777777,16.988333333333333,4.819930555555556,0.1964583333333333,49.50142361111111,49.50142361111111,6,166,44.14699074074075,70.10902777777777,21.235416666666666,6.024913194444444,9.822916666666664,49.50142361111111,70.10902777777777,Satisfactory,22.5448,88.3426
2023-06-15,Mumbai_Bandra_2023-10-01_2023-11-30,,,,,,,,6,166,,,,,,,,Unknown,19.0544,72.8402
2023-06-16,Chennai_Alandur_2023-10-01_2023-11-30,46.574305555555554,71.64559027777777,133.29400793650794,2.850688405797101,0.8401736111111111,38.24059027777778,38.24059027777778,6,167,77.31520593869732,71.64559027777777,153.29400793650794,3.5633605072463763,42.00868055555556,38.24059027777778,153.29400793650794,Moderate,13.0012,80.2014
2023-06-16,Delhi_AnandVihar_2023-10-01_2023-11-30,45.82291666666666,170.20833333333334,87.57407407407408,21.75601851851852,3.6944444444444446,8.785416666666666,8.785416666666666,6,167,76.04561781609193,146.98406040268458,107.57407407407408,27.19502314814815,120.98101265822784,8.785416666666666,146.98406040268458,Moderate,28.6476,77.3158
2023-06-16,Kolkata_Victoria_2023-10-01_2023-11-30,24.870833333333334,73.515625,21.52428571428572,4.311944444444444,0.1239930555555555,44.31548611111111,44.31548611111111,6,167,41.45138888888889,73.515625,26.905357142857152,5.389930555555555,6.199652777777775,44.31548611111111,73.515625,Satisfactory,22.5448,88.3426
2023-06-16,Mumbai_Bandra_2023-10-01_2023-11-30,,,,,,,,6,167,,,,,,,,Unknown,19.0544,72.8402
2023-06-17,Chennai_Alandur_2023-10-01_2023-11-30,48.53993055555555,74.67829861111112,70.80701388888889,1.5782575757575756,1.0318055555555554,39.52506944444445,39.52506944444445,6,168,80.63643438697318,74.67829861111112,88.44983796296296,1.972821969696969,,39.52506944444445,88.44983796296296,Satisfactory,13.0012,80.2014
2023-06-17,Delhi_AnandVihar_2023-10-01_2023-11-30,62.895833333333336,197.2708333333333,88.809375,16.29652777777778,4.265909090909091,8.342708333333333,8.342708333333333,6,168,107.4719827586207,164.96518456375836,108.809375,20.370659722222225,128.14240506329114,8.342708333333333,164.96518456375836,Moderate,28.6476,77.3158
2023-06-17,Kolkata_Victoria_2023-10-01_2023-11-30,24.296875,67.01979166666666,14.565138888888889,4.626527777777778,0.1243402777777777,39.32277777777778,39.32277777777778,6,168,40.49479166666667,67.01979166666666,18.206423611111116,5.783159722222222,6.217013888888885,39.32277777777778,67.01979166666666,Satisfactory,22.5448,88.3426
2023-06-17,Mumbai_Bandra_2023-10-01_2023-11-30,,,,,,,,6,168,,,,,,,,Unknown,19.0544,72.8402
2023-06-18,Chennai_Alandur_2023-10-01_2023-11-30,39.654895833333335,61.00642361111111,48.86173611111111,2.372986111111111,1.839618055555556,37.00840277777778,37.00840277777778,6,169,65.62378951149425,61.00642361111111,60.87756588319088,2.9662326388888887,91.26809413580249,37.00840277777778,91.26809413580249,Satisfactory,13.0012,80.2014
2023-06-18,Delhi_AnandVihar_2023-10-01_2023-11-30,40.54166666666666,116.859375,56.06911764705882,12.781372549019608,1.6416666666666666,15.64264705882353,15.64264705882353,6,169,67.1221264367816,111.53743708053692,69.93299396681749,15.97671568627451,80.49074074074073,15.64264705882353,111.53743708053692,Moderate,28.6476,77.3158
2023-06-18,Kolkata_Victoria_2023-10-01_2023-11-30,19.704166666666666,61.203125,10.811944444444444,4.5428125,0.1787152777777777,35.071875,35.071875,6,169,32.84027777777778,61.203125,13.514930555555557,5.678515625,8.935763888888886,35.071875,61.203125,Satisfactory,22.5448,88.3426
2023-06-18,Mumbai_Bandra_2023-10-01_2023-11-30,,,,,,,,6,169,,,,,,,,Unknown,19.0544,72.8402
2023-06-19,Chennai_Alandur_2023-10-01_2023-11-30,29.42451388888889,45.26677083333333,101.09708333333332,3.2554513888888885,1.3941666666666668,38.04871527777778,38.04871527777778,6,170,49.04085648148149,45.26677083333333,121.09708333333332,4.069314236111111,67.01574074074074,38.04871527777778,121.09708333333332,Moderate,13.0012,80.2014
2023-06-19,Delhi_AnandVihar_2023-10-01_2023-11-30,51.63095238095239,158.81547619047618,97.96785714285714,11.786309523809525,2.1982142857142857,5.494642857142857,5.494642857142857,6,170,85.85919540229887,139.41430968360498,117.96785714285714,14.732886904761903,102.23078661844484,5.494642857142857,139.41430968360498,Moderate,28.6476,77.3158
2023-06-19,Kolkata_Victoria_2023-10-01_2023-11-30,18.857407407407408,48.60909090909092,20.69531746031746,4.312407407407408,0.2499122807017543,30.51579365079365,30.51579365079365,6,170,31.429012345679013,48.60909090909092,25.869146825396825,5.390509259259259,12.495614035087716,30.51579365079365,48.60909090909092,Good,22.5448,88.3426
2023-06-19,Mumbai_Bandra_2023-10-01_2023-11-30,,,,,,,,6,170,,,,,,,,Unknown,19.0544,72.8402
2023-06-20,Chennai_Alandur_2023-10-01_2023-11-30,32.08756944444445,49.36881944444445,76.38940972222223,2.525555555555556,1.2764236111111111,36.9034375,36.9034375,6,171,52.83761733716476,49.36881944444445,95.46361734330485,3.156944444444445,60.605285493827154,36.9034375,95.46361734330485,Satisfactory,13.0012,80.2014
2023-06-20,Delhi_AnandVihar_2023-10-01_2023-11-30,49.246212121212125,133.02173913043478,61.653125,15.579924242424244,1.7822916666666666,15.81388888888889,15.81388888888889,6,171,81.82980668756531,122.27618908666471,76.94879807692308,19.474905303030305,88.14699074074073,15.81388888888889,122.27618908666471,Moderate,28.6476,77.3158
2023-06-20,Kolkata_Victoria_2023-10-01_2023-11-30,21.155555555555555,48.87256944444445,15.373576388888887,4.705694444444444,0.2188194444444444,24.502916666666668,24.502916666666668,6,171,35.25925925925926,48.87256944444445,19.21697048611111,5.882118055555555,10.94097222222222,24.502916666666668,48.87256944444445,Good,22.5448,88.3426
2023-06-20,Mumbai_Bandra_2023-10-01_2023-11-30,,,,,,,,6,171,,,,,,,,Unknown,19.0544,72.8402
2023-06-21,Chennai_Alandur_2023-10-01_2023-11-30,39.69795138888889,61.0578125,59.66677083333334,2.496840277777778,2.2558333333333334,38.794583333333335,38.794583333333335,6,172,65.69653855363984,61.0578125,74.45312232905984,3.1210503472222224,102.95284810126584,38.794583333333335,102.95284810126584,Moderate,13.0012,80.2014
2023-06-21,Delhi_AnandVihar_2023-10-01_2023-11-30,41.40277777777778,135.30208333333334,97.24270833333333,15.328508771929824,2.0638888888888887,15.021527777777775,15.021527777777775,6,172,68.5771072796935,123.79131711409396,117.24270833333333,19.16063596491228,,15.021527777777775,123.79131711409396,Moderate,28.6476,77.3158
2023-06-21,Kolkata_Victoria_2023-10-01_2023-11-30,18.00486111111111,45.96145833333333,16.14638888888889,4.421666666666667,0.3103819444444444,23.91673611111111,23.91673611111111,6,172,30.00810185185185,45.96145833333333,20.182986111111116,5.527083333333334,15.51909722222222,23.91673611111111,45.96145833333333,Good,22.5448,88.3426
2023-06-21,Mumbai_Bandra_2023-10-01_2023-11-30,,,,,,,,6,172,,,,,,,,Unknown,19.0544,72.8402
2023-06-22,Chennai_Alandur_2023-10-01_2023-11-30,55.85927083333333,85.93743055555557,78.14472222222223,3.071909722222222,1.6381944444444445,37.894375,37.894375,6,173,93.00359554597702,85.93743055555557,97.66900997150998,3.839887152777777,80.3016975308642,37.894375,97.66900997150998,Satisfactory,13.0012,80.2014
2023-06-22,Delhi_AnandVihar_2023-10-01_2023-11-30,59.79444444444445,224.51666666666668,113.37254901960785,14.6796875,2.1044444444444443,23.275,23.275,6,173,99.65268199233718,183.06812080536915,133.37254901960785,18.349609375,101.05569620253164,23.275,183.06812080536915,Moderate,28.6476,77.3158
2023-06-22,Kolkata_Victoria_2023-10-01_2023-11-30,19.01159420289855,44.00036231884058,15.22086956521739,4.901770833333333,0.3052430555555556,22.640978260869563,22.640978260869563,6,173,31.68599033816425,44.00036231884058,19.026086956521738,6.127213541666666,15.26215277777778,22.640978260869563,44.00036231884058,Good,22.5448,88.3426
2023-06-22,Mumbai_Bandra_2023-10-01_2023-11-30,,,,,,,,6,173,,,,,,,,Unknown,19.0544,72.8402
2023-06-23,Chennai_Alandur_2023-10-01_2023-11-30,47.259479166666665,72.70947916666667,69.78621527777777,2.7715625,1.8416666666666668,38.28256944444444,38.28256944444444,6,174,78.47291307471264,72.70947916666667,87.16729611823361,3.464453125,91.37962962962963,38.28256944444444,91.37962962962963,Satisfactory,13.0012,80.2014
2023-06-23,Delhi_AnandVihar_2023-10-01_2023-11-30,56.97222222222222,196.2083333333333,97.21111111111112,14.507894736842104,2.682986111111111,15.881884057971016,15.881884057971016,6,174,94.88409961685824,164.25922818791943,117.21111111111112,18.13486842105263,108.3057753164557,15.881884057971016,164.25922818791943,Moderate,28.6476,77.3158
2023-06-23,Kolkata_Victoria_2023-10-01_2023-11-30,12.129861111111111,24.66909722222222,13.077118055555555,4.476354166666667,0.2804513888888889,24.216631944444444,24.216631944444444,6,174,20.216435185185187,24.66909722222222,16.346397569444445,5.595442708333334,14.022569444444445,24.216631944444444,24.66909722222222,Good,22.5448,88.3426
2023-06-23,Mumbai_Bandra_2023-10-01_2023-11-30,,,,,,,,6,174,,,,,,,,Unknown,19.0544,72.8402
2023-06-24,Chennai_Alandur_2023-10-01_2023-11-30,40.38538194444445,62.13065972222222,75.7226736111111,3.442743055555556,1.4620138888888887,38.15135416666667,38.15135416666667,6,175,66.85805914750958,62.13065972222222,94.62592325498576,4.303428819444445,70.70964506172838,38.15135416666667,94.62592325498576,Satisfactory,13.0012,80.2014
2023-06-24,Delhi_AnandVihar_2023-10-01_2023-11-30,49.325,162.82916666666668,79.62301587301587,21.828968253968256,2.1412500000000003,25.48412698412698,25.48412698412698,6,175,81.96293103448276,142.08112416107383,99.52635327635328,27.28621031746032,101.51693037974684,25.48412698412698,142.08112416107383,Moderate,28.6476,77.3158
2023-06-24,Kolkata_Victoria_2023-10-01_2023-11-30,10.303819444444445,23.589583333333334,16.663854166666667,4.748055555555555,0.3514583333333334,23.280555555555555,23.280555555555555,6,175,17.17303240740741,23.589583333333334,20.829817708333334,5.935069444444444,17.572916666666668,23.280555555555555,23.589583333333334,Good,22.5448,88.3426
2023-06-24,Mumbai_Bandra_2023-10-01_2023-11-30,,,,,,,,6,175,,,,,,,,Unknown,19.0544,72.8402
2023-06-25,Chennai_Alandur_2023-10-01_2023-11-30,53.56312500000001,82.40597222222222,68.79510416666666,2.8905902777777777,1.905347222222222,40.25229166666667,40.25229166666667,6,176,89.12390086206898,82.40597222222222,85.92205395299145,3.613237847222222,94.84668209876544,40.25229166666667,94.84668209876544,Satisfactory,13.0012,80.2014
2023-06-25,Delhi_AnandVihar_2023-10-01_2023-11-30,34.729166666666664,61.0625,78.65208333333334,15.76215277777778,1.93125,19.414583333333333,19.414583333333333,6,176,57.30100574712643,61.0625,98.30646367521368,19.702690972222225,96.25694444444444,19.414583333333333,98.30646367521368,Satisfactory,28.6476,77.3158
2023-06-25,Kolkata_Victoria_2023-10-01_2023-11-30,7.078472222222222,22.579166666666666,11.631666666666668,4.636979166666667,0.3253819444444444,26.70614583333333,26.70614583333333,6,176,11.797453703703702,22.579166666666666,14.539583333333336,5.796223958333334,16.26909722222222,26.70614583333333,26.70614583333333,Good,22.5448,88.3426
2023-06-25,Mumbai_Bandra_2023-10-01_2023-11-30,,,,,,,,6,176,,,,,,,,Unknown,19.0544,72.8402
2023-06-26,Chennai_Alandur_2023-10-01_2023-11-30,41.69253787878788,64.13545454545455,61.33992424242424,3.0294696969696973,1.7604166666666663,38.33655303030303,38.33655303030303,6,177,69.06670193312435,64.13545454545455,76.55528943278944,3.7868371212121215,86.9560185185185,38.33655303030303,86.9560185185185,Satisfactory,13.0012,80.2014
2023-06-26,Delhi_AnandVihar_2023-10-01_2023-11-30,54.98863636363637,130.11363636363637,64.24756944444444,16.740972222222222,2.428260869565217,23.56111111111112,23.56111111111112,6,177,91.5325235109718,120.34395973154363,80.20848468660968,20.92621527777778,105.11364887176664,23.56111111111112,120.34395973154363,Moderate,28.6476,77.3158
2023-06-26,Kolkata_Victoria_2023-10-01_2023-11-30,9.131597222222222,19.750694444444445,13.7925,4.7676388888888885,0.360798611111111,27.974722222222223,27.974722222222223,6,177,15.219328703703704,19.750694444444445,17.240625,5.959548611111111,18.03993055555555,27.974722222222223,27.974722222222223,Good,22.5448,88.3426
2023-06-26,Mumbai_Bandra_2023-10-01_2023-11-30,,,,,,,,6,177,,,,,,,,Unknown,19.0544,72.8402
2023-06-27,Chennai_Alandur_2023-10-01_2023-11-30,41.61177083333333,64.01923611111111,61.13715277777778,2.7914583333333334,2.201909722222222,39.33795138888889,39.33795138888889,6,178,68.93023347701148,64.01923611111111,76.30052528490029,3.4893229166666666,102.27709651898734,39.33795138888889,102.27709651898734,Moderate,13.0012,80.2014
2023-06-27,Delhi_AnandVihar_2023-10-01_2023-11-30,45.78125,131.05208333333334,75.2375,20.835069444444446,2.9277777777777776,18.84826388888889,18.84826388888889,6,178,75.97521551724138,120.96749161073826,94.01634615384614,26.04383680555556,111.373417721519,18.84826388888889,120.96749161073826,Moderate,28.6476,77.3158
2023-06-27,Kolkata_Victoria_2023-10-01_2023-11-30,8.88586956521739,23.767391304347825,11.590972222222222,4.905694444444444,0.3123263888888888,25.05339743589744,25.05339743589744,6,178,14.809782608695652,23.767391304347825,14.488715277777777,6.132118055555555,15.61631944444444,25.05339743589744,25.05339743589744,Good,22.5448,88.3426
2023-06-27,Mumbai_Bandra_2023-10-01_2023-11-30,,,,,,,,6,178,,,,,,,,Unknown,19.0544,72.8402
2023-06-28,Chennai_Alandur_2023-10-01_2023-11-30,31.54895833333333,48.53576388888889,62.68965277777778,2.717777777777778,1.6480902777777775,38.34347222222223,38.34347222222223,6,179,51.92755028735632,48.53576388888889,78.25110220797721,3.3972222222222226,80.84047067901233,38.34347222222223,80.84047067901233,Satisfactory,13.0012,80.2014
2023-06-28,Delhi_AnandVihar_2023-10-01_2023-11-30,42.59027777777778,156.28125,125.50104166666668,15.924305555555556,3.2315972222222222,27.121875,27.121875,6,179,70.58357279693487,137.73049496644296,145.50104166666668,19.905381944444443,115.1807753164557,27.121875,145.50104166666668,Moderate,28.6476,77.3158
2023-06-28,Kolkata_Victoria_2023-10-01_2023-11-30,8.928125,26.504166666666663,12.693090277777776,4.5946875,0.3227777777777778,24.40833333333333,24.40833333333333,6,179,14.880208333333334,26.504166666666663,15.86636284722222,5.743359375,16.13888888888889,24.40833333333333,26.504166666666663,Good,22.5448,88.3426
2023-06-28,Mumbai_Bandra_2023-10-01_2023-11-30,,,,,,,,6,179,,,,,,,,Unknown,19.0544,72.8402
2023-06-29,Chennai_Alandur_2023-10-01_2023-11-30,28.20434027777777,43.39072916666667,105.64069444444443,3.161159420289855,1.1855208333333334,38.95739583333333,38.95739583333333,6,180,47.00723379629628,43.39072916666667,125.64069444444443,3.951449275362319,55.65613425925925,38.95739583333333,125.64069444444443,Moderate,13.0012,80.2014
2023-06-29,Delhi_AnandVihar_2023-10-01_2023-11-30,45.48611111111112,119.35416666666669,157.36006944444446,15.923611111111107,3.078819444444445,22.05243055555556,22.05243055555556,6,180,75.47653256704983,113.19505033557049,177.36006944444446,19.90451388888889,113.26621835443038,22.05243055555556,177.36006944444446,Moderate,28.6476,77.3158
2023-06-29,Kolkata_Victoria_2023-10-01_2023-11-30,14.330208333333331,43.7,11.156458333333331,4.493541666666666,0.3486458333333333,23.5684375,23.5684375,6,180,23.883680555555557,43.7,13.945572916666665,5.616927083333333,17.432291666666664,23.5684375,43.7,Good,22.5448,88.3426
2023-06-29,Mumbai_Bandra_2023-10-01_2023-11-30,,,,,,,,6,180,,,,,,,,Unknown,19.0544,72.8402
2023-06-30,Chennai_Alandur_2023-10-01_2023-11-30,30.0540625,46.23395833333333,73.67916666666666,2.822536231884058,1.0039583333333333,38.80753472222222,38.80753472222222,6,181,,46.23395833333333,92.05844017094016,3.5281702898550726,,38.80753472222222,92.05844017094016,Satisfactory,13.0012,80.2014
2023-06-30,Delhi_AnandVihar_2023-10-01_2023-11-30,32.89236111111111,76.40625,159.95520833333333,13.663541666666667,3.0684027777777776,29.25326086956522,29.25326086956522,6,181,54.1974377394636,76.40625,179.95520833333333,17.079427083333336,113.13568037974684,29.25326086956522,179.95520833333333,Moderate,28.6476,77.3158
2023-06-30,Kolkata_Victoria_2023-10-01_2023-11-30,19.20277777777778,47.60902777777778,12.26215277777778,4.434965277777778,0.3281944444444444,24.925451388888888,24.925451388888888,6,181,32.00462962962963,47.60902777777778,15.327690972222223,5.543706597222222,16.40972222222222,24.925451388888888,47.60902777777778,Good,22.5448,88.3426
2023-06-30,Mumbai_Bandra_2023-10-01_2023-11-30,,,,,,,,6,181,,,,,,,,Unknown,19.0544,72.8402
2023-07-01,Chennai_Alandur_2023-10-01_2023-11-30,38.26732638888889,58.85454861111111,61.53069444444444,2.831287878787879,1.562465277777778,38.1690625,38.1690625,7,182,63.27927562260537,58.85454861111111,76.79497507122507,3.539109848484849,76.17866512345681,38.1690625,76.79497507122507,Satisfactory,13.0012,80.2014
2023-07-01,Delhi_AnandVihar_2023-10-01_2023-11-30,30.904761904761905,99.75,143.51666666666665,16.875396825396827,2.6952380952380954,30.52958333333333,30.52958333333333,7,182,,99.75,163.51666666666665,21.09424603174603,108.45931283905968,30.52958333333333,163.51666666666665,Moderate,28.6476,77.3158
2023-07-01,Kolkata_Victoria_2023-10-01_2023-11-30,14.930902777777776,39.415625,11.961909722222222,4.528506944444445,0.3176736111111111,23.096388888888885,23.096388888888885,7,182,24.88483796296296,39.415625,14.952387152777778,5.660633680555556,15.883680555555554,23.096388888888885,39.415625,Good,22.5448,88.3426
2023-07-01,Mumbai_Bandra_2023-10-01_2023-11-30,,,,,,,,7,182,,,,,,,,Unknown,19.0544,72.8402
2023-07-02,Chennai_Alandur_2023-10-01_2023-11-30,42.071041666666666,64.72760416666667,54.84604166666667,2.919791666666667,0.9007291666666668,38.37083333333333,38.37083333333333,7,183,69.70624281609196,64.72760416666667,68.39630876068377,3.6497395833333335,45.03645833333334,38.37083333333333,69.70624281609196,Satisfactory,13.0012,80.2014
2023-07-02,Delhi_AnandVihar_2023-10-01_2023-11-30,42.87847222222222,163.78125,194.74479166666663,18.70072463768116,1.7239583333333333,28.73229166666667,28.73229166666667,7,183,71.07052203065135,142.71371644295303,214.74479166666663,23.37590579710145,84.97106481481481,28.73229166666667,214.74479166666663,Poor,28.6476,77.3158
2023-07-02,Kolkata_Victoria_2023-10-01_2023-11-30,18.72743055555556,50.58090277777777,9.196041666666668,4.285347222222222,0.2602777777777778,32.48802083333333,32.48802083333333,7,183,31.21238425925927,,11.495052083333334,5.356684027777777,13.01388888888889,32.48802083333333,32.48802083333333,Good,22.5448,88.3426
2023-07-02,Mumbai_Bandra_2023-10-01_2023-11-30,,,,,,,,7,183,,,,,,,,Unknown,19.0544,72.8402
2023-07-03,Chennai_Alandur_2023-10-01_2023-11-30,38.85065972222223,59.77059027777778,51.20635416666667,3.4090625,0.7324652777777777,38.46954861111112,38.46954861111112,7,184,64.26490780651343,59.77059027777778,63.82336805555556,4.261328125,36.623263888888886,38.46954861111112,64.26490780651343,Satisfactory,13.0012,80.2014
2023-07-03,Delhi_AnandVihar_2023-10-01_2023-11-30,60.69444444444445,180.6770833333333,248.33125,15.453125,2.227777777777778,23.24305555555556,23.24305555555556,7,184,,153.93980704697984,268.33125,19.31640625,102.6012658227848,23.24305555555556,268.33125,Poor,28.6476,77.3158
2023-07-03,Kolkata_Victoria_2023-10-01_2023-11-30,15.01159420289855,42.8231884057971,9.483680555555557,4.697537878787879,0.3290942028985507,23.90666666666667,23.90666666666667,7,184,25.019323671497585,42.8231884057971,11.854600694444446,5.8719223484848495,16.454710144927535,23.90666666666667,42.8231884057971,Good,22.5448,88.3426
2023-07-03,Mumbai_Bandra_2023-10-01_2023-11-30,,,,,,,,7,184,,,,,,,,Unknown,19.0544,72.8402
2023-07-04,Chennai_Alandur_2023-10-01_2023-11-30,37.989270833333336,58.44378472222223,58.121388888888895,3.0908333333333338,0.7594791666666666,38.15236111111111,38.15236111111111,7,185,62.80945761494253,58.44378472222223,72.51148860398861,3.8635416666666673,37.97395833333333,38.15236111111111,72.51148860398861,Satisfactory,13.0012,80.2014
2023-07-04,Delhi_AnandVihar_2023-10-01_2023-11-30,52.06597222222222,129.79166666666666,211.96944444444443,14.277651515151517,1.9086805555555555,15.3125,15.3125,7,185,86.59422892720306,120.13003355704696,231.96944444444443,17.847064393939394,95.02816358024693,15.3125,231.96944444444443,Poor,28.6476,77.3158
2023-07-04,Kolkata_Victoria_2023-10-01_2023-11-30,10.886111111111113,33.43055555555556,10.719166666666666,5.033333333333333,0.3043402777777778,16.7409375,16.7409375,7,185,18.143518518518523,33.43055555555556,13.398958333333333,6.291666666666666,15.21701388888889,16.7409375,33.43055555555556,Good,22.5448,88.3426
2023-07-04,Mumbai_Bandra_2023-10-01_2023-11-30,,,,,,,,7,185,,,,,,,,Unknown,19.0544,72.8402
2023-07-05,Chennai_Alandur_2023-10-01_2023-11-30,35.3257196969697,54.27284090909091,73.47488636363636,3.559810606060606,0.8193181818181817,37.88878787878787,37.88878787878787,7,186,58.30897466039708,54.27284090909091,91.8017803030303,4.449763257575757,40.965909090909086,37.88878787878787,91.8017803030303,Satisfactory,13.0012,80.2014
2023-07-05,Delhi_AnandVihar_2023-10-01_2023-11-30,41.125,75.64473684210526,166.43159722222222,18.31060606060606,1.5215277777777778,24.398958333333336,24.398958333333336,7,186,68.10775862068965,75.64473684210526,186.43159722222225,22.88825757575757,73.94984567901234,24.398958333333336,186.43159722222225,Moderate,28.6476,77.3158
2023-07-05,Kolkata_Victoria_2023-10-01_2023-11-30,8.333695652173914,27.134057971014496,11.876884057971017,5.1719202898550725,0.3260763888888889,16.628625,16.628625,7,186,13.88949275362319,27.134057971014496,14.846105072463772,6.464900362318841,16.303819444444446,16.628625,27.134057971014496,Good,22.5448,88.3426
2023-07-05,Mumbai_Bandra_2023-10-01_2023-11-30,,,,,,,,7,186,,,,,,,,Unknown,19.0544,72.8402
2023-07-06,Chennai_Alandur_2023-10-01_2023-11-30,36.55076388888889,56.233125,63.05767361111111,3.8108333333333335,0.7017013888888889,38.12996527777778,38.12996527777778,7,187,60.37887691570881,56.233125,78.71348735754987,4.763541666666667,35.08506944444444,38.12996527777778,78.71348735754987,Satisfactory,13.0012,80.2014
2023-07-06,Delhi_AnandVihar_2023-10-01_2023-11-30,32.67460317460317,,176.18174603174603,17.788425925925925,3.3361111111111112,14.774206349206349,14.774206349206349,7,187,53.8295019157088,,196.18174603174603,22.235532407407405,116.49050632911391,14.774206349206349,196.18174603174603,Moderate,28.6476,77.3158
2023-07-06,Kolkata_Victoria_2023-10-01_2023-11-30,8.43125,39.53854166666667,13.398506944444444,4.777326388888889,0.2410069444444444,12.81173076923077,12.81173076923077,7,187,14.052083333333334,39.53854166666667,16.748133680555554,5.971657986111111,12.05034722222222,12.81173076923077,39.53854166666667,Good,22.5448,88.3426
2023-07-06,Mumbai_Bandra_2023-10-01_2023-11-30,,,,,,,,7,187,,,,,,,,Unknown,19.0544,72.8402
2023-07-07,Chennai_Alandur_2023-10-01_2023-11-30,43.37017361111111,66.72322916666667,117.38583333333334,3.2624305555555555,0.8664236111111111,38.61048611111111,38.61048611111111,7,188,71.9013278256705,66.72322916666667,137.38583333333332,4.078038194444444,43.32118055555556,38.61048611111111,137.38583333333332,Moderate,13.0012,80.2014
2023-07-07,Delhi_AnandVihar_2023-10-01_2023-11-30,34.233333333333334,82.125,186.5875,16.207738095238096,1.5410714285714284,12.403571428571428,12.403571428571428,7,188,56.4632183908046,82.125,206.5875,20.25967261904762,75.01388888888889,12.403571428571428,206.5875,Poor,28.6476,77.3158
2023-07-07,Kolkata_Victoria_2023-10-01_2023-11-30,10.085416666666664,43.28333333333333,11.860347222222222,4.443611111111111,0.2293402777777777,16.813576388888887,16.813576388888887,7,188,16.809027777777775,43.28333333333333,14.825434027777778,5.554513888888889,11.467013888888886,16.813576388888887,43.28333333333333,Good,22.5448,88.3426
2023-07-07,Mumbai_Bandra_2023-10-01_2023-11-30,,,,,,,,7,188,,,,,,,,Unknown,19.0544,72.8402
2023-07-08,Chennai_Alandur_2023-10-01_2023-11-30,42.09319444444444,64.75798611111111,73.07850694444444,3.844513888888889,0.9641319444444444,38.48204861111111,38.48204861111111,7,189,69.7436733716475,64.75798611111111,91.30376513532764,4.805642361111111,48.20659722222222,38.48204861111111,91.30376513532764,Satisfactory,13.0012,80.2014
2023-07-08,Delhi_AnandVihar_2023-10-01_2023-11-30,30.15,56.24166666666666,192.85795454545453,17.857142857142858,1.847348484848485,24.413636363636364,24.413636363636364,7,189,,56.24166666666666,212.85795454545453,22.321428571428573,91.68897306397308,24.413636363636364,212.85795454545453,Poor,28.6476,77.3158
2023-07-08,Kolkata_Victoria_2023-10-01_2023-11-30,8.498958333333333,40.85520833333333,10.064965277777778,5.225868055555556,0.1846527777777777,22.80732638888889,22.80732638888889,7,189,14.164930555555555,40.85520833333333,12.581206597222224,6.532335069444445,9.232638888888884,22.80732638888889,40.85520833333333,Good,22.5448,88.3426
2023-07-08,Mumbai_Bandra_2023-10-01_2023-11-30,,,,,,,,7,189,,,,,,,,Unknown,19.0544,72.8402
2023-07-09,Chennai_Alandur_2023-10-01_2023-11-30,32.89256944444445,50.60496527777778,55.945625,2.9893750000000003,0.8363541666666667,41.25642361111111,41.25642361111111,7,190,54.19778975095786,,69.77783653846154,3.736718750000001,41.817708333333336,41.25642361111111,69.77783653846154,Satisfactory,13.0012,80.2014
2023-07-09,Delhi_AnandVihar_2023-10-01_2023-11-30,27.77777777777778,44.22727272727273,102.596875,15.931818181818182,1.320486111111111,17.330555555555556,17.330555555555556,7,190,46.2962962962963,44.22727272727273,122.596875,19.914772727272727,63.00424382716049,17.330555555555556,122.596875,Moderate,28.6476,77.3158
2023-07-09,Kolkata_Victoria_2023-10-01_2023-11-30,16.612152777777776,53.253125,8.206041666666666,5.319409722222223,0.1767361111111111,29.371284722222224,29.371284722222224,7,190,27.68692129629629,53.253125,10.257552083333332,6.649262152777778,8.836805555555555,29.371284722222224,53.253125,Satisfactory,22.5448,88.3426
2023-07-09,Mumbai_Bandra_2023-10-01_2023-11-30,,,,,,,,7,190,,,,,,,,Unknown,19.0544,72.8402
2023-07-10,Chennai_Alandur_2023-10-01_2023-11-30,30.565381944444443,47.02079861111111,55.35177083333334,3.024652777777778,1.0117708333333333,39.902881944444445,39.902881944444445,7,191,,47.02079861111111,69.03171207264958,3.7808159722222223,,39.902881944444445,69.03171207264958,Satisfactory,13.0012,80.2014
2023-07-10,Delhi_AnandVihar_2023-10-01_2023-11-30,32.78125,52.489583333333336,114.56041666666664,22.52386363636364,1.6079861111111111,38.92644927536232,38.92644927536232,7,191,54.00969827586207,52.489583333333336,134.56041666666664,28.15482954545455,78.65702160493827,38.92644927536232,134.56041666666664,Moderate,28.6476,77.3158
2023-07-10,Kolkata_Victoria_2023-10-01_2023-11-30,14.642857142857142,59.91875,10.453888888888889,4.405243055555556,0.2102083333333333,27.390659722222225,27.390659722222225,7,191,24.404761904761905,59.91875,13.067361111111111,5.506553819444445,10.510416666666664,27.390659722222225,59.91875,Satisfactory,22.5448,88.3426
2023-07-10,Mumbai_Bandra_2023-10-01_2023-11-30,,,,,,,,7,191,,,,,,,,Unknown,19.0544,72.8402
2023-07-11,Chennai_Alandur_2023-10-01_2023-11-30,39.105555555555554,60.161875,61.18690972222223,3.484305555555556,1.044513888888889,37.67743055555555,37.67743055555555,7,192,64.6955938697318,60.161875,76.36304042022793,4.355381944444446,,37.67743055555555,76.36304042022793,Satisfactory,13.0012,80.2014
2023-07-11,Delhi_AnandVihar_2023-10-01_2023-11-30,35.302083333333336,100.10416666666669,107.04270833333334,19.17569444444445,1.8989583333333333,18.413541666666667,18.413541666666667,7,192,58.269037356321846,,127.04270833333334,23.96961805555556,94.49884259259258,18.413541666666667,127.04270833333334,Moderate,28.6476,77.3158
2023-07-11,Kolkata_Victoria_2023-10-01_2023-11-30,18.25151515151515,43.01477272727273,9.706319444444444,5.186195652173913,0.1789583333333333,18.80815972222222,18.80815972222222,7,192,30.41919191919192,43.01477272727273,12.132899305555556,6.482744565217391,8.947916666666664,18.80815972222222,43.01477272727273,Good,22.5448,88.3426
2023-07-11,Mumbai_Bandra_2023-10-01_2023-11-30,,,,,,,,7,192,,,,,,,,Unknown,19.0544,72.8402
2023-07-12,Chennai_Alandur_2023-10-01_2023-11-30,43.7790625,67.34965277777778,61.63854166666667,3.373194444444444,0.972777777777778,39.01402777777778,39.01402777777778,7,193,72.59220905172414,67.34965277777778,76.93047542735043,4.216493055555556,48.6388888888889,39.01402777777778,76.93047542735043,Satisfactory,13.0012,80.2014
2023-07-12,Delhi_AnandVihar_2023-10-01_2023-11-30,27.83680555555556,110.40625,74.05972222222222,18.01746031746032,3.365625,19.0875,19.0875,7,193,46.39467592592594,107.24979026845638,92.53657407407408,22.5218253968254,116.86036392405065,19.0875,116.86036392405065,Moderate,28.6476,77.3158
2023-07-12,Kolkata_Victoria_2023-10-01_2023-11-30,14.6375,32.82986111111111,10.070555555555556,4.787638888888889,0.2060416666666666,14.15986111111111,14.15986111111111,7,193,24.39583333333333,32.82986111111111,12.588194444444444,5.984548611111111,10.30208333333333,14.15986111111111,32.82986111111111,Good,22.5448,88.3426
2023-07-12,Mumbai_Bandra_2023-10-01_2023-11-30,,,,,,,,7,193,,,,,,,,Unknown,19.0544,72.8402
2023-07-13,Chennai_Alandur_2023-10-01_2023-11-30,36.5753125,56.27256944444445,134.24673611111112,3.4445833333333336,2.3901041666666667,39.10208333333333,39.10208333333333,7,194,60.42035560344828,56.27256944444445,154.24673611111112,4.305729166666667,104.6354825949367,39.10208333333333,154.24673611111112,Moderate,13.0012,80.2014
2023-07-13,Delhi_AnandVihar_2023-10-01_2023-11-30,26.71875,93.96875,65.18472222222222,17.13088235294118,3.276851851851852,17.649537037037035,17.649537037037035,7,194,44.53125,93.96875,81.38593304843305,21.41360294117647,115.74789029535864,17.649537037037035,115.74789029535864,Moderate,28.6476,77.3158
2023-07-13,Kolkata_Victoria_2023-10-01_2023-11-30,13.354166666666666,25.852083333333336,10.105659722222224,4.762152777777778,0.2229861111111111,15.219965277777776,15.219965277777776,7,194,22.256944444444443,25.852083333333336,12.63207465277778,5.952690972222222,11.149305555555555,15.219965277777776,25.852083333333336,Good,22.5448,88.3426
2023-07-13,Mumbai_Bandra_2023-10-01_2023-11-30,,,,,,,,7,194,,,,,,,,Unknown,19.0544,72.8402
2023-07-14,Chennai_Alandur_2023-10-01_2023-11-30,40.55311594202899,62.38840579710145,102.28431159420288,3.270833333333333,1.3611594202898551,38.69079710144928,38.69079710144928,7,195,67.14147176411794,62.38840579710145,122.28431159420288,4.088541666666666,65.21867954911433,38.69079710144928,122.28431159420288,Moderate,13.0012,80.2014
2023-07-14,Delhi_AnandVihar_2023-10-01_2023-11-30,,,,,,,,7,195,,,,,,,,Unknown,28.6476,77.3158
2023-07-14,Kolkata_Victoria_2023-10-01_2023-11-30,24.95625,43.37083333333334,12.343090277777778,4.588854166666667,0.2933333333333333,24.129583333333333,24.129583333333333,7,195,41.59375,43.37083333333334,15.428862847222222,5.736067708333334,14.666666666666664,24.129583333333333,43.37083333333334,Good,22.5448,88.3426
2023-07-14,Mumbai_Bandra_2023-10-01_2023-11-30,,,,,,,,7,195,,,,,,,,Unknown,19.0544,72.8402
2023-07-15,Chennai_Alandur_2023-10-01_2023-11-30,39.730694444444445,61.123263888888886,104.43621527777778,3.4414583333333333,1.0415625,38.7384375,38.7384375,7,196,65.75186302681993,61.123263888888886,124.43621527777778,4.301822916666667,,38.7384375,124.43621527777778,Moderate,13.0012,80.2014
2023-07-15,Delhi_AnandVihar_2023-10-01_2023-11-30,,,,,,,,7,196,,,,,,,,Unknown,28.6476,77.3158
2023-07-15,Kolkata_Victoria_2023-10-01_2023-11-30,20.744444444444444,32.98888888888889,12.429083333333336,4.390740740740741,0.3083333333333333,15.1475,15.1475,7,196,34.57407407407408,32.98888888888889,15.536354166666673,5.488425925925926,15.416666666666664,15.1475,34.57407407407408,Good,22.5448,88.3426
2023-07-15,Mumbai_Bandra_2023-10-01_2023-11-30,,,,,,,,7,196,,,,,,,,Unknown,19.0544,72.8402
2023-07-16,Chennai_Alandur_2023-10-01_2023-11-30,42.820972222222224,65.86159722222222,89.11215277777778,2.825625,1.2584375,38.926944444444445,38.926944444444445,7,197,70.97336685823755,65.86159722222222,109.11215277777778,3.53203125,59.626041666666666,38.926944444444445,109.11215277777778,Moderate,13.0012,80.2014
2023-07-16,Delhi_AnandVihar_2023-10-01_2023-11-30,,,,,,,,7,197,,,,,,,,Unknown,28.6476,77.3158
2023-07-16,Kolkata_Victoria_2023-10-01_2023-11-30,13.922222222222222,27.12048611111111,10.90625,4.7534375,0.318923611111111,20.47263888888889,20.47263888888889,7,197,23.203703703703702,27.12048611111111,13.6328125,5.9417968750000005,15.94618055555555,20.47263888888889,27.12048611111111,Good,22.5448,88.3426
2023-07-16,Mumbai_Bandra_2023-10-01_2023-11-30,,,,,,,,7,197,,,,,,,,Unknown,19.0544,72.8402
2023-07-17,Chennai_Alandur_2023-10-01_2023-11-30,48.10618055555556,74.0098611111111,97.1270486111111,3.430798611111112,1.4991666666666663,38.80590277777778,38.80590277777778,7,198,79.90354645593871,74.0098611111111,117.1270486111111,4.28849826388889,72.73240740740738,38.80590277777778,117.1270486111111,Moderate,13.0012,80.2014
2023-07-17,Delhi_AnandVihar_2023-10-01_2023-11-30,,,,,,,,7,198,,,,,,,,Unknown,28.6476,77.3158
2023-07-17,Kolkata_Victoria_2023-10-01_2023-11-30,14.838541666666666,27.065625,11.887465277777778,4.9521875,0.3680208333333333,18.15545138888889,18.15545138888889,7,198,24.73090277777778,27.065625,14.859331597222225,6.190234375,18.401041666666664,18.15545138888889,27.065625,Good,22.5448,88.3426
2023-07-17,Mumbai_Bandra_2023-10-01_2023-11-30,,,,,,,,7,198,,,,,,,,Unknown,19.0544,72.8402
2023-07-18,Chennai_Alandur_2023-10-01_2023-11-30,56.34611111111111,86.63291666666667,109.0655902777778,3.103125,1.8635069444444443,38.64756944444444,38.64756944444444,7,199,93.8261877394636,86.63291666666667,129.0655902777778,3.87890625,92.56871141975309,38.64756944444444,129.0655902777778,Moderate,13.0012,80.2014
2023-07-18,Delhi_AnandVihar_2023-10-01_2023-11-30,,,,,,,,7,199,,,,,,,,Unknown,28.6476,77.3158
2023-07-18,Kolkata_Victoria_2023-10-01_2023-11-30,13.716666666666669,28.960416666666664,10.251076388888889,4.589444444444444,0.3221527777777778,17.819375,17.819375,7,199,22.861111111111114,28.960416666666664,12.813845486111113,5.736805555555556,16.10763888888889,17.819375,28.960416666666664,Good,22.5448,88.3426
2023-07-18,Mumbai_Bandra_2023-10-01_2023-11-30,,,,,,,,7,199,,,,,,,,Unknown,19.0544,72.8402
2023-07-19,Chennai_Alandur_2023-10-01_2023-11-30,51.04447916666667,78.53368055555556,125.57420289855074,2.312048611111112,1.159652777777778,38.15197916666667,38.15197916666667,7,200,84.86825790229886,78.53368055555556,145.57420289855074,2.89006076388889,54.24776234567902,38.15197916666667,145.57420289855074,Moderate,13.0012,80.2014
2023-07-19,Delhi_AnandVihar_2023-10-01_2023-11-30,,,,,,,,7,200,,,,,,,,Unknown,28.6476,77.3158
2023-07-19,Kolkata_Victoria_2023-10-01_2023-11-30,11.802651515151512,28.8625,11.099166666666669,4.255113636363636,0.3406439393939394,17.838863636363637,17.838863636363637,7,200,19.67108585858585,28.8625,13.873958333333336,5.318892045454545,17.03219696969697,17.838863636363637,28.8625,Good,22.5448,88.3426
2023-07-19,Mumbai_Bandra_2023-10-01_2023-11-30,,,,,,,,7,200,,,,,,,,Unknown,19.0544,72.8402
2023-07-20,Chennai_Alandur_2023-10-01_2023-11-30,60.684895833333336,93.36149305555556,114.46520833333334,2.1312847222222224,1.0057291666666666,37.36868055555556,37.36868055555556,7,201,,93.36149305555556,134.46520833333335,2.664105902777778,,37.36868055555556,134.46520833333335,Moderate,13.0012,80.2014
2023-07-20,Delhi_AnandVihar_2023-10-01_2023-11-30,43.41666666666666,120.2962962962963,75.64166666666667,16.572222222222223,2.5250000000000004,10.288888888888888,10.288888888888888,7,201,71.97988505747125,113.82102908277406,94.52414529914527,20.71527777777778,106.3259493670886,10.288888888888888,113.82102908277406,Moderate,28.6476,77.3158
2023-07-20,Kolkata_Victoria_2023-10-01_2023-11-30,11.483333333333334,29.178985507246377,13.663257575757576,4.663623188405797,0.2754861111111111,18.16340579710145,18.16340579710145,7,201,19.138888888888893,29.178985507246377,17.07907196969697,5.829528985507246,13.774305555555555,18.16340579710145,29.178985507246377,Good,22.5448,88.3426
2023-07-20,Mumbai_Bandra_2023-10-01_2023-11-30,,,,,,,,7,201,,,,,,,,Unknown,19.0544,72.8402
2023-07-21,Chennai_Alandur_2023-10-01_2023-11-30,63.188159722222224,97.21097222222222,107.0051736111111,1.9545138888888889,1.1854861111111112,37.51864583333333,37.51864583333333,7,202,108.46992456896552,97.21097222222222,127.0051736111111,2.443142361111111,55.6542438271605,37.51864583333333,127.0051736111111,Moderate,13.0012,80.2014
2023-07-21,Delhi_AnandVihar_2023-10-01_2023-11-30,55.99122807017543,185.1052631578948,68.64920634920635,17.35674603174603,3.099206349206349,15.59875,15.59875,7,202,93.2265577737447,156.8820204874603,85.73874643874643,21.695932539682538,113.52169981916816,15.59875,156.8820204874603,Moderate,28.6476,77.3158
2023-07-21,Kolkata_Victoria_2023-10-01_2023-11-30,6.253125,26.936805555555555,13.24767361111111,4.715729166666667,0.2923958333333333,18.56545138888889,18.56545138888889,7,202,10.421875,26.936805555555555,16.55959201388889,5.894661458333333,14.619791666666664,18.56545138888889,26.936805555555555,Good,22.5448,88.3426
2023-07-21,Mumbai_Bandra_2023-10-01_2023-11-30,,,,,,,,7,202,,,,,,,,Unknown,19.0544,72.8402
2023-07-22,Chennai_Alandur_2023-10-01_2023-11-30,47.95260416666667,73.77204861111112,93.16069444444445,2.035902777777778,1.507847222222222,37.10496527777778,37.10496527777778,7,203,79.64405531609195,73.77204861111112,113.16069444444445,2.5448784722222224,73.20501543209875,37.10496527777778,113.16069444444445,Moderate,13.0012,80.2014
2023-07-22,Delhi_AnandVihar_2023-10-01_2023-11-30,25.035714285714285,106.46428571428572,46.13333333333334,19.43125,0.8783333333333333,6.105,6.105,7,203,41.72619047619048,104.63063279002876,57.44957264957266,24.2890625,43.91666666666666,6.105,104.63063279002876,Moderate,28.6476,77.3158
2023-07-22,Kolkata_Victoria_2023-10-01_2023-11-30,7.185416666666666,30.78090277777778,12.15545138888889,4.379166666666666,0.3178472222222222,15.5528125,15.5528125,7,203,11.975694444444445,30.78090277777778,15.194314236111111,5.473958333333333,15.89236111111111,15.5528125,30.78090277777778,Good,22.5448,88.3426
2023-07-22,Mumbai_Bandra_2023-10-01_2023-11-30,,,,,,,,7,203,,,,,,,,Unknown,19.0544,72.8402
2023-07-23,Chennai_Alandur_2023-10-01_2023-11-30,29.944305555555555,46.067638888888894,57.92142361111112,2.452256944444444,1.362083333333333,37.50770833333333,37.50770833333333,7,204,49.90717592592593,46.067638888888894,72.26025017806269,3.065321180555556,65.26898148148146,37.50770833333333,72.26025017806269,Satisfactory,13.0012,80.2014
2023-07-23,Delhi_AnandVihar_2023-10-01_2023-11-30,30.71590909090909,79.08333333333333,84.22118055555556,14.658333333333331,1.65,9.429166666666667,9.429166666666667,7,204,,79.08333333333333,104.22118055555556,18.322916666666664,80.94444444444444,9.429166666666667,104.22118055555556,Moderate,28.6476,77.3158
2023-07-23,Kolkata_Victoria_2023-10-01_2023-11-30,6.514236111111111,26.665625,11.88625,4.829305555555556,0.2616319444444444,17.946319444444445,17.946319444444445,7,204,10.857060185185183,26.665625,14.8578125,6.036631944444445,13.081597222222218,17.946319444444445,26.665625,Good,22.5448,88.3426
2023-07-23,Mumbai_Bandra_2023-10-01_2023-11-30,,,,,,,,7,204,,,,,,,,Unknown,19.0544,72.8402
2023-07-24,Chennai_Alandur_2023-10-01_2023-11-30,33.28243055555556,51.19920138888889,84.1504861111111,2.362951388888889,0.9784722222222224,38.17135416666667,38.17135416666667,7,205,54.85652059386973,51.19920138888889,104.1504861111111,2.953689236111111,48.92361111111112,38.17135416666667,104.1504861111111,Moderate,13.0012,80.2014
2023-07-24,Delhi_AnandVihar_2023-10-01_2023-11-30,26.097826086956523,73.67391304347827,64.12678571428572,13.480072463768115,1.558695652173913,8.758695652173913,8.758695652173913,7,205,43.49637681159421,73.67391304347827,80.05673076923077,16.850090579710145,75.97342995169082,8.758695652173913,80.05673076923077,Satisfactory,28.6476,77.3158
2023-07-24,Kolkata_Victoria_2023-10-01_2023-11-30,8.167361111111111,30.88611111111111,15.667777777777776,4.7174652777777775,0.3527777777777778,15.965833333333334,15.965833333333334,7,205,13.61226851851852,30.88611111111111,19.58472222222222,5.896831597222222,17.63888888888889,15.965833333333334,30.88611111111111,Good,22.5448,88.3426
2023-07-24,Mumbai_Bandra_2023-10-01_2023-11-30,,,,,,,,7,205,,,,,,,,Unknown,19.0544,72.8402
2023-07-25,Chennai_Alandur_2023-10-01_2023-11-30,25.20693181818182,38.80162878787879,89.63352272727273,2.483257575757576,0.980530303030303,36.91924242424243,36.91924242424243,7,206,42.01155303030304,38.80162878787879,109.63352272727272,3.10407196969697,49.02651515151515,36.91924242424243,109.63352272727272,Moderate,13.0012,80.2014
2023-07-25,Delhi_AnandVihar_2023-10-01_2023-11-30,34.697916666666664,82.75,60.11666666666667,17.07638888888889,1.195,9.406884057971014,9.406884057971014,7,206,57.2482040229885,82.75,75.01837606837607,21.34548611111111,56.172222222222224,9.406884057971014,82.75,Satisfactory,28.6476,77.3158
2023-07-25,Kolkata_Victoria_2023-10-01_2023-11-30,6.828472222222222,27.350347222222226,15.152534722222224,4.843368055555556,0.3095486111111111,14.331666666666663,14.331666666666663,7,206,11.380787037037036,27.350347222222226,18.94066840277778,6.054210069444444,15.477430555555555,14.331666666666663,27.350347222222226,Good,22.5448,88.3426
2023-07-25,Mumbai_Bandra_2023-10-01_2023-11-30,,,,,,,,7,206,,,,,,,,Unknown,19.0544,72.8402
2023-07-26,Chennai_Alandur_2023-10-01_2023-11-30,32.336215277777775,49.74625,75.15409722222222,2.567951388888889,0.8469791666666667,37.055590277777775,37.055590277777775,7,207,53.25774305555555,49.74625,93.91155804843304,3.2099392361111114,42.348958333333336,37.055590277777775,93.91155804843304,Satisfactory,13.0012,80.2014
2023-07-26,Delhi_AnandVihar_2023-10-01_2023-11-30,34.388888888888886,64.13636363636364,76.82875,14.341666666666669,2.498076923076923,15.445833333333333,15.445833333333333,7,207,56.72605363984674,64.13636363636364,96.01560897435895,17.927083333333336,105.988558909445,15.445833333333333,105.988558909445,Moderate,28.6476,77.3158
2023-07-26,Kolkata_Victoria_2023-10-01_2023-11-30,8.534782608695652,39.4427536231884,13.939965277777778,4.305579710144928,0.3061805555555555,16.101485507246377,16.101485507246377,7,207,14.22463768115942,39.4427536231884,17.424956597222224,5.381974637681159,15.309027777777777,16.101485507246377,39.4427536231884,Good,22.5448,88.3426
2023-07-26,Mumbai_Bandra_2023-10-01_2023-11-30,,,,,,,,7,207,,,,,,,,Unknown,19.0544,72.8402
2023-07-27,Chennai_Alandur_2023-10-01_2023-11-30,38.32145833333333,58.96034722222223,62.16975694444444,2.168715277777778,0.885798611111111,38.27534722222222,38.27534722222222,7,208,63.370739942528736,58.96034722222223,77.59789975071224,2.7108940972222224,44.28993055555555,38.27534722222222,77.59789975071224,Satisfactory,13.0012,80.2014
2023-07-27,Delhi_AnandVihar_2023-10-01_2023-11-30,46.18421052631579,158.72368421052633,99.3907894736842,15.480833333333331,,22.18421052631579,22.18421052631579,7,208,76.65607985480943,139.35332038149065,119.3907894736842,19.351041666666664,,22.18421052631579,139.35332038149065,Moderate,28.6476,77.3158
2023-07-27,Kolkata_Victoria_2023-10-01_2023-11-30,9.318402777777775,28.597916666666663,13.256388888888887,4.844062500000001,0.2682291666666667,19.282881944444444,19.282881944444444,7,208,15.530671296296292,28.597916666666663,16.57048611111111,6.0550781250000005,13.411458333333334,19.282881944444444,28.597916666666663,Good,22.5448,88.3426
2023-07-27,Mumbai_Bandra_2023-10-01_2023-11-30,,,,,,,,7,208,,,,,,,,Unknown,19.0544,72.8402
2023-07-28,Chennai_Alandur_2023-10-01_2023-11-30,50.32423611111111,77.42298611111111,124.91851449275364,2.9694696969696968,0.9751388888888888,36.82555555555555,36.82555555555555,7,209,83.6512954980843,77.42298611111111,144.91851449275364,3.711837121212121,48.75694444444444,36.82555555555555,144.91851449275364,Moderate,13.0012,80.2014
2023-07-28,Delhi_AnandVihar_2023-10-01_2023-11-30,29.36111111111111,59.66666666666666,40.55833333333333,16.78055555555555,1.5833333333333333,15.63148148148148,15.63148148148148,7,209,48.93518518518518,59.66666666666666,,20.97569444444444,77.31481481481481,15.63148148148148,77.31481481481481,Satisfactory,28.6476,77.3158
2023-07-28,Kolkata_Victoria_2023-10-01_2023-11-30,6.097222222222222,23.632638888888888,14.1375,4.819097222222222,0.3075347222222222,20.23645833333333,20.23645833333333,7,209,10.162037037037038,23.632638888888888,17.671875,6.023871527777778,15.37673611111111,20.23645833333333,23.632638888888888,Good,22.5448,88.3426
2023-07-28,Mumbai_Bandra_2023-10-01_2023-11-30,,,,,,,,7,209,,,,,,,,Unknown,19.0544,72.8402
2023-07-29,Chennai_Alandur_2023-10-01_2023-11-30,45.407222222222224,69.85253472222222,84.75635416666667,2.031485507246377,1.0569791666666666,37.781666666666666,37.781666666666666,7,210,75.34323754789273,69.85253472222222,104.75635416666668,2.539356884057971,,37.781666666666666,104.75635416666668,Moderate,13.0012,80.2014
2023-07-29,Delhi_AnandVihar_2023-10-01_2023-11-30,24.23913043478261,67.65217391304348,46.43208333333333,11.178125,1.2727272727272727,18.371031746031743,18.371031746031743,7,210,40.39855072463769,67.65217391304348,57.824925213675215,13.97265625,60.4040404040404,18.371031746031743,67.65217391304348,Satisfactory,28.6476,77.3158
2023-07-29,Kolkata_Victoria_2023-10-01_2023-11-30,9.729861111111113,27.767013888888886,11.606736111111111,5.183125,0.3845833333333333,18.82055555555556,18.82055555555556,7,210,16.21643518518519,27.767013888888886,14.508420138888887,6.4789062500000005,19.229166666666664,18.82055555555556,27.767013888888886,Good,22.5448,88.3426
2023-07-29,Mumbai_Bandra_2023-10-01_2023-11-30,,,,,,,,7,210,,,,,,,,Unknown,19.0544,72.8402
2023-07-30,Chennai_Alandur_2023-10-01_2023-11-30,35.66704861111111,54.87444444444444,52.75211805555555,2.6819565217391306,0.928472222222222,38.17715277777778,38.17715277777778,7,211,58.8857028256705,54.87444444444444,65.76548165954415,3.352445652173913,46.4236111111111,38.17715277777778,65.76548165954415,Satisfactory,13.0012,80.2014
2023-07-30,Delhi_AnandVihar_2023-10-01_2023-11-30,35.40625,154.375,87.42604166666666,13.02777777777778,1.4659090909090908,10.097916666666666,10.097916666666666,7,211,58.44504310344828,136.46392617449663,107.42604166666666,16.284722222222225,70.92171717171716,10.097916666666666,136.46392617449663,Moderate,28.6476,77.3158
2023-07-30,Kolkata_Victoria_2023-10-01_2023-11-30,10.176041666666666,31.33333333333333,13.81048611111111,4.850119047619048,0.2008333333333333,21.09673611111111,21.09673611111111,7,211,16.960069444444446,31.33333333333333,17.26310763888889,6.062648809523809,10.041666666666666,21.09673611111111,31.33333333333333,Good,22.5448,88.3426
2023-07-30,Mumbai_Bandra_2023-10-01_2023-11-30,,,,,,,,7,211,,,,,,,,Unknown,19.0544,72.8402
2023-07-31,Chennai_Alandur_2023-10-01_2023-11-30,35.514201388888885,54.636631944444446,63.37680555555556,3.227310606060606,1.2422916666666668,38.60496527777778,38.60496527777778,7,212,58.62744372605364,54.636631944444446,79.11444800569802,4.034138257575758,58.74699074074074,38.60496527777778,79.11444800569802,Satisfactory,13.0012,80.2014
2023-07-31,Delhi_AnandVihar_2023-10-01_2023-11-30,61.44791666666666,296.0520833333333,103.040625,13.449305555555556,1.1772727272727272,10.178125,10.178125,7,212,102.52909482758618,246.0520833333333,123.040625,16.811631944444446,55.2070707070707,10.178125,246.0520833333333,Poor,28.6476,77.3158
2023-07-31,Kolkata_Victoria_2023-10-01_2023-11-30,20.89965277777777,48.74166666666667,16.28559027777778,4.940659722222223,0.2839930555555555,26.88611111111111,26.88611111111111,7,212,34.83275462962962,48.74166666666667,20.35698784722222,6.175824652777778,14.199652777777777,26.88611111111111,48.74166666666667,Good,22.5448,88.3426
2023-07-31,Mumbai_Bandra_2023-10-01_2023-11-30,,,,,,,,7,212,,,,,,,,Unknown,19.0544,72.8402
2023-08-01,Chennai_Alandur_2023-10-01_2023-11-30,43.60836805555556,67.08989583333333,84.19315972222222,2.322013888888889,1.100451388888889,37.32378472222222,37.32378472222222,8,213,72.30379430076628,67.08989583333333,104.19315972222222,2.9025173611111112,51.02457561728395,37.32378472222222,104.19315972222222,Moderate,13.0012,80.2014
2023-08-01,Delhi_AnandVihar_2023-10-01_2023-11-30,43.03125,272.6979166666667,93.04340277777776,15.50798611111111,1.1871527777777775,9.382291666666667,9.382291666666667,8,213,71.32866379310344,222.69791666666669,113.04340277777776,19.38498263888889,55.74498456790121,9.382291666666667,222.69791666666669,Poor,28.6476,77.3158
2023-08-01,Kolkata_Victoria_2023-10-01_2023-11-30,13.225,30.24861111111112,16.63715277777778,4.699618055555556,0.2714236111111111,26.02350694444445,26.02350694444445,8,213,22.041666666666668,30.24861111111112,20.79644097222222,5.874522569444444,13.571180555555554,26.02350694444445,30.24861111111112,Good,22.5448,88.3426
2023-08-01,Mumbai_Bandra_2023-10-01_2023-11-30,,,,,,,,8,213,,,,,,,,Unknown,19.0544,72.8402
2023-08-02,Chennai_Alandur_2023-10-01_2023-11-30,50.41621527777778,77.56072916666666,93.39055555555557,2.23375,0.8470138888888888,37.30916666666666,37.30916666666666,8,214,83.80670857279694,77.56072916666666,113.39055555555557,2.7921875000000003,42.35069444444444,37.30916666666666,113.39055555555557,Moderate,13.0012,80.2014
2023-08-02,Delhi_AnandVihar_2023-10-01_2023-11-30,40.69927536231884,285.0652173913044,91.8891304347826,15.004710144927538,0.9138888888888888,7.690972222222222,7.690972222222222,8,214,67.3884307846077,235.0652173913044,111.8891304347826,18.75588768115942,45.69444444444444,7.690972222222222,235.0652173913044,Poor,28.6476,77.3158
2023-08-02,Kolkata_Victoria_2023-10-01_2023-11-30,10.003409090909091,21.717424242424244,14.404722222222222,4.511780303030303,0.1826449275362318,18.77764492753624,18.77764492753624,8,214,16.672348484848488,21.717424242424244,18.005902777777777,5.639725378787879,9.13224637681159,18.77764492753624,21.717424242424244,Good,22.5448,88.3426
2023-08-02,Mumbai_Bandra_2023-10-01_2023-11-30,,,,,,,,8,214,,,,,,,,Unknown,19.0544,72.8402
2023-08-03,Chennai_Alandur_2023-10-01_2023-11-30,56.09607638888889,86.30055555555555,69.00194444444445,3.2511231884057974,1.5325694444444444,37.26826923076924,37.26826923076924,8,215,93.40371527777778,86.30055555555555,86.18193019943021,4.063903985507247,74.55100308641975,37.26826923076924,93.40371527777778,Satisfactory,13.0012,80.2014
2023-08-03,Delhi_AnandVihar_2023-10-01_2023-11-30,55.911458333333336,361.7760416666667,94.00364583333334,17.284375,1.10625,11.866666666666667,11.866666666666667,8,215,93.09177442528735,314.5041534810127,114.00364583333334,21.60546875,51.34027777777777,11.866666666666667,314.5041534810127,Very Poor,28.6476,77.3158
2023-08-03,Kolkata_Victoria_2023-10-01_2023-11-30,15.986111111111112,41.90694444444444,16.68607638888889,4.594305555555556,0.1880902777777777,21.4525,21.4525,8,215,26.643518518518523,41.90694444444444,20.857595486111112,5.742881944444445,9.404513888888886,21.4525,41.90694444444444,Good,22.5448,88.3426
2023-08-03,Mumbai_Bandra_2023-10-01_2023-11-30,,,,,,,,8,215,,,,,,,,Unknown,19.0544,72.8402
2023-08-04,Chennai_Alandur_2023-10-01_2023-11-30,42.29423611111111,65.07166666666667,52.00694444444445,4.0510069444444445,2.7681597222222223,,,8,216,70.08336446360153,65.07166666666667,64.8292378917379,5.063758680555556,109.3731408227848,,109.3731408227848,Moderate,13.0012,80.2014
2023-08-04,Delhi_AnandVihar_2023-10-01_2023-11-30,44.708333333333336,179.81944444444446,74.2671568627451,13.329901960784312,0.8661764705882353,,,8,216,74.16235632183908,153.36996644295303,92.79719708396178,16.66237745098039,43.30882352941177,,153.36996644295303,Moderate,28.6476,77.3158
2023-08-04,Kolkata_Victoria_2023-10-01_2023-11-30,17.907291666666666,51.942708333333336,20.615069444444444,4.764826388888889,0.1870486111111111,24.532534722222223,24.532534722222223,8,216,29.84548611111111,51.942708333333336,25.768836805555555,5.956032986111111,9.352430555555555,24.532534722222223,51.942708333333336,Satisfactory,22.5448,88.3426
2023-08-04,Mumbai_Bandra_2023-10-01_2023-11-30,,,,,,,,8,216,,,,,,,,Unknown,19.0544,72.8402
2023-08-05,Chennai_Alandur_2023-10-01_2023-11-30,43.845625000000005,67.4540625,47.89611111111111,3.357291666666667,1.5397569444444443,37.9123717948718,37.9123717948718,8,217,72.70467672413794,67.4540625,59.66434472934473,4.196614583333334,74.94232253086419,37.9123717948718,74.94232253086419,Satisfactory,13.0012,80.2014
2023-08-05,Delhi_AnandVihar_2023-10-01_2023-11-30,53.458333333333336,171.5,83.69398148148149,14.838425925925923,1.0921296296296297,,,8,217,88.94683908045977,147.84228187919464,103.69398148148149,18.548032407407405,,,147.84228187919464,Moderate,28.6476,77.3158
2023-08-05,Kolkata_Victoria_2023-10-01_2023-11-30,19.633333333333333,52.54027777777778,16.776284722222222,4.680798611111111,0.2273263888888889,26.421770833333337,26.421770833333337,8,217,32.72222222222222,52.54027777777778,20.970355902777776,5.850998263888889,11.366319444444445,26.421770833333337,52.54027777777778,Satisfactory,22.5448,88.3426
2023-08-05,Mumbai_Bandra_2023-10-01_2023-11-30,,,,,,,,8,217,,,,,,,,Unknown,19.0544,72.8402
2023-08-06,Chennai_Alandur_2023-10-01_2023-11-30,43.43385416666666,66.82135416666667,21.699305555555554,3.663854166666667,1.5375347222222222,31.61270833333333,31.61270833333333,8,218,72.00892600574713,66.82135416666667,27.124131944444443,4.579817708333334,74.8213348765432,31.61270833333333,74.8213348765432,Satisfactory,13.0012,80.2014
2023-08-06,Delhi_AnandVihar_2023-10-01_2023-11-30,43.93055555555555,201.21875,80.41666666666667,14.55347222222222,1.2078703703703704,,,8,218,72.84818007662834,167.5882969798658,,18.19184027777777,56.87294238683127,,167.5882969798658,Moderate,28.6476,77.3158
2023-08-06,Kolkata_Victoria_2023-10-01_2023-11-30,22.533680555555552,47.911458333333336,16.390520833333333,4.8388888888888895,0.2568055555555555,20.34496527777777,20.34496527777777,8,218,37.55613425925925,47.911458333333336,20.48815104166667,6.048611111111112,12.840277777777777,20.34496527777777,47.911458333333336,Good,22.5448,88.3426
2023-08-06,Mumbai_Bandra_2023-10-01_2023-11-30,,,,,,,,8,218,,,,,,,,Unknown,19.0544,72.8402
2023-08-07,Chennai_Alandur_2023-10-01_2023-11-30,43.150312500000005,66.32270833333332,25.4365625,4.048484848484848,1.9147569444444443,31.36791666666667,31.36791666666667,8,219,71.52983836206897,66.32270833333332,31.795703125000003,5.06060606060606,95.35898919753086,31.36791666666667,95.35898919753086,Satisfactory,13.0012,80.2014
2023-08-07,Delhi_AnandVihar_2023-10-01_2023-11-30,35.38636363636363,204.6590909090909,62.8325,16.1,0.475,,,8,219,58.41144200626959,169.87416107382552,78.43057692307693,20.125,23.75,,169.87416107382552,Moderate,28.6476,77.3158
2023-08-07,Kolkata_Victoria_2023-10-01_2023-11-30,22.70798611111111,45.40590277777778,18.56152777777778,4.613368055555555,0.3102083333333333,18.166354166666668,18.166354166666668,8,219,37.84664351851852,45.40590277777778,23.201909722222226,5.766710069444444,15.510416666666666,18.166354166666668,45.40590277777778,Good,22.5448,88.3426
2023-08-07,Mumbai_Bandra_2023-10-01_2023-11-30,,,,,,,,8,219,,,,,,,,Unknown,19.0544,72.8402
2023-08-08,Chennai_Alandur_2023-10-01_2023-11-30,45.04826388888889,69.30447916666667,24.9328125,4.560104166666666,1.5524305555555555,30.69163194444444,30.69163194444444,8,220,74.73672174329502,69.30447916666667,31.166015625,5.7001302083333325,75.63233024691357,30.69163194444444,75.63233024691357,Satisfactory,13.0012,80.2014
2023-08-08,Delhi_AnandVihar_2023-10-01_2023-11-30,,,,,,,,8,220,,,,,,,,Unknown,28.6476,77.3158
2023-08-08,Kolkata_Victoria_2023-10-01_2023-11-30,28.32159090909091,58.993181818181824,23.16409722222222,4.711215277777778,0.3479513888888889,19.03802083333333,19.03802083333333,8,220,47.20265151515152,58.993181818181824,28.955121527777777,5.889019097222223,17.397569444444443,19.03802083333333,58.993181818181824,Satisfactory,22.5448,88.3426
2023-08-08,Mumbai_Bandra_2023-10-01_2023-11-30,,,,,,,,8,220,,,,,,,,Unknown,19.0544,72.8402
2023-08-09,Chennai_Alandur_2023-10-01_2023-11-30,54.202777777777776,83.3865625,31.57038194444445,3.224340277777778,2.394375,31.670972222222225,31.670972222222225,8,221,90.20469348659005,83.3865625,39.46297743055556,4.030425347222223,104.68900316455696,31.670972222222225,104.68900316455696,Moderate,13.0012,80.2014
2023-08-09,Delhi_AnandVihar_2023-10-01_2023-11-30,,,1.5812499999999998,0.775,1.975,11.175,11.175,8,221,,,1.9765625,0.96875,98.63888888888889,11.175,98.63888888888889,Satisfactory,28.6476,77.3158
2023-08-09,Kolkata_Victoria_2023-10-01_2023-11-30,37.02708333333333,87.03020833333333,24.58704861111111,4.973020833333334,0.6326041666666667,21.66958333333333,21.66958333333333,8,221,61.18369252873563,87.03020833333333,30.73381076388889,6.216276041666667,31.630208333333336,21.66958333333333,87.03020833333333,Satisfactory,22.5448,88.3426
2023-08-09,Mumbai_Bandra_2023-10-01_2023-11-30,,,,,,,,8,221,,,,,,,,Unknown,19.0544,72.8402
2023-08-10,Chennai_Alandur_2023-10-01_2023-11-30,41.780451388888885,64.27270833333334,40.13097222222222,3.831319444444445,1.7819097222222222,28.474375,28.474375,8,222,69.21524545019156,64.27270833333334,,4.789149305555556,88.12619598765431,28.474375,88.12619598765431,Satisfactory,13.0012,80.2014
2023-08-10,Delhi_AnandVihar_2023-10-01_2023-11-30,,,1.3197916666666667,0.8000000000000002,0.03,60.67604166666666,60.67604166666666,8,222,,,1.6497395833333337,1.0000000000000002,1.5,60.67604166666666,60.67604166666666,Satisfactory,28.6476,77.3158
2023-08-10,Kolkata_Victoria_2023-10-01_2023-11-30,47.58020833333333,101.359375,28.352048611111112,5.000277777777778,0.5053472222222222,21.22055555555556,21.22055555555556,8,222,79.01483477011494,101.23877936241612,35.44006076388889,6.250347222222223,25.267361111111107,21.22055555555556,101.23877936241612,Moderate,22.5448,88.3426
2023-08-10,Mumbai_Bandra_2023-10-01_2023-11-30,,,,,,,,8,222,,,,,,,,Unknown,19.0544,72.8402
2023-08-11,Chennai_Alandur_2023-10-01_2023-11-30,43.93295138888889,67.58916666666667,37.10427083333334,3.4010416666666665,1.4365277777777778,29.815729166666667,29.815729166666667,8,223,72.85222820881226,67.58916666666667,46.380338541666674,4.251302083333333,69.32206790123456,29.815729166666667,72.85222820881226,Satisfactory,13.0012,80.2014
2023-08-11,Delhi_AnandVihar_2023-10-01_2023-11-30,,,1.348076923076923,0.8,0.03,59.766666666666666,59.766666666666666,8,223,,,1.6850961538461535,1.0,1.5,59.766666666666666,59.766666666666666,Satisfactory,28.6476,77.3158
2023-08-11,Kolkata_Victoria_2023-10-01_2023-11-30,34.93333333333333,66.6125,20.789375,4.923784722222222,0.3345833333333333,34.24552083333334,34.24552083333334,8,223,57.645977011494246,66.6125,25.98671875,6.154730902777778,16.729166666666664,34.24552083333334,66.6125,Satisfactory,22.5448,88.3426
2023-08-11,Mumbai_Bandra_2023-10-01_2023-11-30,,,,,,,,8,223,,,,,,,,Unknown,19.0544,72.8402
2023-08-12,Chennai_Alandur_2023-10-01_2023-11-30,40.81836805555556,62.79892361111112,40.26989583333333,3.417048611111112,2.3453125,28.777395833333333,28.777395833333333,8,224,67.58965636973181,62.79892361111112,,4.27131076388889,104.07416930379746,28.777395833333333,104.07416930379746,Moderate,13.0012,80.2014
2023-08-12,Delhi_AnandVihar_2023-10-01_2023-11-30,64.68571428571428,398.0,63.74,7.158333333333333,1.2402777777777778,2.9666666666666663,2.9666666666666663,8,224,113.5822660098522,359.8987341772152,79.57076923076923,8.947916666666666,58.63734567901234,2.9666666666666663,359.8987341772152,Very Poor,28.6476,77.3158
2023-08-12,Kolkata_Victoria_2023-10-01_2023-11-30,32.01354166666667,65.79375,18.640451388888888,4.807743055555556,0.3913194444444445,26.285694444444445,26.285694444444445,8,224,52.71253591954023,65.79375,23.30056423611111,6.009678819444445,19.565972222222225,26.285694444444445,65.79375,Satisfactory,22.5448,88.3426
2023-08-12,Mumbai_Bandra_2023-10-01_2023-11-30,,,,,,,,8,224,,,,,,,,Unknown,19.0544,72.8402
2023-08-13,Chennai_Alandur_2023-10-01_2023-11-30,49.67965277777778,76.42930555555556,47.58711805555556,3.140144927536232,1.7344791666666666,29.382743055555554,29.382743055555554,8,225,82.56217193486592,76.42930555555556,59.27612268518519,3.92518115942029,85.54386574074073,29.382743055555554,85.54386574074073,Satisfactory,13.0012,80.2014
2023-08-13,Delhi_AnandVihar_2023-10-01_2023-11-30,127.66666666666669,86.2,55.265,12.585,1.6275,24.1275,24.1275,8,225,306.1162790697675,86.2,68.9226923076923,15.73125,79.71944444444443,24.1275,306.1162790697675,Very Poor,28.6476,77.3158
2023-08-13,Kolkata_Victoria_2023-10-01_2023-11-30,27.266666666666666,55.890625,16.526354166666668,4.869756944444444,0.3763888888888889,26.81652777777778,26.81652777777778,8,225,45.44444444444444,55.890625,20.657942708333334,6.087196180555555,18.819444444444443,26.81652777777778,55.890625,Satisfactory,22.5448,88.3426
2023-08-13,Mumbai_Bandra_2023-10-01_2023-11-30,,,,,,,,8,225,,,,,,,,Unknown,19.0544,72.8402
2023-08-14,Chennai_Alandur_2023-10-01_2023-11-30,29.778611111111115,45.76618055555556,33.41854166666666,4.4236458333333335,1.7432638888888887,28.90125,28.90125,8,226,49.63101851851852,45.76618055555556,41.77317708333333,5.529557291666666,86.0221450617284,28.90125,86.0221450617284,Satisfactory,13.0012,80.2014
2023-08-14,Delhi_AnandVihar_2023-10-01_2023-11-30,147.0,,15.667083333333332,20.63888888888889,1.6520833333333331,29.52083333333333,29.52083333333333,8,226,320.95348837209303,,19.583854166666665,25.79861111111111,81.05787037037035,29.52083333333333,320.95348837209303,Very Poor,28.6476,77.3158
2023-08-14,Kolkata_Victoria_2023-10-01_2023-11-30,36.3177536231884,78.3518115942029,15.985798611111113,4.957013888888889,0.3877777777777778,30.532013888888887,30.532013888888887,8,226,59.98516991504248,78.3518115942029,19.98224826388889,6.196267361111111,19.38888888888889,30.532013888888887,78.3518115942029,Satisfactory,22.5448,88.3426
2023-08-14,Mumbai_Bandra_2023-10-01_2023-11-30,,,,,,,,8,226,,,,,,,,Unknown,19.0544,72.8402
2023-08-15,Chennai_Alandur_2023-10-01_2023-11-30,40.234027777777776,61.899375,26.63024305555556,3.2589583333333336,2.118611111111111,28.578333333333333,28.578333333333333,8,227,66.60232279693486,61.899375,33.28780381944445,4.073697916666667,101.23322784810128,28.578333333333333,101.23322784810128,Moderate,13.0012,80.2014
2023-08-15,Delhi_AnandVihar_2023-10-01_2023-11-30,95.28333333333332,219.8181818181818,2.029861111111112,14.225,1.5972222222222223,39.53977272727273,39.53977272727273,8,227,215.6224137931034,179.94630872483222,2.5373263888888897,17.78125,78.07098765432099,39.53977272727273,215.6224137931034,Poor,28.6476,77.3158
2023-08-15,Kolkata_Victoria_2023-10-01_2023-11-30,40.63854166666666,83.35104166666666,19.520381944444445,5.412222222222223,0.5166319444444444,28.613472222222224,28.613472222222224,8,227,67.28581178160918,83.35104166666666,24.400477430555554,6.765277777777778,25.831597222222214,28.613472222222224,83.35104166666666,Satisfactory,22.5448,88.3426
2023-08-15,Mumbai_Bandra_2023-10-01_2023-11-30,,,,,,,,8,227,,,,,,,,Unknown,19.0544,72.8402
2023-08-16,Chennai_Alandur_2023-10-01_2023-11-30,47.75951388888888,73.47864583333333,28.91430555555556,3.219618055555556,2.0305208333333336,29.28503472222222,29.28503472222222,8,228,79.31779932950191,73.47864583333333,36.14288194444445,4.024522569444445,,29.28503472222222,79.31779932950191,Satisfactory,13.0012,80.2014
2023-08-16,Delhi_AnandVihar_2023-10-01_2023-11-30,80.61111111111111,370.6701388888889,2.273333333333333,19.6125,1.7034090909090909,31.54375,31.54375,8,228,167.94827586206898,325.649920886076,2.8416666666666663,24.515625,83.85227272727272,31.54375,325.649920886076,Very Poor,28.6476,77.3158
2023-08-16,Kolkata_Victoria_2023-10-01_2023-11-30,36.26770833333333,61.552083333333336,25.60305555555556,4.744270833333333,0.4439583333333333,26.33482638888889,26.33482638888889,8,228,59.90061063218391,61.552083333333336,32.00381944444445,5.930338541666666,22.197916666666664,26.33482638888889,61.552083333333336,Satisfactory,22.5448,88.3426
2023-08-16,Mumbai_Bandra_2023-10-01_2023-11-30,,,,,,,,8,228,,,,,,,,Unknown,19.0544,72.8402
2023-08-17,Chennai_Alandur_2023-10-01_2023-11-30,42.26861111111111,65.02697916666666,28.341111111111115,3.443125,2.2113888888888886,28.57357638888889,28.57357638888889,8,229,70.04006704980843,65.02697916666666,35.426388888888894,4.303906250000001,102.39588607594936,28.57357638888889,102.39588607594936,Moderate,13.0012,80.2014
2023-08-17,Delhi_AnandVihar_2023-10-01_2023-11-30,60.520833333333336,364.8020833333333,,17.59826388888889,1.805555555555556,34.16458333333333,34.16458333333333,8,229,,318.2962816455696,,21.997829861111114,89.4135802469136,34.16458333333333,318.2962816455696,Very Poor,28.6476,77.3158
2023-08-17,Kolkata_Victoria_2023-10-01_2023-11-30,23.870833333333334,60.94479166666667,20.95347222222222,5.268611111111111,0.4608680555555555,24.15427083333333,24.15427083333333,8,229,39.78472222222222,60.94479166666667,26.19184027777777,6.58576388888889,23.04340277777777,24.15427083333333,60.94479166666667,Satisfactory,22.5448,88.3426
2023-08-17,Mumbai_Bandra_2023-10-01_2023-11-30,,,,,,,,8,229,,,,,,,,Unknown,19.0544,72.8402
2023-08-18,Chennai_Alandur_2023-10-01_2023-11-30,35.86985507246377,55.18090579710145,44.45963768115942,2.780189393939394,3.693586956521739,29.709927536231884,29.709927536231884,8,230,59.22837581209396,55.18090579710145,55.346724266072094,3.4752367424242427,120.97026692350028,29.709927536231884,120.97026692350028,Moderate,13.0012,80.2014
2023-08-18,Delhi_AnandVihar_2023-10-01_2023-11-30,68.12847222222221,354.4270833333333,0.8,12.265277777777778,2.372916666666667,28.50869565217392,28.50869565217392,8,230,125.3351293103448,305.2946993670886,1.0,15.33159722222222,104.42009493670886,28.50869565217392,305.2946993670886,Very Poor,28.6476,77.3158
2023-08-18,Kolkata_Victoria_2023-10-01_2023-11-30,18.03442028985508,38.619565217391305,14.300590277777776,4.574409722222222,0.2535069444444444,24.394618055555554,24.394618055555554,8,230,30.05736714975847,38.619565217391305,17.87573784722222,5.718012152777777,12.67534722222222,24.394618055555554,38.619565217391305,Good,22.5448,88.3426
2023-08-18,Mumbai_Bandra_2023-10-01_2023-11-30,,,,,,,,8,230,,,,,,,,Unknown,19.0544,72.8402
2023-08-19,Chennai_Alandur_2023-10-01_2023-11-30,51.54215277777778,79.35340277777779,40.7803125,3.729409722222222,1.7542708333333332,28.89357638888889,28.89357638888889,8,231,85.7091546934866,79.35340277777779,,4.6617621527777775,86.62141203703703,28.89357638888889,86.62141203703703,Satisfactory,13.0012,80.2014
2023-08-19,Delhi_AnandVihar_2023-10-01_2023-11-30,58.920138888888886,174.0034722222222,2.15,14.482638888888888,1.9232638888888889,75.62916666666666,75.62916666666666,8,231,98.1754070881226,149.50566275167785,2.6875,18.10329861111111,95.8221450617284,75.62916666666666,149.50566275167785,Moderate,28.6476,77.3158
2023-08-19,Kolkata_Victoria_2023-10-01_2023-11-30,11.420238095238094,27.71309523809524,12.683514492753622,4.883730158730159,0.1453030303030303,27.6425,27.6425,8,231,19.03373015873016,27.71309523809524,15.854393115942027,6.104662698412699,7.265151515151515,27.6425,27.71309523809524,Good,22.5448,88.3426
2023-08-19,Mumbai_Bandra_2023-10-01_2023-11-30,,,,,,,,8,231,,,,,,,,Unknown,19.0544,72.8402
2023-08-20,Chennai_Alandur_2023-10-01_2023-11-30,38.580416666666665,59.35725694444445,43.66149305555555,5.394340277777778,0.8014930555555555,29.343263888888888,29.343263888888888,8,232,63.80829022988505,59.35725694444445,54.34392717236467,6.742925347222223,40.07465277777777,29.343263888888888,63.80829022988505,Satisfactory,13.0012,80.2014
2023-08-20,Delhi_AnandVihar_2023-10-01_2023-11-30,42.8125,119.90625,,14.244444444444444,0.7261363636363636,50.60595238095237,50.60595238095237,8,232,70.95905172413794,113.56187080536913,,17.805555555555554,36.30681818181818,,113.56187080536913,Moderate,28.6476,77.3158
2023-08-20,Kolkata_Victoria_2023-10-01_2023-11-30,24.4375,59.62708333333333,11.301701388888889,4.708506944444444,0.1074652777777777,30.167256944444446,30.167256944444446,8,232,40.72916666666667,59.62708333333333,14.12712673611111,5.885633680555555,5.373263888888885,30.167256944444446,59.62708333333333,Satisfactory,22.5448,88.3426
2023-08-20,Mumbai_Bandra_2023-10-01_2023-11-30,,,,,,,,8,232,,,,,,,,Unknown,19.0544,72.8402
2023-08-21,Chennai_Alandur_2023-10-01_2023-11-30,29.5421875,81.67162280701754,39.160041666666665,4.967460317460318,2.092731481481481,15.758124999999998,15.758124999999998,8,233,49.23697916666667,81.67162280701754,48.95005208333333,6.209325396825397,,15.758124999999998,81.67162280701754,Satisfactory,13.0012,80.2014
2023-08-21,Delhi_AnandVihar_2023-10-01_2023-11-30,47.927083333333336,174.8125,19.76944444444445,18.54201388888889,0.86875,48.05381944444445,48.05381944444445,8,233,79.60093390804599,150.0432046979866,24.71180555555556,23.17751736111111,43.4375,48.05381944444445,150.0432046979866,Moderate,28.6476,77.3158
2023-08-21,Kolkata_Victoria_2023-10-01_2023-11-30,20.75486111111111,49.30277777777778,12.938541666666666,4.467881944444445,0.1446875,30.06458333333333,30.06458333333333,8,233,34.59143518518519,49.30277777777778,16.173177083333332,5.584852430555555,7.234375,30.06458333333333,49.30277777777778,Good,22.5448,88.3426
2023-08-21,Mumbai_Bandra_2023-10-01_2023-11-30,,,,,,,,8,233,,,,,,,,Unknown,19.0544,72.8402
2023-08-22,Chennai_Alandur_2023-10-01_2023-11-30,,92.7,59.95000000000001,6.45,2.32,4.41,4.41,8,234,,92.7,74.80897435897437,8.0625,103.75696202531644,4.41,103.75696202531644,Moderate,13.0012,80.2014
2023-08-22,Delhi_AnandVihar_2023-10-01_2023-11-30,53.489583333333336,254.2083333333333,14.007291666666667,15.258680555555555,1.1135416666666669,44.21145833333333,44.21145833333333,8,234,88.9996408045977,204.2083333333333,17.509114583333336,19.073350694444443,51.737268518518526,44.21145833333333,204.2083333333333,Poor,28.6476,77.3158
2023-08-22,Kolkata_Victoria_2023-10-01_2023-11-30,23.228472222222223,55.769444444444446,13.036770833333334,4.918159722222222,0.1682638888888888,31.128090277777776,31.128090277777776,8,234,38.71412037037037,55.769444444444446,16.295963541666666,6.147699652777777,8.41319444444444,31.128090277777776,55.769444444444446,Satisfactory,22.5448,88.3426
2023-08-22,Mumbai_Bandra_2023-10-01_2023-11-30,,,,,,,,8,234,,,,,,,,Unknown,19.0544,72.8402
2023-08-23,Chennai_Alandur_2023-10-01_2023-11-30,,102.428125,61.38239583333333,5.963333333333334,1.6102083333333332,4.3168750000000005,4.3168750000000005,8,235,,101.94888842281878,76.60865117521367,7.4541666666666675,78.77800925925925,4.3168750000000005,101.94888842281878,Moderate,13.0012,80.2014
2023-08-23,Delhi_AnandVihar_2023-10-01_2023-11-30,35.802083333333336,90.4375,16.446428571428573,13.79375,1.4145833333333335,43.57083333333333,43.57083333333333,8,235,59.113864942528735,90.4375,20.558035714285715,17.2421875,68.12731481481482,43.57083333333333,90.4375,Satisfactory,28.6476,77.3158
2023-08-23,Kolkata_Victoria_2023-10-01_2023-11-30,20.956818181818186,46.11363636363637,14.935833333333331,4.630530303030303,0.2307986111111111,24.32728260869565,24.32728260869565,8,235,34.92803030303031,46.11363636363637,18.669791666666665,5.78816287878788,11.539930555555555,24.32728260869565,46.11363636363637,Good,22.5448,88.3426
2023-08-23,Mumbai_Bandra_2023-10-01_2023-11-30,,,,,,,,8,235,,,,,,,,Unknown,19.0544,72.8402
2023-08-24,Chennai_Alandur_2023-10-01_2023-11-30,,107.28295138888888,58.0271875,4.521284722222222,1.0908680555555554,9.048819444444444,9.048819444444444,8,236,,105.17457843959733,72.39313301282051,5.651605902777778,,9.048819444444444,105.17457843959733,Moderate,13.0012,80.2014
2023-08-24,Delhi_AnandVihar_2023-10-01_2023-11-30,51.708333333333336,228.01041666666663,1.2271929824561405,18.587847222222223,1.3875,25.843055555555555,25.843055555555555,8,236,85.98994252873564,185.38947147651004,1.5339912280701755,23.23480902777778,66.65277777777777,25.843055555555555,185.38947147651004,Moderate,28.6476,77.3158
2023-08-24,Kolkata_Victoria_2023-10-01_2023-11-30,18.309375,35.88159722222222,12.344270833333333,4.846597222222222,0.1696180555555555,25.74888888888889,25.74888888888889,8,236,30.515625,35.88159722222222,15.430338541666666,6.0582465277777775,8.480902777777775,25.74888888888889,35.88159722222222,Good,22.5448,88.3426
2023-08-24,Mumbai_Bandra_2023-10-01_2023-11-30,,,,,,,,8,236,,,,,,,,Unknown,19.0544,72.8402
2023-08-25,Chennai_Alandur_2023-10-01_2023-11-30,,75.29194444444444,50.033229166666665,4.230104166666667,3.1802083333333333,14.834756944444443,14.834756944444443,8,237,,75.29194444444444,62.34944177350427,5.287630208333334,114.53678797468352,14.834756944444443,114.53678797468352,Moderate,13.0012,80.2014
2023-08-25,Delhi_AnandVihar_2023-10-01_2023-11-30,62.375,396.7708333333333,16.773958333333333,16.62456140350877,1.315625,9.169907407407408,9.169907407407408,8,237,105.69396551724138,358.35838607594934,20.967447916666664,20.78070175438597,62.73958333333333,9.169907407407408,358.35838607594934,Very Poor,28.6476,77.3158
2023-08-25,Kolkata_Victoria_2023-10-01_2023-11-30,18.18715277777778,36.140625,15.745069444444445,4.571909722222222,0.3030555555555556,16.438680555555553,16.438680555555553,8,237,30.3119212962963,36.140625,19.68133680555556,5.714887152777778,15.15277777777778,16.438680555555553,36.140625,Good,22.5448,88.3426
2023-08-25,Mumbai_Bandra_2023-10-01_2023-11-30,,,,,,,,8,237,,,,,,,,Unknown,19.0544,72.8402
2023-08-26,Chennai_Alandur_2023-10-01_2023-11-30,,68.86315972222222,44.23555555555556,4.627638888888889,2.0296180555555554,15.081215277777778,15.081215277777778,8,238,,68.86315972222222,55.06518518518519,5.784548611111111,,15.081215277777778,68.86315972222222,Satisfactory,13.0012,80.2014
2023-08-26,Delhi_AnandVihar_2023-10-01_2023-11-30,89.6875,582.5416666666666,33.362500000000004,6.338888888888889,1.1226190476190476,9.684375,9.684375,8,238,198.9331896551724,489.7729289940828,41.70312500000001,7.923611111111111,52.231481481481474,9.684375,489.7729289940828,Severe,28.6476,77.3158
2023-08-26,Kolkata_Victoria_2023-10-01_2023-11-30,23.88923611111112,53.05729166666666,12.478923611111112,5.013715277777778,0.3408333333333333,21.39142361111111,21.39142361111111,8,238,39.81539351851853,53.05729166666666,15.59865451388889,6.267144097222222,17.041666666666664,21.39142361111111,53.05729166666666,Satisfactory,22.5448,88.3426
2023-08-26,Mumbai_Bandra_2023-10-01_2023-11-30,,,,,,,,8,238,,,,,,,,Unknown,19.0544,72.8402
2023-08-27,Chennai_Alandur_2023-10-01_2023-11-30,,61.389965277777776,77.34489583333334,3.4152430555555555,2.075173611111111,13.905416666666667,13.905416666666667,8,239,,61.389965277777776,96.6640998931624,4.269053819444444,,13.905416666666667,96.6640998931624,Satisfactory,13.0012,80.2014
2023-08-27,Delhi_AnandVihar_2023-10-01_2023-11-30,97.62719298245617,570.5041666666667,11.630555555555556,5.074583333333333,1.20125,10.6325,10.6325,8,239,223.62386569872967,482.721375739645,14.538194444444446,6.343229166666666,56.51249999999999,10.6325,482.721375739645,Severe,28.6476,77.3158
2023-08-27,Kolkata_Victoria_2023-10-01_2023-11-30,41.42361111111111,101.50243055555556,13.178402777777777,5.0740625,0.2748611111111111,32.78003472222222,32.78003472222222,8,239,68.61230842911877,101.3338296979866,16.47300347222222,6.342578125,13.743055555555555,32.78003472222222,101.3338296979866,Moderate,22.5448,88.3426
2023-08-27,Mumbai_Bandra_2023-10-01_2023-11-30,,,,,,,,8,239,,,,,,,,Unknown,19.0544,72.8402
2023-08-28,Chennai_Alandur_2023-10-01_2023-11-30,,48.2253125,60.78958333333333,4.695972222222222,3.799722222222222,15.146631944444444,15.146631944444444,8,240,,48.2253125,75.86383547008546,5.869965277777778,122.3003164556962,15.146631944444444,122.3003164556962,Moderate,13.0012,80.2014
2023-08-28,Delhi_AnandVihar_2023-10-01_2023-11-30,79.56944444444444,450.30902777777777,17.807608695652174,6.927777777777778,0.9989583333333332,18.07361111111111,18.07361111111111,8,240,164.39224137931035,412.3112056213018,22.25951086956522,8.659722222222223,49.94791666666666,18.07361111111111,412.3112056213018,Severe,28.6476,77.3158
2023-08-28,Kolkata_Victoria_2023-10-01_2023-11-30,62.08645833333333,156.6326388888889,16.366354166666667,5.101527777777778,0.5488194444444444,31.250486111111112,31.250486111111112,8,240,104.70894396551724,137.96396812080536,20.45794270833333,6.376909722222223,27.44097222222222,31.250486111111112,137.96396812080536,Moderate,22.5448,88.3426
2023-08-28,Mumbai_Bandra_2023-10-01_2023-11-30,,,,,,,,8,240,,,,,,,,Unknown,19.0544,72.8402
2023-08-29,Chennai_Alandur_2023-10-01_2023-11-30,,33.622083333333336,84.1796875,4.327534722222223,3.9503125,16.322222222222223,16.322222222222223,8,241,,33.622083333333336,104.1796875,5.40941840277778,124.18746044303796,16.322222222222223,124.18746044303796,Moderate,13.0012,80.2014
2023-08-29,Delhi_AnandVihar_2023-10-01_2023-11-30,79.59722222222221,428.25,23.78840579710145,7.456159420289856,0.6726190476190477,14.636458333333332,14.636458333333332,8,241,164.4870689655172,397.80696202531647,29.73550724637681,9.32019927536232,33.63095238095239,14.636458333333332,397.80696202531647,Very Poor,28.6476,77.3158
2023-08-29,Kolkata_Victoria_2023-10-01_2023-11-30,70.07187499999999,170.93368055555558,21.32961805555556,4.708125,0.8417013888888888,22.039236111111112,22.039236111111112,8,241,131.9695043103448,147.46600251677853,26.66202256944445,5.88515625,42.08506944444444,22.039236111111112,147.46600251677853,Moderate,22.5448,88.3426
2023-08-29,Mumbai_Bandra_2023-10-01_2023-11-30,,,,,,,,8,241,,,,,,,,Unknown,19.0544,72.8402
2023-08-30,Chennai_Alandur_2023-10-01_2023-11-30,,35.46590277777778,89.81479166666666,3.9029166666666666,2.6332971014492754,17.138159722222223,17.138159722222223,8,242,,35.46590277777778,109.81479166666666,4.878645833333334,107.68309025866812,17.138159722222223,109.81479166666666,Moderate,13.0012,80.2014
2023-08-30,Delhi_AnandVihar_2023-10-01_2023-11-30,79.11805555555556,397.1875,1.838888888888889,3.5846153846153848,1.3741666666666668,11.7875,11.7875,8,242,162.85129310344828,358.88053797468353,2.298611111111111,4.480769230769231,65.92685185185185,11.7875,358.88053797468353,Very Poor,28.6476,77.3158
2023-08-30,Kolkata_Victoria_2023-10-01_2023-11-30,69.01547619047619,153.95793650793652,19.331190476190475,4.890797101449275,0.8700694444444445,24.40594202898551,24.40594202898551,8,242,128.36317733990148,136.1868168744008,24.163988095238093,6.113496376811593,43.50347222222222,24.40594202898551,136.1868168744008,Moderate,22.5448,88.3426
2023-08-30,Mumbai_Bandra_2023-10-01_2023-11-30,,,,,,,,8,242,,,,,,,,Unknown,19.0544,72.8402
2023-08-31,Chennai_Alandur_2023-10-01_2023-11-30,,32.88333333333333,82.31545138888889,3.4933333333333336,1.1293055555555556,14.416284722222224,14.416284722222224,8,243,,32.88333333333333,102.31545138888887,4.366666666666667,52.59552469135802,14.416284722222224,102.31545138888887,Moderate,13.0012,80.2014
2023-08-31,Delhi_AnandVihar_2023-10-01_2023-11-30,74.72916666666667,426.9479166666667,15.1225,5.63425925925926,1.990217391304348,10.755555555555556,10.755555555555556,8,243,147.86853448275863,396.1752373417722,18.903125,7.042824074074075,99.46739130434784,10.755555555555556,396.1752373417722,Very Poor,28.6476,77.3158
2023-08-31,Kolkata_Victoria_2023-10-01_2023-11-30,61.83576388888889,134.44131944444445,17.228333333333335,4.980381944444445,0.7969791666666667,28.662777777777777,28.662777777777777,8,243,103.853125,123.21940016778524,21.53541666666667,6.225477430555556,39.848958333333336,28.662777777777777,123.21940016778524,Moderate,22.5448,88.3426
2023-08-31,Mumbai_Bandra_2023-10-01_2023-11-30,,,,,,,,8,243,,,,,,,,Unknown,19.0544,72.8402
2023-09-01,Chennai_Alandur_2023-10-01_2023-11-30,,105.56117647058824,67.25253472222222,3.633159722222224,0.7772916666666667,15.42,15.42,9,244,,104.03058033951837,83.98395388176638,4.54144965277778,38.864583333333336,15.42,104.03058033951837,Moderate,13.0012,80.2014
2023-09-01,Delhi_AnandVihar_2023-10-01_2023-11-30,58.00694444444445,392.1458333333333,26.844565217391303,3.6768939393939393,1.7365942028985508,5.734375,5.734375,9,244,96.63242337164752,352.5625,33.555706521739125,4.596117424242424,85.65901771336554,5.734375,352.5625,Very Poor,28.6476,77.3158
2023-09-01,Kolkata_Victoria_2023-10-01_2023-11-30,59.46666666666667,117.60486111111112,15.697777777777778,4.228402777777778,0.6170486111111111,29.25006944444445,29.25006944444445,9,244,99.09885057471266,112.0327600671141,19.622222222222224,5.285503472222223,30.852430555555557,29.25006944444445,112.0327600671141,Moderate,22.5448,88.3426
2023-09-01,Mumbai_Bandra_2023-10-01_2023-11-30,,,,,,,,9,244,,,,,,,,Unknown,19.0544,72.8402
2023-09-02,Chennai_Alandur_2023-10-01_2023-11-30,,53.55506944444445,75.41680555555556,3.3959375,0.8073611111111111,16.05076388888889,16.05076388888889,9,245,,53.55506944444445,94.24162749287748,4.244921875,40.36805555555556,16.05076388888889,94.24162749287748,Satisfactory,13.0012,80.2014
2023-09-02,Delhi_AnandVihar_2023-10-01_2023-11-30,64.495,280.0701754385965,23.91759259259259,3.936666666666667,1.6074074074074074,6.287280701754386,6.287280701754386,9,245,112.93120689655174,230.0701754385965,29.89699074074074,4.920833333333333,78.62551440329219,6.287280701754386,230.0701754385965,Poor,28.6476,77.3158
2023-09-02,Kolkata_Victoria_2023-10-01_2023-11-30,50.6554347826087,93.75144927536232,15.156666666666666,5.330326086956521,0.6768055555555555,26.375434782608696,26.375434782608696,9,245,84.21090704647676,93.75144927536232,18.945833333333333,6.662907608695652,33.84027777777778,26.375434782608696,93.75144927536232,Satisfactory,22.5448,88.3426
2023-09-02,Mumbai_Bandra_2023-10-01_2023-11-30,,,,,,,,9,245,,,,,,,,Unknown,19.0544,72.8402
2023-09-03,Chennai_Alandur_2023-10-01_2023-11-30,,36.954166666666666,64.88190972222223,3.698229166666666,1.5611458333333337,14.0146875,14.0146875,9,246,,36.954166666666666,81.00547631766383,4.622786458333332,76.10682870370371,14.0146875,81.00547631766383,Satisfactory,13.0012,80.2014
2023-09-03,Delhi_AnandVihar_2023-10-01_2023-11-30,52.65972222222222,388.3369565217391,26.128125,1.9534722222222225,8.707407407407407,6.582291666666666,6.582291666666666,9,246,87.59746168582376,347.7893505778756,32.66015625,2.441840277777778,183.80168776371303,6.582291666666666,347.7893505778756,Very Poor,28.6476,77.3158
2023-09-03,Kolkata_Victoria_2023-10-01_2023-11-30,35.875,65.65833333333333,14.149444444444445,4.98625,0.6945833333333332,23.348020833333333,23.348020833333333,9,246,59.23706896551724,65.65833333333333,17.686805555555555,6.2328125,34.729166666666664,23.348020833333333,65.65833333333333,Satisfactory,22.5448,88.3426
2023-09-03,Mumbai_Bandra_2023-10-01_2023-11-30,,,,,,,,9,246,,,,,,,,Unknown,19.0544,72.8402
2023-09-04,Chennai_Alandur_2023-10-01_2023-11-30,,51.51215277777778,101.09409722222222,4.7501388888888885,0.7276041666666666,14.532708333333334,14.532708333333334,9,247,,51.51215277777778,121.09409722222222,5.93767361111111,36.38020833333333,14.532708333333334,121.09409722222222,Moderate,13.0012,80.2014
2023-09-04,Delhi_AnandVihar_2023-10-01_2023-11-30,46.46180555555555,212.1770833333333,30.018560606060603,2.1893939393939394,1.0699999999999998,6.211363636363637,6.211363636363637,9,247,77.12511973180077,174.86933724832213,37.52320075757575,2.7367424242424243,,6.211363636363637,174.86933724832213,Moderate,28.6476,77.3158
2023-09-04,Kolkata_Victoria_2023-10-01_2023-11-30,17.87152777777778,38.626041666666666,11.448715277777778,4.975486111111112,0.5693402777777777,16.47329861111111,16.47329861111111,9,247,29.785879629629637,38.626041666666666,14.310894097222222,6.219357638888891,28.46701388888889,16.47329861111111,38.626041666666666,Good,22.5448,88.3426
2023-09-04,Mumbai_Bandra_2023-10-01_2023-11-30,,,,,,,,9,247,,,,,,,,Unknown,19.0544,72.8402
2023-09-05,Chennai_Alandur_2023-10-01_2023-11-30,,63.91565972222222,99.61625,4.076006944444445,0.3922569444444444,14.2728125,14.2728125,9,248,,63.91565972222222,119.61625,5.095008680555556,19.61284722222222,14.2728125,119.61625,Moderate,13.0012,80.2014
2023-09-05,Delhi_AnandVihar_2023-10-01_2023-11-30,47.72916666666666,162.70833333333334,27.225,2.1069444444444443,1.221875,17.214583333333334,17.214583333333334,9,248,79.26652298850573,142.0008389261745,34.03125,2.633680555555556,57.63541666666666,17.214583333333334,142.0008389261745,Moderate,28.6476,77.3158
2023-09-05,Kolkata_Victoria_2023-10-01_2023-11-30,12.834782608695653,26.116666666666664,12.731076388888887,4.508993055555556,0.4788541666666666,16.978333333333335,16.978333333333335,9,248,21.39130434782609,26.116666666666664,15.913845486111107,5.636241319444445,23.94270833333333,16.978333333333335,26.116666666666664,Good,22.5448,88.3426
2023-09-05,Mumbai_Bandra_2023-10-01_2023-11-30,,,,,,,,9,248,,,,,,,,Unknown,19.0544,72.8402
2023-09-06,Chennai_Alandur_2023-10-01_2023-11-30,,48.99597222222223,60.15854166666667,3.4780208333333333,1.3986458333333334,14.840104166666665,14.840104166666665,9,249,,48.99597222222223,75.07098824786326,4.347526041666667,67.25960648148148,14.840104166666665,75.07098824786326,Satisfactory,13.0012,80.2014
2023-09-06,Delhi_AnandVihar_2023-10-01_2023-11-30,39.56597222222222,128.27173913043478,27.782291666666666,2.967013888888889,1.1875,13.55,13.55,9,249,65.47353927203065,119.12014881820836,34.72786458333333,3.708767361111111,55.763888888888886,13.55,119.12014881820836,Moderate,28.6476,77.3158
2023-09-06,Kolkata_Victoria_2023-10-01_2023-11-30,10.633333333333333,23.05942028985508,17.5540625,4.874791666666667,0.3256597222222222,17.691215277777776,17.691215277777776,9,249,17.72222222222222,23.05942028985508,21.942578125,6.093489583333334,16.28298611111111,17.691215277777776,23.05942028985508,Good,22.5448,88.3426
2023-09-06,Mumbai_Bandra_2023-10-01_2023-11-30,,,,,,,,9,249,,,,,,,,Unknown,19.0544,72.8402
2023-09-07,Chennai_Alandur_2023-10-01_2023-11-30,,45.66690972222222,76.44055555555555,3.301076388888889,1.718923611111111,15.106180555555556,15.106180555555556,9,250,,45.66690972222222,95.52787749287748,4.126345486111111,84.69695216049382,15.106180555555556,95.52787749287748,Satisfactory,13.0012,80.2014
2023-09-07,Delhi_AnandVihar_2023-10-01_2023-11-30,48.29166666666666,159.46875,38.157291666666666,2.3000000000000003,1.2055555555555555,18.231944444444444,18.231944444444444,9,250,80.21695402298849,139.84836409395973,47.69661458333333,2.8750000000000004,56.7469135802469,18.231944444444444,139.84836409395973,Moderate,28.6476,77.3158
2023-09-07,Kolkata_Victoria_2023-10-01_2023-11-30,9.355555555555556,22.36388888888889,11.334166666666668,4.6781250000000005,0.4193055555555555,21.36763888888889,21.36763888888889,9,250,15.592592592592592,22.36388888888889,14.167708333333335,5.847656250000001,20.96527777777777,21.36763888888889,22.36388888888889,Good,22.5448,88.3426
2023-09-07,Mumbai_Bandra_2023-10-01_2023-11-30,,,,,,,,9,250,,,,,,,,Unknown,19.0544,72.8402
2023-09-08,Chennai_Alandur_2023-10-01_2023-11-30,,41.56097222222223,58.16763888888889,4.629861111111111,1.2712847222222223,14.134236111111113,14.134236111111113,9,251,,41.56097222222223,72.56959757834758,5.787326388888889,60.32550154320988,14.134236111111113,72.56959757834758,Satisfactory,13.0012,80.2014
2023-09-08,Delhi_AnandVihar_2023-10-01_2023-11-30,27.89930555555556,83.92708333333333,16.492708333333333,4.878819444444445,,5.2625,5.2625,9,251,46.4988425925926,83.92708333333333,20.615885416666664,6.098524305555556,,5.2625,83.92708333333333,Satisfactory,28.6476,77.3158
2023-09-08,Kolkata_Victoria_2023-10-01_2023-11-30,12.431597222222225,28.96180555555556,11.62732638888889,4.798611111111112,0.5090277777777777,19.04774305555556,19.04774305555556,9,251,20.71932870370371,28.96180555555556,14.534157986111111,5.998263888888889,25.45138888888889,19.04774305555556,28.96180555555556,Good,22.5448,88.3426
2023-09-08,Mumbai_Bandra_2023-10-01_2023-11-30,,,,,,,,9,251,,,,,,,,Unknown,19.0544,72.8402
2023-09-09,Chennai_Alandur_2023-10-01_2023-11-30,,52.93871527777778,64.91173611111111,4.363229166666667,1.0310069444444443,13.994583333333331,13.994583333333331,9,252,,52.93871527777778,81.0429504985755,5.454036458333333,,13.994583333333331,81.0429504985755,Satisfactory,13.0012,80.2014
2023-09-09,Delhi_AnandVihar_2023-10-01_2023-11-30,39.09782608695652,62.20652173913044,10.826041666666669,3.293402777777778,1.1,6.659027777777777,6.659027777777777,9,252,64.68253373313344,62.20652173913044,13.532552083333336,4.116753472222222,51.0,6.659027777777777,64.68253373313344,Satisfactory,28.6476,77.3158
2023-09-09,Kolkata_Victoria_2023-10-01_2023-11-30,13.345138888888888,34.43402777777778,10.0284375,4.331875,0.4050694444444445,21.95986111111111,21.95986111111111,9,252,22.24189814814815,34.43402777777778,12.535546875,5.41484375,20.253472222222225,21.95986111111111,34.43402777777778,Good,22.5448,88.3426
2023-09-09,Mumbai_Bandra_2023-10-01_2023-11-30,,,,,,,,9,252,,,,,,,,Unknown,19.0544,72.8402
2023-09-10,Chennai_Alandur_2023-10-01_2023-11-30,,51.346875,78.43138888888889,4.324305555555555,1.1396875,13.184652777777778,13.184652777777778,9,253,,51.346875,98.02918091168092,5.405381944444444,53.16076388888888,13.184652777777778,98.02918091168092,Satisfactory,13.0012,80.2014
2023-09-10,Delhi_AnandVihar_2023-10-01_2023-11-30,33.13768115942029,64.0625,11.755208333333334,2.28125,1.1,5.327083333333333,5.327083333333333,9,253,54.611944027986006,64.0625,14.694010416666668,2.8515625,51.0,5.327083333333333,64.0625,Satisfactory,28.6476,77.3158
2023-09-10,Kolkata_Victoria_2023-10-01_2023-11-30,17.710763888888888,38.22291666666667,8.87076388888889,4.757916666666667,0.4394444444444444,25.50868055555556,25.50868055555556,9,253,29.517939814814813,38.22291666666667,11.088454861111112,5.947395833333333,21.97222222222222,25.50868055555556,38.22291666666667,Good,22.5448,88.3426
2023-09-10,Mumbai_Bandra_2023-10-01_2023-11-30,,,,,,,,9,253,,,,,,,,Unknown,19.0544,72.8402
2023-09-11,Chennai_Alandur_2023-10-01_2023-11-30,,53.058819444444445,56.8940625,4.669305555555556,0.6935763888888888,14.096666666666666,14.096666666666666,9,254,,53.058819444444445,70.96946314102564,5.836631944444445,34.67881944444444,14.096666666666666,70.96946314102564,Satisfactory,13.0012,80.2014
2023-09-11,Delhi_AnandVihar_2023-10-01_2023-11-30,43.645833333333336,117.32291666666669,14.501041666666666,3.3163194444444444,1.5,4.7093750000000005,4.7093750000000005,9,254,72.36709770114943,111.845427852349,18.12630208333333,4.145399305555555,72.77777777777777,4.7093750000000005,111.845427852349,Moderate,28.6476,77.3158
2023-09-11,Kolkata_Victoria_2023-10-01_2023-11-30,15.236805555555556,36.677083333333336,7.471840277777777,4.427118055555556,0.4797569444444444,21.944097222222226,21.944097222222226,9,254,25.394675925925927,36.677083333333336,9.33980034722222,5.533897569444445,23.987847222222214,21.944097222222226,36.677083333333336,Good,22.5448,88.3426
2023-09-11,Mumbai_Bandra_2023-10-01_2023-11-30,,,,,,,,9,254,,,,,,,,Unknown,19.0544,72.8402
2023-09-12,Chennai_Alandur_2023-10-01_2023-11-30,,54.08829861111111,52.21309027777778,4.542638888888889,0.5292708333333334,14.360868055555557,14.360868055555557,9,255,,54.08829861111111,65.08824163105413,5.678298611111111,26.463541666666668,14.360868055555557,65.08824163105413,Satisfactory,13.0012,80.2014
2023-09-12,Delhi_AnandVihar_2023-10-01_2023-11-30,50.26041666666666,163.29166666666666,18.2625,2.936458333333333,1.025,4.555902777777778,4.555902777777778,9,255,83.54346264367814,142.38842281879195,22.828125,3.670572916666666,,4.555902777777778,142.38842281879195,Moderate,28.6476,77.3158
2023-09-12,Kolkata_Victoria_2023-10-01_2023-11-30,21.15,44.39746376811594,6.671666666666667,4.5612152777777775,0.7837152777777777,16.153368055555557,16.153368055555557,9,255,35.25,44.39746376811594,8.339583333333334,5.701519097222222,39.185763888888886,16.153368055555557,44.39746376811594,Good,22.5448,88.3426
2023-09-12,Mumbai_Bandra_2023-10-01_2023-11-30,,,,,,,,9,255,,,,,,,,Unknown,19.0544,72.8402
2023-09-13,Chennai_Alandur_2023-10-01_2023-11-30,36.37952380952381,60.2190625,66.29302083333333,3.788819444444445,1.1772569444444445,13.403472222222222,13.403472222222222,9,256,60.08954022988506,60.2190625,82.77841079059829,4.736024305555556,55.20621141975309,13.403472222222222,82.77841079059829,Satisfactory,13.0012,80.2014
2023-09-13,Delhi_AnandVihar_2023-10-01_2023-11-30,53.387681159420296,119.43478260869566,17.875,3.063194444444445,1.3392857142857142,3.6715277777777775,3.6715277777777775,9,256,88.82746126936533,113.24861394805951,22.34375,3.828993055555556,64.02777777777777,3.6715277777777775,113.24861394805951,Moderate,28.6476,77.3158
2023-09-13,Kolkata_Victoria_2023-10-01_2023-11-30,15.521527777777775,35.29027777777778,7.170069444444445,4.936111111111111,0.5491666666666667,19.045034722222223,19.045034722222223,9,256,25.86921296296296,35.29027777777778,8.962586805555556,6.170138888888888,27.458333333333336,19.045034722222223,35.29027777777778,Good,22.5448,88.3426
2023-09-13,Mumbai_Bandra_2023-10-01_2023-11-30,,,,,,,,9,256,,,,,,,,Unknown,19.0544,72.8402
2023-09-14,Chennai_Alandur_2023-10-01_2023-11-30,20.61125,48.85467391304348,63.71923611111111,2.9784722222222224,1.686388888888889,12.586006944444444,12.586006944444444,9,257,34.35208333333333,48.85467391304348,79.54468126780627,3.723090277777778,82.92561728395061,12.586006944444444,82.92561728395061,Satisfactory,13.0012,80.2014
2023-09-14,Delhi_AnandVihar_2023-10-01_2023-11-30,61.03787878787878,131.59782608695653,16.385416666666668,3.490416666666667,1.0616666666666668,2.935763888888889,2.935763888888889,9,257,101.12931034482756,121.3300992121389,20.481770833333336,4.363020833333334,,2.935763888888889,121.3300992121389,Moderate,28.6476,77.3158
2023-09-14,Kolkata_Victoria_2023-10-01_2023-11-30,8.632291666666667,23.724652777777777,7.367013888888889,4.90875,0.4993402777777778,21.9915625,21.9915625,9,257,14.38715277777778,23.724652777777777,9.20876736111111,6.135937500000001,24.96701388888889,21.9915625,24.96701388888889,Good,22.5448,88.3426
2023-09-14,Mumbai_Bandra_2023-10-01_2023-11-30,,,,,,,,9,257,,,,,,,,Unknown,19.0544,72.8402
2023-09-15,Chennai_Alandur_2023-10-01_2023-11-30,,51.33177083333334,61.99322916666667,3.9062847222222223,0.8952083333333333,13.592395833333333,13.592395833333333,9,258,,51.33177083333334,77.37610844017095,4.882855902777778,44.76041666666666,13.592395833333333,77.37610844017095,Satisfactory,13.0012,80.2014
2023-09-15,Delhi_AnandVihar_2023-10-01_2023-11-30,50.3768115942029,112.40625,16.675757575757576,3.4135416666666667,1.1097222222222225,4.897826086956522,4.897826086956522,9,258,83.74012993503248,108.57864932885906,20.84469696969697,4.266927083333333,51.52932098765433,4.897826086956522,108.57864932885906,Moderate,28.6476,77.3158
2023-09-15,Kolkata_Victoria_2023-10-01_2023-11-30,13.867708333333333,34.88888888888889,7.272534722222222,5.116493055555556,0.5920486111111111,20.320520833333333,20.320520833333333,9,258,23.11284722222222,34.88888888888889,9.090668402777776,6.395616319444445,29.602430555555557,20.320520833333333,34.88888888888889,Good,22.5448,88.3426
2023-09-15,Mumbai_Bandra_2023-10-01_2023-11-30,,,,,,,,9,258,,,,,,,,Unknown,19.0544,72.8402
2023-09-16,Chennai_Alandur_2023-10-01_2023-11-30,,41.34635416666666,55.05392361111111,2.3696875,3.301006944444445,12.076354166666668,12.076354166666668,9,259,,41.34635416666666,68.65749376780627,2.962109375,116.0505933544304,12.076354166666668,116.0505933544304,Moderate,13.0012,80.2014
2023-09-16,Delhi_AnandVihar_2023-10-01_2023-11-30,37.31597222222222,80.48958333333333,16.854166666666668,1.5864583333333335,1.1388888888888888,6.32361111111111,6.32361111111111,9,259,61.67181513409962,80.48958333333333,21.067708333333336,1.983072916666667,53.11728395061728,6.32361111111111,80.48958333333333,Satisfactory,28.6476,77.3158
2023-09-16,Kolkata_Victoria_2023-10-01_2023-11-30,18.267013888888886,35.93402777777778,8.366631944444444,4.660347222222222,0.5475347222222222,22.476354166666667,22.476354166666667,9,259,30.445023148148145,35.93402777777778,10.458289930555557,5.825434027777777,27.37673611111111,22.476354166666667,35.93402777777778,Good,22.5448,88.3426
2023-09-16,Mumbai_Bandra_2023-10-01_2023-11-30,,,,,,,,9,259,,,,,,,,Unknown,19.0544,72.8402
2023-09-17,Chennai_Alandur_2023-10-01_2023-11-30,,29.086354166666663,51.35940972222222,3.286493055555556,1.6573263888888887,18.46382575757576,18.46382575757576,9,260,,29.086354166666663,64.01566862535611,4.108116319444445,81.34332561728394,18.46382575757576,81.34332561728394,Satisfactory,13.0012,80.2014
2023-09-17,Delhi_AnandVihar_2023-10-01_2023-11-30,23.61458333333333,56.03125,10.067708333333334,3.649275362318841,1.0,4.625724637681159,4.625724637681159,9,260,39.357638888888886,56.03125,12.584635416666668,4.561594202898551,50.0,4.625724637681159,56.03125,Satisfactory,28.6476,77.3158
2023-09-17,Kolkata_Victoria_2023-10-01_2023-11-30,18.40798611111111,38.86493055555555,8.250868055555555,4.727708333333333,0.6222916666666667,20.611944444444443,20.611944444444443,9,260,30.67997685185185,38.86493055555555,10.313585069444445,5.909635416666666,31.114583333333336,20.611944444444443,38.86493055555555,Good,22.5448,88.3426
2023-09-17,Mumbai_Bandra_2023-10-01_2023-11-30,,,,,,,,9,260,,,,,,,,Unknown,19.0544,72.8402
2023-09-18,Chennai_Alandur_2023-10-01_2023-11-30,,31.20663194444444,52.63902777777778,2.8794444444444447,2.17731884057971,10.365,10.365,9,261,,31.20663194444444,65.62339387464388,3.599305555555556,101.96893230599888,10.365,101.96893230599888,Moderate,13.0012,80.2014
2023-09-18,Delhi_AnandVihar_2023-10-01_2023-11-30,21.885416666666668,58.864583333333336,10.09375,2.328623188405797,1.0833333333333337,3.929166666666666,3.929166666666666,9,261,36.47569444444445,58.864583333333336,12.6171875,2.910778985507246,,3.929166666666666,58.864583333333336,Satisfactory,28.6476,77.3158
2023-09-18,Kolkata_Victoria_2023-10-01_2023-11-30,18.940277777777776,41.066319444444446,7.263333333333333,4.826111111111112,0.6863541666666667,21.25788194444445,21.25788194444445,9,261,31.56712962962963,41.066319444444446,9.079166666666666,6.03263888888889,34.317708333333336,21.25788194444445,41.066319444444446,Good,22.5448,88.3426
2023-09-18,Mumbai_Bandra_2023-10-01_2023-11-30,,,,,,,,9,261,,,,,,,,Unknown,19.0544,72.8402
2023-09-19,Chennai_Alandur_2023-10-01_2023-11-30,,41.091006944444445,62.31920138888889,2.7188541666666666,1.8485763888888889,12.783055555555556,12.783055555555556,9,262,,41.091006944444445,77.78566328347578,3.398567708333333,91.75582561728396,12.783055555555556,91.75582561728396,Satisfactory,13.0012,80.2014
2023-09-19,Delhi_AnandVihar_2023-10-01_2023-11-30,34.97826086956522,96.15217391304348,12.857916666666668,3.9153508771929824,1.05,4.011956521739131,4.011956521739131,9,262,57.72188905547227,96.15217391304348,16.072395833333335,4.894188596491228,,4.011956521739131,96.15217391304348,Satisfactory,28.6476,77.3158
2023-09-19,Kolkata_Victoria_2023-10-01_2023-11-30,10.06590909090909,23.15909090909091,7.570381944444445,4.990243055555555,0.4327430555555556,16.745416666666667,16.745416666666667,9,262,16.77651515151515,23.15909090909091,9.462977430555556,6.237803819444444,21.63715277777778,16.745416666666667,23.15909090909091,Good,22.5448,88.3426
2023-09-19,Mumbai_Bandra_2023-10-01_2023-11-30,,,,,,,,9,262,,,,,,,,Unknown,19.0544,72.8402
2023-09-20,Chennai_Alandur_2023-10-01_2023-11-30,,48.31913194444444,73.580625,2.6674652777777776,0.63625,13.528958333333334,13.528958333333334,9,263,,48.31913194444444,91.9346314102564,3.334331597222222,31.8125,13.528958333333334,91.9346314102564,Satisfactory,13.0012,80.2014
2023-09-20,Delhi_AnandVihar_2023-10-01_2023-11-30,69.17592592592592,228.7460317460317,36.8675,6.718055555555555,1.5342592592592592,5.059259259259259,5.059259259259259,9,263,128.91091954022988,185.8782358581016,46.084375,8.397569444444443,74.64300411522633,5.059259259259259,185.8782358581016,Moderate,28.6476,77.3158
2023-09-20,Kolkata_Victoria_2023-10-01_2023-11-30,11.432291666666666,27.2375,6.461423611111111,4.671180555555556,0.235,16.785486111111112,16.785486111111112,9,263,19.053819444444443,27.2375,8.076779513888889,5.838975694444445,11.75,16.785486111111112,27.2375,Good,22.5448,88.3426
2023-09-20,Mumbai_Bandra_2023-10-01_2023-11-30,,,,,,,,9,263,,,,,,,,Unknown,19.0544,72.8402
2023-09-21,Chennai_Alandur_2023-10-01_2023-11-30,,36.23430555555556,93.9996875,2.724826388888889,1.9444791666666663,12.1709375,12.1709375,9,264,,36.23430555555556,113.9996875,3.406032986111111,96.97719907407406,12.1709375,113.9996875,Moderate,13.0012,80.2014
2023-09-21,Delhi_AnandVihar_2023-10-01_2023-11-30,51.50694444444445,190.9583333333333,24.160119047619048,4.2125,1.1694444444444445,4.405681818181818,4.405681818181818,9,264,85.64966475095787,160.7709731543624,30.20014880952381,5.265625,54.78086419753086,4.405681818181818,160.7709731543624,Moderate,28.6476,77.3158
2023-09-21,Kolkata_Victoria_2023-10-01_2023-11-30,13.7,37.25357142857143,6.7225362318840585,4.887380952380953,0.2493115942028985,21.98125,21.98125,9,264,22.83333333333333,37.25357142857143,8.403170289855073,6.109226190476191,12.465579710144926,21.98125,37.25357142857143,Good,22.5448,88.3426
2023-09-21,Mumbai_Bandra_2023-10-01_2023-11-30,,,,,,,,9,264,,,,,,,,Unknown,19.0544,72.8402
2023-09-22,Chennai_Alandur_2023-10-01_2023-11-30,23.195535714285715,42.80538194444444,48.9278125,3.2871527777777776,0.759201388888889,11.725347222222224,11.725347222222224,9,265,38.65922619047619,42.80538194444444,60.96058493589744,4.108940972222222,37.96006944444445,11.725347222222224,60.96058493589744,Satisfactory,13.0012,80.2014
2023-09-22,Delhi_AnandVihar_2023-10-01_2023-11-30,63.06597222222222,170.5,20.354761904761904,1.272222222222222,1.1065476190476191,5.559027777777778,5.559027777777778,9,265,108.05280172413792,147.1778523489933,25.44345238095238,1.5902777777777777,51.35648148148148,5.559027777777778,147.1778523489933,Moderate,28.6476,77.3158
2023-09-22,Kolkata_Victoria_2023-10-01_2023-11-30,14.730555555555556,36.06597222222222,8.797717391304348,4.4302777777777775,0.2225,20.31767361111111,20.31767361111111,9,265,24.550925925925927,36.06597222222222,10.997146739130434,5.537847222222222,11.125,20.31767361111111,36.06597222222222,Good,22.5448,88.3426
2023-09-22,Mumbai_Bandra_2023-10-01_2023-11-30,,,,,,,,9,265,,,,,,,,Unknown,19.0544,72.8402
2023-09-23,Chennai_Alandur_2023-10-01_2023-11-30,17.915381944444444,45.020833333333336,43.96937499999999,2.9166666666666665,1.2268402777777778,11.51170138888889,11.51170138888889,9,266,29.85896990740741,45.020833333333336,54.7307532051282,3.645833333333333,57.90574845679012,11.51170138888889,57.90574845679012,Satisfactory,13.0012,80.2014
2023-09-23,Delhi_AnandVihar_2023-10-01_2023-11-30,56.645833333333336,122.4318181818182,18.01228070175439,4.034027777777777,1.7026315789473685,4.7125,4.7125,9,266,94.33261494252876,115.23993288590606,22.515350877192983,5.042534722222221,83.80994152046785,4.7125,115.23993288590606,Moderate,28.6476,77.3158
2023-09-23,Kolkata_Victoria_2023-10-01_2023-11-30,14.373263888888888,32.14791666666667,6.049652777777777,5.082326388888889,0.2146527777777777,20.16493055555556,20.16493055555556,9,266,23.955439814814813,32.14791666666667,7.562065972222221,6.352907986111111,10.732638888888884,20.16493055555556,32.14791666666667,Good,22.5448,88.3426
2023-09-23,Mumbai_Bandra_2023-10-01_2023-11-30,,,,,,,,9,266,,,,,,,,Unknown,19.0544,72.8402
2023-09-24,Chennai_Alandur_2023-10-01_2023-11-30,10.4846875,31.43041666666667,57.41934027777777,3.006215277777778,1.2914236111111113,11.5234375,11.5234375,9,267,17.47447916666667,31.43041666666667,71.62942752849003,3.757769097222223,61.42195216049383,11.5234375,71.62942752849003,Satisfactory,13.0012,80.2014
2023-09-24,Delhi_AnandVihar_2023-10-01_2023-11-30,89.8125,184.90625,22.089583333333334,5.011458333333334,1.775,6.5687500000000005,6.5687500000000005,9,267,199.35991379310343,156.74979026845637,27.611979166666668,6.264322916666667,87.75,6.5687500000000005,199.35991379310343,Moderate,28.6476,77.3158
2023-09-24,Kolkata_Victoria_2023-10-01_2023-11-30,18.163888888888888,37.5375,4.435798611111111,4.631631944444444,0.2427083333333333,22.193854166666668,22.193854166666668,9,267,30.27314814814815,37.5375,5.544748263888889,5.789539930555555,12.135416666666664,22.193854166666668,37.5375,Good,22.5448,88.3426
2023-09-24,Mumbai_Bandra_2023-10-01_2023-11-30,,,,,,,,9,267,,,,,,,,Unknown,19.0544,72.8402
2023-09-25,Chennai_Alandur_2023-10-01_2023-11-30,10.540833333333332,31.532083333333333,75.77260416666667,3.0644444444444443,1.4810069444444445,11.22826388888889,11.22826388888889,9,268,17.568055555555553,31.532083333333333,94.68865651709402,3.8305555555555553,71.74371141975308,11.22826388888889,94.68865651709402,Satisfactory,13.0012,80.2014
2023-09-25,Delhi_AnandVihar_2023-10-01_2023-11-30,76.05208333333333,183.97916666666663,36.0625,,1.268333333333333,11.282986111111112,11.282986111111112,9,268,152.38469827586204,156.1338087248322,45.078125,,60.1648148148148,11.282986111111112,156.1338087248322,Moderate,28.6476,77.3158
2023-09-25,Kolkata_Victoria_2023-10-01_2023-11-30,16.86111111111111,36.79583333333333,4.684027777777778,4.270034722222222,0.2555555555555555,25.20486111111111,25.20486111111111,9,268,28.10185185185185,36.79583333333333,5.855034722222222,5.3375434027777775,12.777777777777771,25.20486111111111,36.79583333333333,Good,22.5448,88.3426
2023-09-25,Mumbai_Bandra_2023-10-01_2023-11-30,,,,,,,,9,268,,,,,,,,Unknown,19.0544,72.8402
2023-09-26,Chennai_Alandur_2023-10-01_2023-11-30,13.380069444444445,36.727222222222224,65.143125,3.204236111111112,1.3721180555555554,11.77125,11.77125,9,269,22.300115740740743,36.727222222222224,81.33366987179487,4.00529513888889,65.81531635802469,11.77125,81.33366987179487,Satisfactory,13.0012,80.2014
2023-09-26,Delhi_AnandVihar_2023-10-01_2023-11-30,89.28125,239.6875,36.29756944444444,,1.128030303030303,14.064583333333331,14.064583333333331,9,269,197.54633620689657,193.14807046979865,45.37196180555555,,52.52609427609427,14.064583333333331,197.54633620689657,Moderate,28.6476,77.3158
2023-09-26,Kolkata_Victoria_2023-10-01_2023-11-30,15.36076388888889,40.08715277777778,2.868611111111111,4.472013888888889,0.2066319444444444,21.47690972222222,21.47690972222222,9,269,25.601273148148152,40.08715277777778,3.5857638888888888,5.590017361111111,10.33159722222222,21.47690972222222,40.08715277777778,Good,22.5448,88.3426
2023-09-26,Mumbai_Bandra_2023-10-01_2023-11-30,,,,,,,,9,269,,,,,,,,Unknown,19.0544,72.8402
2023-09-27,Chennai_Alandur_2023-10-01_2023-11-30,13.304131944444444,36.586875,73.65666666666667,3.142361111111111,1.022361111111111,11.751423611111113,11.751423611111113,9,270,22.17355324074074,36.586875,92.03017094017092,3.927951388888889,,11.751423611111113,92.03017094017092,Satisfactory,13.0012,80.2014
2023-09-27,Delhi_AnandVihar_2023-10-01_2023-11-30,63.07986111111112,203.625,26.38854166666667,1.925,1.1416666666666666,4.835416666666666,4.835416666666666,9,270,108.1002155172414,169.18708053691276,32.985677083333336,2.40625,53.26851851851851,4.835416666666666,169.18708053691276,Moderate,28.6476,77.3158
2023-09-27,Kolkata_Victoria_2023-10-01_2023-11-30,21.48888888888889,58.33541666666667,2.2032291666666666,4.518506944444444,0.3283333333333333,21.018159722222222,21.018159722222222,9,270,35.81481481481482,58.33541666666667,2.754036458333333,5.648133680555555,16.416666666666664,21.018159722222222,58.33541666666667,Satisfactory,22.5448,88.3426
2023-09-27,Mumbai_Bandra_2023-10-01_2023-11-30,,,,,,,,9,270,,,,,,,,Unknown,19.0544,72.8402
2023-09-28,Chennai_Alandur_2023-10-01_2023-11-30,13.9509375,37.770069444444445,76.46770833333333,3.5727083333333334,0.7926041666666667,11.244618055555556,11.244618055555556,9,271,23.2515625,37.770069444444445,95.56199252136751,4.465885416666667,39.630208333333336,11.244618055555556,95.56199252136751,Satisfactory,13.0012,80.2014
2023-09-28,Delhi_AnandVihar_2023-10-01_2023-11-30,62.53125,200.28125,36.57291666666666,2.8854166666666665,2.228125,6.004347826086956,6.004347826086956,9,271,106.22737068965516,166.96539429530202,45.71614583333332,3.606770833333333,102.6056170886076,6.004347826086956,166.96539429530202,Moderate,28.6476,77.3158
2023-09-28,Kolkata_Victoria_2023-10-01_2023-11-30,29.981159420289856,63.97355072463768,2.088659420289855,4.591702898550724,0.5443749999999999,23.51142361111112,23.51142361111112,9,271,49.96859903381643,63.97355072463768,2.6108242753623188,5.7396286231884055,27.21875,23.51142361111112,63.97355072463768,Satisfactory,22.5448,88.3426
2023-09-28,Mumbai_Bandra_2023-10-01_2023-11-30,,,,,,,,9,271,,,,,,,,Unknown,19.0544,72.8402
2023-09-29,Chennai_Alandur_2023-10-01_2023-11-30,13.218819444444444,36.438159722222224,86.52868055555557,3.821284722222222,1.5760416666666668,12.53875,12.53875,9,272,22.03136574074074,36.438159722222224,106.52868055555555,4.776605902777778,76.91782407407408,12.53875,106.52868055555555,Moderate,13.0012,80.2014
2023-09-29,Delhi_AnandVihar_2023-10-01_2023-11-30,79.70652173913044,219.7282608695652,43.41742424242424,4.132352941176471,1.880072463768116,6.993115942028986,6.993115942028986,9,272,164.86019490254873,179.8865625911876,54.03727661227661,5.165441176470589,93.47061191626408,6.993115942028986,179.8865625911876,Moderate,28.6476,77.3158
2023-09-29,Kolkata_Victoria_2023-10-01_2023-11-30,40.58645833333333,95.01631944444443,1.4897569444444445,4.695208333333333,0.9582986111111113,18.42215277777778,18.42215277777778,9,272,67.19780890804597,95.01631944444443,1.862196180555556,5.869010416666667,47.91493055555557,18.42215277777778,95.01631944444443,Satisfactory,22.5448,88.3426
2023-09-29,Mumbai_Bandra_2023-10-01_2023-11-30,,,,,,,,9,272,,,,,,,,Unknown,19.0544,72.8402
2023-09-30,Chennai_Alandur_2023-10-01_2023-11-30,12.368506944444446,34.874652777777776,81.25631944444444,3.051449275362319,1.5239236111111112,15.06236111111111,15.06236111111111,9,273,20.614178240740745,34.874652777777776,101.25631944444444,3.814311594202899,74.08028549382716,15.06236111111111,101.25631944444444,Moderate,13.0012,80.2014
2023-09-30,Delhi_AnandVihar_2023-10-01_2023-11-30,81.14583333333333,206.70486111111111,35.07395833333333,8.980128205128207,1.595486111111111,6.211458333333334,6.211458333333334,9,273,169.7737068965517,171.2334312080537,43.84244791666666,11.22516025641026,77.97646604938271,6.211458333333334,171.2334312080537,Moderate,28.6476,77.3158
2023-09-30,Kolkata_Victoria_2023-10-01_2023-11-30,15.641666666666666,38.766666666666666,1.259375,5.066493055555555,0.4911111111111111,18.033993055555555,18.033993055555555,9,273,26.069444444444443,38.766666666666666,1.57421875,6.333116319444444,24.55555555555556,18.033993055555555,38.766666666666666,Good,22.5448,88.3426
2023-09-30,Mumbai_Bandra_2023-10-01_2023-11-30,,,,,,,,9,273,,,,,,,,Unknown,19.0544,72.8402
2023-10-01,Chennai_Alandur_2023-10-01_2023-11-30,9.248263888888888,29.166805555555555,83.13545138888888,2.8210416666666664,1.1654166666666663,11.005243055555557,11.005243055555557,10,274,15.413773148148149,29.166805555555555,103.13545138888888,3.526302083333333,54.56157407407405,11.005243055555557,103.13545138888888,Moderate,13.0012,80.2014
2023-10-01,Delhi_AnandVihar_2023-10-01_2023-11-30,72.55208333333333,189.72916666666663,30.121875,3.440972222222222,1.6913194444444446,6.297916666666667,6.297916666666667,10,274,140.43642241379308,159.9542785234899,37.65234375,4.301215277777778,83.19405864197532,6.297916666666667,159.9542785234899,Moderate,28.6476,77.3158
2023-10-01,Kolkata_Victoria_2023-10-01_2023-11-30,6.348958333333333,29.664583333333336,1.046111111111111,5.0053125,0.4444791666666667,26.62597222222222,26.62597222222222,10,274,10.58159722222222,29.664583333333336,1.3076388888888888,6.256640624999999,22.223958333333336,26.62597222222222,29.664583333333336,Good,22.5448,88.3426
2023-10-01,Mumbai_Bandra_2023-10-01_2023-11-30,,,,,,,,10,274,,,,,,,,Unknown,19.0544,72.8402
2023-10-02,Chennai_Alandur_2023-10-01_2023-11-30,10.588854166666666,31.620381944444446,61.79298611111111,2.9135069444444444,1.1064930555555554,11.784930555555556,11.784930555555556,10,275,17.648090277777776,31.620381944444446,77.12452101139601,3.641883680555555,51.35351080246912,11.784930555555556,77.12452101139601,Satisfactory,13.0012,80.2014
2023-10-02,Delhi_AnandVihar_2023-10-01_2023-11-30,68.30208333333333,182.41666666666663,32.09404761904762,4.995486111111111,1.8333333333333333,6.569791666666667,6.569791666666667,10,275,125.92780172413792,155.0956375838926,40.117559523809526,6.244357638888889,90.92592592592592,6.569791666666667,155.0956375838926,Moderate,28.6476,77.3158
2023-10-02,Kolkata_Victoria_2023-10-01_2023-11-30,2.0,35.78787878787879,1.918576388888889,4.517118055555556,0.5711805555555556,24.50305555555556,24.50305555555556,10,275,3.333333333333333,35.78787878787879,2.398220486111111,5.646397569444445,28.55902777777778,24.50305555555556,35.78787878787879,Good,22.5448,88.3426
2023-10-02,Mumbai_Bandra_2023-10-01_2023-11-30,,,,,,,,10,275,,,,,,,,Unknown,19.0544,72.8402
2023-10-03,Chennai_Alandur_2023-10-01_2023-11-30,14.375451388888887,38.54739583333333,78.49222222222222,2.7706250000000003,1.3989930555555556,12.18597222222222,12.18597222222222,10,276,23.959085648148147,38.54739583333333,98.10561253561254,3.4632812500000005,67.27851080246914,12.18597222222222,98.10561253561254,Satisfactory,13.0012,80.2014
2023-10-03,Delhi_AnandVihar_2023-10-01_2023-11-30,70.32971014492753,215.1086956521739,,6.675,1.82,7.188750000000001,7.188750000000001,10,276,132.849700149925,176.81718704406188,,8.34375,90.2,7.188750000000001,176.81718704406188,Moderate,28.6476,77.3158
2023-10-03,Kolkata_Victoria_2023-10-01_2023-11-30,8.12375,30.009166666666665,3.457,4.3565625,0.539375,24.14047101449276,24.14047101449276,10,276,13.539583333333333,30.009166666666665,4.32125,5.445703125,26.968750000000004,24.14047101449276,30.009166666666665,Good,22.5448,88.3426
2023-10-03,Mumbai_Bandra_2023-10-01_2023-11-30,,,,,,,,10,276,,,,,,,,Unknown,19.0544,72.8402
2023-10-04,Chennai_Alandur_2023-10-01_2023-11-30,15.966284722222222,41.454166666666666,72.00930555555556,3.9021875,0.7961111111111111,12.148854166666666,12.148854166666666,10,277,26.610474537037035,41.454166666666666,89.96040954415955,4.877734375,39.80555555555556,12.148854166666666,89.96040954415955,Satisfactory,13.0012,80.2014
2023-10-04,Delhi_AnandVihar_2023-10-01_2023-11-30,81.02083333333333,210.7534722222222,2.0234848484848484,5.835714285714286,1.312719298245614,8.392307692307693,8.392307692307693,10,277,169.34698275862067,173.92344798657717,2.529356060606061,7.294642857142858,62.58138401559454,8.392307692307693,173.92344798657717,Moderate,28.6476,77.3158
2023-10-04,Kolkata_Victoria_2023-10-01_2023-11-30,10.779513888888888,25.75868055555556,19.94274509803921,4.924722222222222,0.6450347222222222,22.86586805555556,22.86586805555556,10,277,17.96585648148148,25.75868055555556,24.928431372549014,6.1559027777777775,32.251736111111114,22.86586805555556,32.251736111111114,Good,22.5448,88.3426
2023-10-04,Mumbai_Bandra_2023-10-01_2023-11-30,,,,,,,,10,277,,,,,,,,Unknown,19.0544,72.8402
2023-10-05,Chennai_Alandur_2023-10-01_2023-11-30,12.786388888888888,35.639652777777776,70.65548611111112,4.685451388888889,0.8058680555555555,12.274444444444445,12.274444444444445,10,278,21.310648148148147,35.639652777777776,88.25945690883191,5.856814236111111,40.29340277777778,12.274444444444445,88.25945690883191,Satisfactory,13.0012,80.2014
2023-10-05,Delhi_AnandVihar_2023-10-01_2023-11-30,93.87152777777776,255.71875,1.446875,5.3277777777777775,2.326041666666667,6.6875,6.6875,10,278,210.80280172413785,205.71875,1.80859375,6.659722222222221,103.83267405063292,6.6875,210.80280172413785,Poor,28.6476,77.3158
2023-10-05,Kolkata_Victoria_2023-10-01_2023-11-30,27.51458333333333,59.51527777777778,9.694166666666666,4.685798611111111,0.7067013888888889,33.031701388888884,33.031701388888884,10,278,45.857638888888886,59.51527777777778,12.117708333333333,5.857248263888889,35.33506944444444,33.031701388888884,59.51527777777778,Satisfactory,22.5448,88.3426
2023-10-05,Mumbai_Bandra_2023-10-01_2023-11-30,,,,,,,,10,278,,,,,,,,Unknown,19.0544,72.8402
2023-10-06,Chennai_Alandur_2023-10-01_2023-11-30,14.701979166666668,39.14451388888889,86.92274305555556,4.415694444444444,1.057361111111111,12.163333333333334,12.163333333333334,10,279,24.503298611111116,39.14451388888889,106.92274305555556,5.519618055555555,,12.163333333333334,106.92274305555556,Moderate,13.0012,80.2014
2023-10-06,Delhi_AnandVihar_2023-10-01_2023-11-30,130.70833333333334,317.5833333333333,1.25,3.229166666666667,2.455555555555556,12.348611111111111,12.348611111111111,10,279,308.4505813953488,267.5833333333333,1.5625,4.036458333333334,105.45569620253166,12.348611111111111,308.4505813953488,Very Poor,28.6476,77.3158
2023-10-06,Kolkata_Victoria_2023-10-01_2023-11-30,27.89965277777777,57.18229166666666,7.763472222222222,4.716597222222222,0.9791666666666666,24.425868055555554,24.425868055555554,10,279,46.49942129629628,57.18229166666666,9.704340277777778,5.895746527777778,48.95833333333333,24.425868055555554,57.18229166666666,Satisfactory,22.5448,88.3426
2023-10-06,Mumbai_Bandra_2023-10-01_2023-11-30,,,,,,,,10,279,,,,,,,,Unknown,19.0544,72.8402
2023-10-07,Chennai_Alandur_2023-10-01_2023-11-30,17.628576388888888,44.497951388888886,53.94538194444445,4.866840277777778,1.0534375,10.42138888888889,10.42138888888889,10,280,29.380960648148147,44.497951388888886,67.26471064814815,6.083550347222223,,10.42138888888889,67.26471064814815,Satisfactory,13.0012,80.2014
2023-10-07,Delhi_AnandVihar_2023-10-01_2023-11-30,108.7420634920635,301.6842105263158,10.061666666666667,5.276282051282052,1.8739583333333327,19.29015151515152,19.29015151515152,10,280,261.56773399014776,251.68421052631575,12.577083333333334,6.595352564102565,93.13773148148144,19.29015151515152,261.56773399014776,Poor,28.6476,77.3158
2023-10-07,Kolkata_Victoria_2023-10-01_2023-11-30,37.67118055555556,75.99409722222222,7.505104166666666,4.530798611111111,1.0818402777777778,24.9790625,24.9790625,10,280,62.27199473180077,75.99409722222222,9.381380208333333,5.663498263888888,,24.9790625,75.99409722222222,Satisfactory,22.5448,88.3426
2023-10-07,Mumbai_Bandra_2023-10-01_2023-11-30,,,,,,,,10,280,,,,,,,,Unknown,19.0544,72.8402
2023-10-08,Chennai_Alandur_2023-10-01_2023-11-30,6.2522569444444445,23.686041666666668,63.06496527777778,4.405520833333333,1.1454513888888889,10.899201388888889,10.899201388888889,10,281,10.42042824074074,23.686041666666668,78.72264868233619,5.506901041666667,53.474575617283946,10.899201388888889,78.72264868233619,Satisfactory,13.0012,80.2014
2023-10-08,Delhi_AnandVihar_2023-10-01_2023-11-30,79.01315789473684,256.4868421052632,40.55,7.563888888888889,1.113157894736842,9.475,9.475,10,281,162.49319419237747,206.4868421052632,,9.45486111111111,51.71637426900583,9.475,206.4868421052632,Poor,28.6476,77.3158
2023-10-08,Kolkata_Victoria_2023-10-01_2023-11-30,46.62465277777778,93.12256944444444,6.898958333333333,5.152951388888889,1.0541666666666667,32.664861111111115,32.664861111111115,10,281,77.40027538314177,93.12256944444444,8.623697916666666,6.441189236111111,,32.664861111111115,93.12256944444444,Satisfactory,22.5448,88.3426
2023-10-08,Mumbai_Bandra_2023-10-01_2023-11-30,,,,,,,,10,281,,,,,,,,Unknown,19.0544,72.8402
2023-10-09,Chennai_Alandur_2023-10-01_2023-11-30,5.239027777777777,21.831597222222225,53.14069444444444,4.302465277777777,0.9890972222222222,11.396006944444444,11.396006944444444,10,282,8.731712962962963,21.831597222222225,66.25369301994301,5.378081597222222,49.45486111111111,11.396006944444444,66.25369301994301,Satisfactory,13.0012,80.2014
2023-10-09,Delhi_AnandVihar_2023-10-01_2023-11-30,97.03472222222224,250.6458333333333,43.99479166666666,6.406944444444445,1.3645833333333333,17.391666666666666,17.391666666666666,10,282,221.60129310344837,,54.76268696581195,8.008680555555557,65.40509259259258,17.391666666666666,221.60129310344837,Poor,28.6476,77.3158
2023-10-09,Kolkata_Victoria_2023-10-01_2023-11-30,56.27065217391304,110.20217391304348,7.63322463768116,4.52108695652174,1.0735069444444445,34.71826388888889,34.71826388888889,10,282,93.69868815592204,107.11419608987453,9.54153079710145,5.651358695652176,,34.71826388888889,107.11419608987453,Moderate,22.5448,88.3426
2023-10-09,Mumbai_Bandra_2023-10-01_2023-11-30,,,,,,,,10,282,,,,,,,,Unknown,19.0544,72.8402
2023-10-10,Chennai_Alandur_2023-10-01_2023-11-30,7.793541666666666,26.50510416666667,70.04142361111111,3.5314492753623186,1.5450694444444444,11.105243055555556,11.105243055555556,10,283,12.989236111111111,26.50510416666667,87.48794248575499,4.414311594202898,75.23155864197531,11.105243055555556,87.48794248575499,Satisfactory,13.0012,80.2014
2023-10-10,Delhi_AnandVihar_2023-10-01_2023-11-30,93.78125,269.46875,45.03958333333333,6.998958333333333,1.1864583333333334,13.854166666666666,13.854166666666666,10,283,210.49461206896552,219.46875,56.07537393162393,8.748697916666666,55.70717592592592,13.854166666666666,219.46875,Poor,28.6476,77.3158
2023-10-10,Kolkata_Victoria_2023-10-01_2023-11-30,62.69236111111112,141.16006944444445,7.318541666666667,4.824166666666667,1.2962847222222222,35.08795138888889,35.08795138888889,10,283,106.7773706896552,127.68353607382552,9.148177083333334,6.030208333333333,61.68661265432098,35.08795138888889,127.68353607382552,Moderate,22.5448,88.3426
2023-10-10,Mumbai_Bandra_2023-10-01_2023-11-30,,,,,,,,10,283,,,,,,,,Unknown,19.0544,72.8402
2023-10-11,Chennai_Alandur_2023-10-01_2023-11-30,9.714305555555557,30.02125,75.9590625,2.566145833333333,0.8570138888888889,12.600659722222224,12.600659722222224,10,284,16.19050925925926,30.02125,94.92292467948718,3.2076822916666665,42.85069444444444,12.600659722222224,94.92292467948718,Satisfactory,13.0012,80.2014
2023-10-11,Delhi_AnandVihar_2023-10-01_2023-11-30,85.50694444444444,193.97569444444449,39.05681818181818,6.917424242424243,0.8363636363636363,6.274621212121212,6.274621212121212,10,284,184.66163793103448,162.7757969798658,48.82102272727273,8.646780303030305,41.81818181818181,6.274621212121212,184.66163793103448,Moderate,28.6476,77.3158
2023-10-11,Kolkata_Victoria_2023-10-01_2023-11-30,71.33090277777778,166.38541666666666,10.492118055555556,5.112708333333333,1.6003125,31.924722222222226,31.924722222222226,10,284,136.2675646551724,144.44400167785236,13.115147569444446,6.390885416666666,78.23923611111111,31.924722222222226,144.44400167785236,Moderate,22.5448,88.3426
2023-10-11,Mumbai_Bandra_2023-10-01_2023-11-30,,,,,,,,10,284,,,,,,,,Unknown,19.0544,72.8402
2023-10-12,Chennai_Alandur_2023-10-01_2023-11-30,6.871701388888888,24.820243055555554,81.25006944444443,2.7380208333333336,0.9388194444444444,13.18152777777778,13.18152777777778,10,285,11.452835648148149,24.820243055555554,101.25006944444443,3.422526041666667,46.94097222222222,13.18152777777778,101.25006944444443,Moderate,13.0012,80.2014
2023-10-12,Delhi_AnandVihar_2023-10-01_2023-11-30,154.96180555555557,292.9479166666667,51.33369565217391,2.3979166666666667,1.2854166666666669,7.577083333333333,7.577083333333333,10,285,327.0637112403101,242.94791666666669,63.98336120401337,2.997395833333333,61.09490740740742,7.577083333333333,327.0637112403101,Very Poor,28.6476,77.3158
2023-10-12,Kolkata_Victoria_2023-10-01_2023-11-30,73.29826388888888,164.25555555555556,12.944166666666668,5.1828125,1.5923958333333337,28.83736111111111,28.83736111111111,10,285,142.98372844827583,143.02885906040268,16.180208333333333,6.478515625,77.80821759259261,28.83736111111111,143.02885906040268,Moderate,22.5448,88.3426
2023-10-12,Mumbai_Bandra_2023-10-01_2023-11-30,,,,,,,,10,285,,,,,,,,Unknown,19.0544,72.8402
2023-10-13,Chennai_Alandur_2023-10-01_2023-11-30,10.802013888888888,32.00975694444444,75.94482638888888,2.774201388888889,1.494027777777778,13.051319444444443,13.051319444444443,10,286,18.003356481481482,32.00975694444444,94.90503828347578,3.467751736111111,72.45262345679014,13.051319444444443,94.90503828347578,Satisfactory,13.0012,80.2014
2023-10-13,Delhi_AnandVihar_2023-10-01_2023-11-30,193.9318181818182,417.4345238095238,66.478125,5.033695652173913,1.3905797101449275,16.632246376811594,16.632246376811594,10,286,356.97093023255815,384.253390596745,83.01097756410257,6.292119565217391,66.82045088566828,16.632246376811594,384.253390596745,Very Poor,28.6476,77.3158
2023-10-13,Kolkata_Victoria_2023-10-01_2023-11-30,62.98645833333333,139.2642361111111,14.18857638888889,6.258159722222222,1.486111111111111,31.698784722222225,31.698784722222225,10,286,107.78135775862069,126.4238884228188,17.735720486111113,7.822699652777777,72.0216049382716,31.698784722222225,126.4238884228188,Moderate,22.5448,88.3426
2023-10-13,Mumbai_Bandra_2023-10-01_2023-11-30,,,,,,,,10,286,,,,,,,,Unknown,19.0544,72.8402
2023-10-14,Chennai_Alandur_2023-10-01_2023-11-30,10.917222222222222,32.22006944444444,103.8748611111111,2.598020833333333,1.696527777777778,11.830555555555556,11.830555555555556,10,287,18.19537037037037,32.22006944444444,123.8748611111111,3.2475260416666663,83.47762345679014,11.830555555555556,123.8748611111111,Moderate,13.0012,80.2014
2023-10-14,Delhi_AnandVihar_2023-10-01_2023-11-30,135.23958333333334,444.6770833333333,55.98854166666666,4.204513888888889,2.1552083333333334,10.692013888888887,10.692013888888887,10,287,311.9280523255814,409.0120192307692,69.83175747863247,5.255642361111112,101.6918512658228,10.692013888888887,409.0120192307692,Severe,28.6476,77.3158
2023-10-14,Kolkata_Victoria_2023-10-01_2023-11-30,65.13229166666666,133.31527777777777,12.735277777777776,5.520347222222223,1.593125,28.986215277777777,28.986215277777777,10,287,115.10678879310342,122.47122483221476,15.91909722222222,6.900434027777779,77.84791666666666,28.986215277777777,122.47122483221476,Moderate,22.5448,88.3426
2023-10-14,Mumbai_Bandra_2023-10-01_2023-11-30,,,,,,,,10,287,,,,,,,,Unknown,19.0544,72.8402
2023-10-15,Chennai_Alandur_2023-10-01_2023-11-30,12.432604166666666,34.917291666666664,79.28388888888888,2.6856597222222223,2.1746875,12.556805555555556,12.556805555555556,10,288,20.721006944444444,34.917291666666664,99.10027065527063,3.357074652777778,101.935957278481,12.556805555555556,101.935957278481,Moderate,13.0012,80.2014
2023-10-15,Delhi_AnandVihar_2023-10-01_2023-11-30,103.4861111111111,391.9565217391304,46.30625,9.725694444444445,1.65625,51.84605263157895,51.84605263157895,10,288,243.625,352.32526141992287,57.66682692307692,12.157118055555555,81.28472222222223,51.84605263157895,352.32526141992287,Very Poor,28.6476,77.3158
2023-10-15,Kolkata_Victoria_2023-10-01_2023-11-30,62.79652777777778,130.17534722222223,14.492291666666668,5.108923611111111,1.234513888888889,46.91159722222222,46.91159722222222,10,288,107.13297413793106,120.38496224832215,18.11536458333333,6.386154513888888,58.32353395061728,46.91159722222222,120.38496224832215,Moderate,22.5448,88.3426
2023-10-15,Mumbai_Bandra_2023-10-01_2023-11-30,,,,,,,,10,288,,,,,,,,Unknown,19.0544,72.8402
2023-10-16,Chennai_Alandur_2023-10-01_2023-11-30,11.187048611111113,32.71336805555556,100.85784722222222,3.7490625,2.7716666666666665,11.109027777777778,11.109027777777778,10,289,18.64508101851852,32.71336805555556,120.85784722222222,4.686328125,109.41708860759492,11.109027777777778,120.85784722222222,Moderate,13.0012,80.2014
2023-10-16,Delhi_AnandVihar_2023-10-01_2023-11-30,73.25,287.5652173913044,30.47065217391304,5.842391304347826,0.7434782608695653,30.330797101449274,30.330797101449274,10,289,142.8189655172414,237.5652173913044,38.088315217391305,7.302989130434783,37.173913043478265,30.330797101449274,237.5652173913044,Poor,28.6476,77.3158
2023-10-16,Kolkata_Victoria_2023-10-01_2023-11-30,76.98993055555556,161.26666666666668,15.733020833333336,5.024375,1.6380208333333333,41.81444444444444,41.81444444444444,10,289,155.58631465517243,141.04295302013423,19.66627604166667,6.28046875,80.29224537037037,41.81444444444444,155.58631465517243,Moderate,22.5448,88.3426
2023-10-16,Mumbai_Bandra_2023-10-01_2023-11-30,,,,,,,,10,289,,,,,,,,Unknown,19.0544,72.8402
2023-10-17,Chennai_Alandur_2023-10-01_2023-11-30,12.152395833333337,34.44694444444445,100.78524305555555,4.2652777777777775,2.070694444444445,12.330381944444444,12.330381944444444,10,290,20.25399305555556,34.44694444444445,120.78524305555555,5.331597222222221,,12.330381944444444,120.78524305555555,Moderate,13.0012,80.2014
2023-10-17,Delhi_AnandVihar_2023-10-01_2023-11-30,48.208333333333336,182.5,35.670833333333334,8.895833333333334,0.8916666666666666,65.76666666666667,65.76666666666667,10,290,80.07614942528735,155.1510067114094,44.58854166666667,11.119791666666668,44.58333333333333,65.76666666666667,155.1510067114094,Moderate,28.6476,77.3158
2023-10-17,Kolkata_Victoria_2023-10-01_2023-11-30,93.50144927536232,188.8902173913044,15.705868055555555,5.348152173913043,1.7239930555555556,28.94965277777777,28.94965277777777,10,290,209.5394302848576,159.39685585059823,19.632335069444444,6.685190217391304,84.97295524691359,28.94965277777777,209.5394302848576,Poor,22.5448,88.3426
2023-10-17,Mumbai_Bandra_2023-10-01_2023-11-30,,,,,,,,10,290,,,,,,,,Unknown,19.0544,72.8402
2023-10-18,Chennai_Alandur_2023-10-01_2023-11-30,16.984444444444446,43.31954861111111,104.3626388888889,4.161597222222222,3.2987847222222224,13.17138888888889,13.17138888888889,10,291,28.30740740740741,43.31954861111111,124.3626388888889,5.201996527777778,116.02274525316456,13.17138888888889,124.3626388888889,Moderate,13.0012,80.2014
2023-10-18,Delhi_AnandVihar_2023-10-01_2023-11-30,49.03333333333334,200.41666666666663,39.72222222222222,4.608333333333333,0.960185185185185,8.349074074074075,8.349074074074075,10,291,81.47011494252874,167.05536912751677,49.65277777777778,5.760416666666667,48.00925925925925,8.349074074074075,167.05536912751677,Moderate,28.6476,77.3158
2023-10-18,Kolkata_Victoria_2023-10-01_2023-11-30,76.06423611111111,139.45000000000002,14.354375,4.482395833333333,1.0052083333333333,37.15180555555556,37.15180555555556,10,291,152.4261853448276,126.54731543624165,17.94296875,5.602994791666667,,37.15180555555556,152.4261853448276,Moderate,22.5448,88.3426
2023-10-18,Mumbai_Bandra_2023-10-01_2023-11-30,,,,,,,,10,291,,,,,,,,Unknown,19.0544,72.8402
2023-10-19,Chennai_Alandur_2023-10-01_2023-11-30,20.00118055555556,48.836909722222224,81.50743055555556,4.151597222222223,4.173368055555556,13.451909722222224,13.451909722222224,10,292,33.335300925925935,48.836909722222224,101.50743055555556,5.189496527777778,126.98271360759492,13.451909722222224,126.98271360759492,Moderate,13.0012,80.2014
2023-10-19,Delhi_AnandVihar_2023-10-01_2023-11-30,73.703125,223.5625,39.5203125,3.7776041666666655,1.3296875,6.29375,6.29375,10,292,144.3658405172414,182.434144295302,49.400390625,4.722005208333332,63.50520833333333,6.29375,182.434144295302,Moderate,28.6476,77.3158
2023-10-19,Kolkata_Victoria_2023-10-01_2023-11-30,53.25347222222222,97.87013888888887,15.101840277777775,4.907395833333333,0.9936805555555556,41.651944444444446,41.651944444444446,10,292,88.60069444444444,97.87013888888887,18.877300347222217,6.134244791666666,49.68402777777778,41.651944444444446,97.87013888888887,Satisfactory,22.5448,88.3426
2023-10-19,Mumbai_Bandra_2023-10-01_2023-11-30,,,,,,,,10,292,,,,,,,,Unknown,19.0544,72.8402
2023-10-20,Chennai_Alandur_2023-10-01_2023-11-30,12.987430555555555,36.00649305555556,102.90086805555556,4.756631944444444,2.3070486111111115,13.0203125,13.0203125,10,293,21.645717592592597,36.00649305555556,122.90086805555556,5.945789930555555,103.5946598101266,13.0203125,122.90086805555556,Moderate,13.0012,80.2014
2023-10-20,Delhi_AnandVihar_2023-10-01_2023-11-30,122.11363636363636,287.67045454545456,32.175,5.790079365079365,1.2353174603174604,9.36904761904762,9.36904761904762,10,293,301.8546511627907,237.67045454545456,40.21875,7.2375992063492065,58.367283950617285,9.36904761904762,301.8546511627907,Very Poor,28.6476,77.3158
2023-10-20,Kolkata_Victoria_2023-10-01_2023-11-30,47.90625,93.73854166666666,16.049479166666668,4.874375,0.9823958333333334,45.84666666666666,45.84666666666666,10,293,79.5657327586207,93.73854166666666,20.061848958333336,6.09296875,49.11979166666667,45.84666666666666,93.73854166666666,Satisfactory,22.5448,88.3426
2023-10-20,Mumbai_Bandra_2023-10-01_2023-11-30,,,,,,,,10,293,,,,,,,,Unknown,19.0544,72.8402
2023-10-21,Chennai_Alandur_2023-10-01_2023-11-30,16.40496031746032,42.1734126984127,98.99479166666669,5.123194444444445,1.8120138888888888,14.062881944444444,14.062881944444444,10,294,27.34160052910053,42.1734126984127,118.99479166666669,6.403993055555556,89.76520061728394,14.062881944444444,118.99479166666669,Moderate,13.0012,80.2014
2023-10-21,Delhi_AnandVihar_2023-10-01_2023-11-30,185.2698412698413,440.13888888888886,,5.895634920634921,2.18531746031746,12.746031746031749,12.746031746031749,10,294,350.32336655592474,406.353550295858,,7.36954365079365,102.06916817359856,12.746031746031749,406.353550295858,Severe,28.6476,77.3158
2023-10-21,Kolkata_Victoria_2023-10-01_2023-11-30,48.75277777777777,98.18784722222222,14.867881944444443,5.176527777777777,0.9732986111111112,40.6728125,40.6728125,10,294,80.99607279693485,98.18784722222222,18.584852430555557,6.470659722222222,48.66493055555556,40.6728125,98.18784722222222,Satisfactory,22.5448,88.3426
2023-10-21,Mumbai_Bandra_2023-10-01_2023-11-30,,,,,,,,10,294,,,,,,,,Unknown,19.0544,72.8402
2023-10-22,Chennai_Alandur_2023-10-01_2023-11-30,14.3509375,38.500729166666666,74.01927083333334,4.287916666666667,1.0218402777777778,13.331180555555555,13.331180555555555,10,295,23.91822916666667,38.500729166666666,92.48575053418804,5.359895833333334,,13.331180555555555,92.48575053418804,Satisfactory,13.0012,80.2014
2023-10-22,Delhi_AnandVihar_2023-10-01_2023-11-30,260.1794871794872,485.69642857142856,,3.9973958333333335,2.8046875,9.288541666666667,9.288541666666667,10,295,404.6496756255792,433.0411031276416,,4.996744791666667,109.83089398734175,9.288541666666667,433.0411031276416,Severe,28.6476,77.3158
2023-10-22,Kolkata_Victoria_2023-10-01_2023-11-30,42.29236111111111,88.60347222222224,13.962083333333332,4.737951388888889,0.7128819444444444,37.18534722222223,37.18534722222223,10,295,70.08019636015325,88.60347222222224,17.452604166666667,5.922439236111111,35.64409722222222,37.18534722222223,88.60347222222224,Satisfactory,22.5448,88.3426
2023-10-22,Mumbai_Bandra_2023-10-01_2023-11-30,,,,,,,,10,295,,,,,,,,Unknown,19.0544,72.8402
2023-10-23,Chennai_Alandur_2023-10-01_2023-11-30,13.197291666666668,36.39184027777778,87.2170138888889,4.170347222222222,1.1420138888888889,14.176875,14.176875,10,296,21.99548611111112,36.39184027777778,107.2170138888889,5.212934027777778,53.28742283950617,14.176875,107.2170138888889,Moderate,13.0012,80.2014
2023-10-23,Delhi_AnandVihar_2023-10-01_2023-11-30,112.95,294.75,,1.2285714285714284,1.467857142857143,6.591071428571429,6.591071428571429,10,296,275.9327586206897,244.75,,1.5357142857142856,71.02777777777779,6.591071428571429,275.9327586206897,Poor,28.6476,77.3158
2023-10-23,Kolkata_Victoria_2023-10-01_2023-11-30,35.94583333333333,70.85625,13.214027777777778,4.637465277777777,0.4225,25.427222222222223,25.427222222222223,10,296,59.35675287356322,70.85625,16.517534722222223,5.796831597222222,21.125,25.427222222222223,70.85625,Satisfactory,22.5448,88.3426
2023-10-23,Mumbai_Bandra_2023-10-01_2023-11-30,,,,,,,,10,296,,,,,,,,Unknown,19.0544,72.8402
2023-10-24,Chennai_Alandur_2023-10-01_2023-11-30,17.21757575757576,43.74655303030303,111.05136363636365,4.2525,1.3894696969696971,14.871818181818185,14.871818181818185,10,297,28.6959595959596,43.74655303030303,131.05136363636365,5.315625000000001,66.76001683501684,14.871818181818185,131.05136363636365,Moderate,13.0012,80.2014
2023-10-24,Delhi_AnandVihar_2023-10-01_2023-11-30,137.19444444444443,304.2083333333333,,2.9947916666666665,1.4645833333333331,7.696874999999999,7.696874999999999,10,297,313.42829457364337,254.2083333333333,,3.743489583333333,70.84953703703702,7.696874999999999,313.42829457364337,Very Poor,28.6476,77.3158
2023-10-24,Kolkata_Victoria_2023-10-01_2023-11-30,18.338194444444444,34.27152777777778,12.035312500000002,5.336562499999999,0.1903472222222222,20.31975694444445,20.31975694444445,10,297,30.56365740740741,34.27152777777778,15.044140625000002,6.670703124999999,9.517361111111107,20.31975694444445,34.27152777777778,Good,22.5448,88.3426
2023-10-24,Mumbai_Bandra_2023-10-01_2023-11-30,,,,,,,,10,297,,,,,,,,Unknown,19.0544,72.8402
2023-10-25,Chennai_Alandur_2023-10-01_2023-11-30,14.160104166666663,38.1528125,87.88,4.010451388888889,1.5355208333333332,14.787916666666668,14.787916666666668,10,298,23.600173611111103,38.1528125,107.88,5.013064236111111,74.7116898148148,14.787916666666668,107.88,Moderate,13.0012,80.2014
2023-10-25,Delhi_AnandVihar_2023-10-01_2023-11-30,136.38541666666666,322.703125,,4.091145833333333,1.646875,9.327604166666667,9.327604166666667,10,298,312.80741279069764,272.703125,,5.113932291666666,80.77430555555556,9.327604166666667,312.80741279069764,Very Poor,28.6476,77.3158
2023-10-25,Kolkata_Victoria_2023-10-01_2023-11-30,37.09375,63.69618055555555,11.247361111111111,4.910694444444444,0.3595652173913043,21.95520833333333,21.95520833333333,10,298,61.29633620689656,63.69618055555555,14.059201388888887,6.138368055555556,17.978260869565215,21.95520833333333,63.69618055555555,Satisfactory,22.5448,88.3426
2023-10-25,Mumbai_Bandra_2023-10-01_2023-11-30,,,,,,,,10,298,,,,,,,,Unknown,19.0544,72.8402
2023-10-26,Chennai_Alandur_2023-10-01_2023-11-30,14.35722222222222,38.513020833333336,75.62475694444444,3.5762152777777776,0.8681597222222223,14.408298611111112,14.408298611111112,10,299,23.9287037037037,38.513020833333336,94.50289975071225,4.470269097222222,43.40798611111112,14.408298611111112,94.50289975071225,Satisfactory,13.0012,80.2014
2023-10-26,Delhi_AnandVihar_2023-10-01_2023-11-30,188.2644927536232,410.4166666666667,,2.1295833333333336,1.8344202898550728,8.726449275362318,8.726449275362318,10,299,352.6215874620829,375.4588607594937,,2.661979166666667,90.98510466988728,8.726449275362318,375.4588607594937,Very Poor,28.6476,77.3158
2023-10-26,Kolkata_Victoria_2023-10-01_2023-11-30,53.32717391304348,102.7,20.65852564102564,4.35036231884058,0.4278472222222222,25.091111111111115,25.091111111111115,10,299,88.72522488755624,102.12953020134228,25.823157051282053,5.4379528985507255,21.39236111111111,25.091111111111115,102.12953020134228,Moderate,22.5448,88.3426
2023-10-26,Mumbai_Bandra_2023-10-01_2023-11-30,,,,,,,,10,299,,,,,,,,Unknown,19.0544,72.8402
2023-10-27,Chennai_Alandur_2023-10-01_2023-11-30,14.227881944444446,38.27690972222222,88.01187499999999,3.5865625,0.5931597222222222,11.90190972222222,11.90190972222222,10,300,23.71313657407408,38.27690972222222,108.011875,4.483203125,29.65798611111111,11.90190972222222,108.011875,Moderate,13.0012,80.2014
2023-10-27,Delhi_AnandVihar_2023-10-01_2023-11-30,210.4782608695652,384.6315789473685,,4.344565217391304,2.4221014492753623,9.315579710144927,9.315579710144927,10,300,369.6693629929221,343.1459027315124,,5.430706521739131,105.03646119977984,9.315579710144927,369.6693629929221,Very Poor,28.6476,77.3158
2023-10-27,Kolkata_Victoria_2023-10-01_2023-11-30,66.79479166666667,110.65555555555557,19.634756944444444,5.239236111111111,0.3951041666666666,25.254722222222224,25.254722222222224,10,300,120.78221982758622,107.41543624161076,24.54344618055556,6.549045138888889,19.75520833333333,25.254722222222224,120.78221982758622,Moderate,22.5448,88.3426
2023-10-27,Mumbai_Bandra_2023-10-01_2023-11-30,,,,,,,,10,300,,,,,,,,Unknown,19.0544,72.8402
2023-10-28,Chennai_Alandur_2023-10-01_2023-11-30,9.92576388888889,30.40607638888889,103.9840625,3.8810416666666665,0.7621875,11.566458333333337,11.566458333333337,10,301,16.542939814814815,30.40607638888889,123.9840625,4.851302083333334,38.109375,11.566458333333337,123.9840625,Moderate,13.0012,80.2014
2023-10-28,Delhi_AnandVihar_2023-10-01_2023-11-30,240.96052631578948,426.59375,,1.336666666666667,2.588888888888889,24.498245614035085,24.498245614035085,10,301,393.062729498164,395.7314082278481,,1.6708333333333336,107.126582278481,24.498245614035085,395.7314082278481,Very Poor,28.6476,77.3158
2023-10-28,Kolkata_Victoria_2023-10-01_2023-11-30,81.925,140.89895833333333,22.78246527777777,5.005868055555555,0.4423611111111111,35.882638888888884,35.882638888888884,10,301,172.43362068965516,127.5100461409396,28.47808159722221,6.257335069444444,22.118055555555557,35.882638888888884,172.43362068965516,Moderate,22.5448,88.3426
2023-10-28,Mumbai_Bandra_2023-10-01_2023-11-30,,,,,,,,10,301,,,,,,,,Unknown,19.0544,72.8402
2023-10-29,Chennai_Alandur_2023-10-01_2023-11-30,13.985625,37.83107638888889,100.52725694444445,3.7686458333333337,0.7110069444444443,11.746666666666668,11.746666666666668,10,302,23.309375000000003,37.83107638888889,120.52725694444445,4.710807291666667,35.550347222222214,11.746666666666668,120.52725694444445,Moderate,13.0012,80.2014
2023-10-29,Delhi_AnandVihar_2023-10-01_2023-11-30,198.78571428571428,437.9285714285714,,4.894047619047619,1.1775641025641026,47.76130952380952,47.76130952380952,10,302,360.69601328903656,405.0587489433643,,6.117559523809524,55.22293447293447,47.76130952380952,405.0587489433643,Severe,28.6476,77.3158
2023-10-29,Kolkata_Victoria_2023-10-01_2023-11-30,75.86666666666666,124.40520833333332,20.027604166666663,5.610798611111111,0.5138194444444445,38.0553125,38.0553125,10,302,151.751724137931,116.5511115771812,25.03450520833333,7.013498263888889,25.690972222222225,38.0553125,151.751724137931,Moderate,22.5448,88.3426
2023-10-29,Mumbai_Bandra_2023-10-01_2023-11-30,,,,,,,,10,302,,,,,,,,Unknown,19.0544,72.8402
2023-10-30,Chennai_Alandur_2023-10-01_2023-11-30,9.62920138888889,29.864826388888886,87.85052083333333,3.605347222222224,1.1309027777777778,12.8184375,12.8184375,10,303,16.048668981481484,29.864826388888886,107.85052083333332,4.50668402777778,52.682484567901234,12.8184375,107.85052083333332,Moderate,13.0012,80.2014
2023-10-30,Delhi_AnandVihar_2023-10-01_2023-11-30,243.62280701754383,550.0964912280702,90.1,5.693055555555556,1.8,64.65666666666667,64.65666666666667,10,303,395.1058751529988,470.7665836188104,110.1,7.1163194444444455,89.11111111111111,64.65666666666667,470.7665836188104,Severe,28.6476,77.3158
2023-10-30,Kolkata_Victoria_2023-10-01_2023-11-30,68.18854166666667,117.1,22.17277777777777,5.497881944444444,0.4990624999999999,38.86201388888889,38.86201388888889,10,303,125.54019396551725,111.6973154362416,27.715972222222213,6.872352430555555,24.953125,38.86201388888889,125.54019396551725,Moderate,22.5448,88.3426
2023-10-30,Mumbai_Bandra_2023-10-01_2023-11-30,,,,,,,,10,303,,,,,,,,Unknown,19.0544,72.8402
2023-10-31,Chennai_Alandur_2023-10-01_2023-11-30,10.424513888888889,31.31809027777778,108.6721875,3.5175,0.9898958333333332,11.853958333333331,11.853958333333331,10,304,17.374189814814816,31.31809027777778,128.6721875,4.396875,49.49479166666666,11.853958333333331,128.6721875,Moderate,13.0012,80.2014
2023-10-31,Delhi_AnandVihar_2023-10-01_2023-11-30,270.0625,587.5125,63.85000000000001,5.35625,1.8858333333333333,60.29705882352941,60.29705882352941,10,304,408.57906626506025,492.68483727810656,79.70897435897437,6.6953125,93.78425925925924,60.29705882352941,492.68483727810656,Severe,28.6476,77.3158
2023-10-31,Kolkata_Victoria_2023-10-01_2023-11-30,71.64270833333333,127.69375,21.437881944444445,5.648159722222222,0.5515972222222222,32.18836805555556,32.18836805555556,10,304,137.3320043103448,118.73611577181208,26.79735243055556,7.0601996527777775,27.57986111111111,32.18836805555556,137.3320043103448,Moderate,22.5448,88.3426
2023-10-31,Mumbai_Bandra_2023-10-01_2023-11-30,,,,,,,,10,304,,,,,,,,Unknown,19.0544,72.8402
2023-11-01,Chennai_Alandur_2023-10-01_2023-11-30,9.502916666666666,29.633958333333336,119.05618055555556,3.8396875,1.119027777777778,11.747222222222222,11.747222222222222,11,305,15.838194444444444,29.633958333333336,139.05618055555556,4.799609375,52.03595679012346,11.747222222222222,139.05618055555556,Moderate,13.0012,80.2014
2023-11-01,Delhi_AnandVihar_2023-10-01_2023-11-30,266.10526315789474,545.7280701754386,50.46136363636364,4.2875,1.6592105263157897,59.32175925925927,59.32175925925927,11,305,407.00570703868107,468.2075677359078,62.88735431235432,5.359375,81.44590643274854,59.32175925925927,468.2075677359078,Severe,28.6476,77.3158
2023-11-01,Kolkata_Victoria_2023-10-01_2023-11-30,69.86874999999999,115.140625,22.8478125,4.928297101449275,0.2417361111111111,34.19,34.19,11,305,131.27607758620687,110.39544882550337,28.559765625,6.160371376811594,12.086805555555555,34.19,131.27607758620687,Moderate,22.5448,88.3426
2023-11-01,Mumbai_Bandra_2023-10-01_2023-11-30,,,,,,,,11,305,,,,,,,,Unknown,19.0544,72.8402
2023-11-02,Chennai_Alandur_2023-10-01_2023-11-30,9.298055555555557,29.258194444444445,101.689375,3.666701388888889,0.8635416666666668,11.721840277777778,11.721840277777778,11,306,15.496759259259262,29.258194444444445,121.689375,4.583376736111111,43.177083333333336,11.721840277777778,121.689375,Moderate,13.0012,80.2014
2023-11-02,Delhi_AnandVihar_2023-10-01_2023-11-30,398.5381944444444,693.7986111111112,60.05833333333334,6.602777777777778,2.6322916666666667,26.80652173913043,26.80652173913043,11,306,459.6597640562249,500.0,74.94508547008547,8.253472222222221,107.67049050632912,26.80652173913043,500.0,Severe,28.6476,77.3158
2023-11-02,Kolkata_Victoria_2023-10-01_2023-11-30,70.22708333333334,124.68020833333333,23.03711805555556,5.658993055555555,0.3475,34.45434027777778,34.45434027777778,11,306,132.49935344827588,116.73382969798658,28.79639756944445,7.073741319444444,17.375,34.45434027777778,132.49935344827588,Moderate,22.5448,88.3426
2023-11-02,Mumbai_Bandra_2023-10-01_2023-11-30,,,,,,,,11,306,,,,,,,,Unknown,19.0544,72.8402
2023-11-03,Chennai_Alandur_2023-10-01_2023-11-30,10.10388888888889,30.73277777777778,105.64965277777776,2.989722222222222,0.8278819444444444,11.667222222222222,11.667222222222222,11,307,16.839814814814815,30.73277777777778,125.64965277777776,3.737152777777777,41.39409722222222,11.667222222222222,125.64965277777776,Moderate,13.0012,80.2014
2023-11-03,Delhi_AnandVihar_2023-10-01_2023-11-30,347.0625,627.9479166666666,64.845,2.398888888888889,3.05,22.68166666666667,22.68166666666667,11,307,439.1935240963856,500.0,80.95910256410257,2.998611111111112,112.90506329113924,22.68166666666667,500.0,Severe,28.6476,77.3158
2023-11-03,Kolkata_Victoria_2023-10-01_2023-11-30,98.534375,172.90937499999998,19.24055555555556,6.324340277777778,0.559875,34.16034722222222,34.16034722222222,11,307,226.7207974137931,148.77871224832214,24.05069444444445,7.905425347222223,27.99375,34.16034722222222,226.7207974137931,Poor,22.5448,88.3426
2023-11-03,Mumbai_Bandra_2023-10-01_2023-11-30,,,,,,,,11,307,,,,,,,,Unknown,19.0544,72.8402
2023-11-04,Chennai_Alandur_2023-10-01_2023-11-30,7.203297101449276,24.87763888888889,85.92312499999998,3.976701388888889,0.6901388888888889,13.772173913043478,13.772173913043478,11,308,12.005495169082126,24.87763888888889,105.92312499999998,4.970876736111111,34.50694444444444,13.772173913043478,105.92312499999998,Moderate,13.0012,80.2014
2023-11-04,Delhi_AnandVihar_2023-10-01_2023-11-30,422.3697916666667,726.4739583333334,63.269642857142856,1.5791666666666666,3.2410714285714284,9.346666666666666,9.346666666666666,11,308,469.13497740963857,500.0,78.97980769230769,1.9739583333333333,115.2995027124774,9.346666666666666,500.0,Severe,28.6476,77.3158
2023-11-04,Kolkata_Victoria_2023-10-01_2023-11-30,56.115625,102.76666666666668,19.548784722222223,6.127986111111111,0.1157196969696969,28.86003472222222,28.86003472222222,11,308,93.43674568965515,102.17382550335572,24.43598090277778,7.65998263888889,5.785984848484845,28.86003472222222,102.17382550335572,Moderate,22.5448,88.3426
2023-11-04,Mumbai_Bandra_2023-10-01_2023-11-30,,,,,,,,11,308,,,,,,,,Unknown,19.0544,72.8402
2023-11-05,Chennai_Alandur_2023-10-01_2023-11-30,5.694305555555555,22.66604166666667,15.06017361111111,5.171736111111112,0.7673958333333334,11.67579861111111,11.67579861111111,11,309,9.49050925925926,22.66604166666667,18.82521701388889,6.4646701388888905,38.36979166666667,11.67579861111111,38.36979166666667,Good,13.0012,80.2014
2023-11-05,Delhi_AnandVihar_2023-10-01_2023-11-30,308.18055555555554,607.7083333333334,59.79861111111112,0.6166666666666666,3.090277777777778,12.8375,12.8375,11,309,423.734437751004,500.0,74.61876780626781,0.7708333333333333,113.40981012658229,12.8375,500.0,Severe,28.6476,77.3158
2023-11-05,Kolkata_Victoria_2023-10-01_2023-11-30,79.30312500000001,138.92083333333332,18.168645833333333,5.580902777777777,0.1082083333333333,37.68274305555556,37.68274305555556,11,309,163.48308189655177,126.19572147651006,22.710807291666665,6.976128472222221,5.410416666666665,37.68274305555556,163.48308189655177,Moderate,22.5448,88.3426
2023-11-05,Mumbai_Bandra_2023-10-01_2023-11-30,,,,,,,,11,309,,,,,,,,Unknown,19.0544,72.8402
2023-11-06,Chennai_Alandur_2023-10-01_2023-11-30,8.541944444444445,27.87524305555556,28.886180555555555,4.703680555555556,0.8691666666666666,18.349479166666665,18.349479166666665,11,310,14.236574074074076,27.87524305555556,36.10772569444444,5.879600694444445,43.45833333333333,18.349479166666665,43.45833333333333,Good,13.0012,80.2014
2023-11-06,Delhi_AnandVihar_2023-10-01_2023-11-30,358.6375,567.8035714285714,71.16666666666667,5.5962962962962965,3.4402777777777778,61.01527777777778,61.01527777777778,11,310,443.7956325301205,481.1393702451395,88.90170940170941,6.99537037037037,117.79588607594935,61.01527777777778,481.1393702451395,Severe,28.6476,77.3158
2023-11-06,Kolkata_Victoria_2023-10-01_2023-11-30,84.19021739130434,139.62898550724637,24.901376811594204,5.6866666666666665,0.7253623188405797,47.17940972222223,47.17940972222223,11,310,180.16660419790105,126.66623869273415,31.126721014492755,7.108333333333333,36.26811594202898,47.17940972222223,180.16660419790105,Moderate,22.5448,88.3426
2023-11-06,Mumbai_Bandra_2023-10-01_2023-11-30,,,,,,,,11,310,,,,,,,,Unknown,19.0544,72.8402
2023-11-07,Chennai_Alandur_2023-10-01_2023-11-30,12.895868055555557,35.83927083333334,87.91229166666666,5.005069444444445,1.1348684210526316,18.419756944444444,18.419756944444444,11,311,21.49311342592593,35.83927083333334,107.91229166666666,6.256336805555556,52.8983918128655,18.419756944444444,107.91229166666666,Moderate,13.0012,80.2014
2023-11-07,Delhi_AnandVihar_2023-10-01_2023-11-30,354.1666666666667,612.0795454545455,63.41423611111111,2.7008771929824564,3.3586805555555554,37.235416666666666,37.235416666666666,11,311,442.01807228915663,500.0,79.16147613960113,3.3760964912280707,116.77333860759494,37.235416666666666,500.0,Severe,28.6476,77.3158
2023-11-07,Kolkata_Victoria_2023-10-01_2023-11-30,102.99444444444444,180.51284722222223,21.455659722222222,5.866944444444445,0.9845138888888888,37.01868055555556,37.01868055555556,11,311,241.94655172413792,153.83068372483223,26.819574652777774,7.333680555555556,49.22569444444444,37.01868055555556,241.94655172413792,Poor,22.5448,88.3426
2023-11-07,Mumbai_Bandra_2023-10-01_2023-11-30,,,,,,,,11,311,,,,,,,,Unknown,19.0544,72.8402
2023-11-08,Chennai_Alandur_2023-10-01_2023-11-30,12.089583333333332,34.36697916666667,42.82423611111111,4.746006944444445,1.3193750000000002,17.980104166666667,17.980104166666667,11,312,20.149305555555557,34.36697916666667,53.29198896011396,5.932508680555556,62.94375000000001,17.980104166666667,62.94375000000001,Satisfactory,13.0012,80.2014
2023-11-08,Delhi_AnandVihar_2023-10-01_2023-11-30,326.3645833333333,600.6041666666666,57.64895833333333,5.297916666666667,3.3625000000000003,9.4,9.4,11,312,430.9642319277109,500.0,71.91792200854701,6.622395833333333,116.82120253164555,9.4,500.0,Severe,28.6476,77.3158
2023-11-08,Kolkata_Victoria_2023-10-01_2023-11-30,111.36388888888888,196.83715277777776,16.42454861111111,7.873680555555556,1.3741666666666668,42.098576388888894,42.098576388888894,11,312,270.51810344827584,164.67703439597315,20.530685763888886,9.842100694444444,65.92685185185185,42.098576388888894,270.51810344827584,Poor,22.5448,88.3426
2023-11-08,Mumbai_Bandra_2023-10-01_2023-11-30,,,,,,,,11,312,,,,,,,,Unknown,19.0544,72.8402
2023-11-09,Chennai_Alandur_2023-10-01_2023-11-30,13.123402777777777,36.254201388888895,44.979513888888896,4.5028125,1.3140625,18.14739583333333,18.14739583333333,11,313,21.872337962962963,36.254201388888895,55.999902065527074,5.628515625,62.65451388888888,18.14739583333333,62.65451388888888,Satisfactory,13.0012,80.2014
2023-11-09,Delhi_AnandVihar_2023-10-01_2023-11-30,404.9479166666667,661.4427083333334,62.079166666666666,2.2961538461538464,3.6142857142857134,16.87291666666667,16.87291666666667,11,313,462.2082078313253,500.0,77.4840811965812,2.870192307692308,119.9764918625678,16.87291666666667,500.0,Severe,28.6476,77.3158
2023-11-09,Kolkata_Victoria_2023-10-01_2023-11-30,131.95069444444445,234.6996527777778,9.395104166666668,7.173194444444444,1.4959027777777776,44.55027777777778,44.55027777777778,11,313,309.40402131782946,189.83399748322148,11.743880208333335,8.966493055555556,72.55470679012345,44.55027777777778,309.40402131782946,Very Poor,22.5448,88.3426
2023-11-09,Mumbai_Bandra_2023-10-01_2023-11-30,,,,,,,,11,313,,,,,,,,Unknown,19.0544,72.8402
2023-11-10,Chennai_Alandur_2023-10-01_2023-11-30,15.512465277777778,40.525625,53.08260416666666,4.101527777777778,1.2014930555555556,22.6334375,22.6334375,11,314,25.8541087962963,40.525625,66.1807077991453,5.126909722222223,56.52573302469136,22.6334375,66.1807077991453,Satisfactory,13.0012,80.2014
2023-11-10,Delhi_AnandVihar_2023-10-01_2023-11-30,182.23684210526315,264.1578947368421,33.59736842105264,1.5916666666666668,1.5921052631578947,39.00921052631579,39.00921052631579,11,314,347.9957160342717,214.15789473684208,41.9967105263158,1.9895833333333333,77.79239766081871,39.00921052631579,347.9957160342717,Very Poor,28.6476,77.3158
2023-11-10,Kolkata_Victoria_2023-10-01_2023-11-30,141.92579365079365,257.5383333333333,8.84017361111111,7.072395833333334,1.8007638888888888,40.624340277777776,40.624340277777776,11,314,317.0593300110742,207.5383333333333,11.050217013888888,8.840494791666668,89.15270061728395,40.624340277777776,317.0593300110742,Very Poor,22.5448,88.3426
2023-11-10,Mumbai_Bandra_2023-10-01_2023-11-30,,,,,,,,11,314,,,,,,,,Unknown,19.0544,72.8402
2023-11-11,Chennai_Alandur_2023-10-01_2023-11-30,31.413854166666667,67.26954861111112,48.74517361111111,7.213993055555555,1.1776736111111112,25.66361111111112,25.66361111111112,11,315,51.69927083333334,67.26954861111112,60.73111556267806,9.017491319444444,55.22889660493827,25.66361111111112,67.26954861111112,Satisfactory,13.0012,80.2014
2023-11-11,Delhi_AnandVihar_2023-10-01_2023-11-30,120.10984848484848,253.51136363636363,29.33257575757576,2.609469696969697,1.1079545454545454,8.625757575757577,8.625757575757577,11,315,,203.51136363636363,36.6657196969697,3.261837121212121,51.4330808080808,8.625757575757577,203.51136363636363,Poor,28.6476,77.3158
2023-11-11,Kolkata_Victoria_2023-10-01_2023-11-30,132.53840579710143,239.0993055555556,13.441597222222224,6.201354166666667,1.4990277777777778,44.31319444444444,44.31319444444444,11,315,309.85505561172903,192.7572567114094,16.80199652777778,7.7516927083333345,72.72484567901235,44.31319444444444,309.85505561172903,Very Poor,22.5448,88.3426
2023-11-11,Mumbai_Bandra_2023-10-01_2023-11-30,,,,,,,,11,315,,,,,,,,Unknown,19.0544,72.8402
2023-11-12,Chennai_Alandur_2023-10-01_2023-11-30,140.91864583333333,224.88083333333336,35.699710144927536,25.39003472222222,2.628645833333333,24.537847222222226,24.537847222222226,11,316,316.2864026162791,183.31008389261743,44.62463768115942,31.737543402777774,107.62480221518987,24.537847222222226,316.2864026162791,Very Poor,13.0012,80.2014
2023-11-12,Delhi_AnandVihar_2023-10-01_2023-11-30,190.7534722222222,357.5471014492754,34.95729166666667,4.832291666666666,1.63125,8.013541666666667,8.013541666666667,11,316,354.53173449612405,309.2045954870666,43.696614583333336,6.040364583333333,79.92361111111111,8.013541666666667,354.53173449612405,Very Poor,28.6476,77.3158
2023-11-12,Kolkata_Victoria_2023-10-01_2023-11-30,132.67361111111111,211.37326388888889,9.34829861111111,5.117048611111112,1.1997569444444445,39.25788194444444,39.25788194444444,11,316,309.95881782945736,174.33525587248323,11.685373263888888,6.3963107638888905,56.43121141975308,39.25788194444444,309.95881782945736,Very Poor,22.5448,88.3426
2023-11-12,Mumbai_Bandra_2023-10-01_2023-11-30,,,,,,,,11,316,,,,,,,,Unknown,19.0544,72.8402
2023-11-13,Chennai_Alandur_2023-10-01_2023-11-30,85.27871527777778,130.7840625,30.662881944444447,15.89277777777778,4.538968253968254,31.271979166666668,31.271979166666668,11,317,183.88251077586207,120.78941065436244,38.32860243055556,19.865972222222226,131.56428571428572,31.271979166666668,183.88251077586207,Moderate,13.0012,80.2014
2023-11-13,Delhi_AnandVihar_2023-10-01_2023-11-30,421.1833333333333,592.1180555555555,35.45343137254902,7.515196078431373,3.067647058823529,7.800490196078432,7.800490196078432,11,317,468.6632530120482,495.3827662721893,44.31678921568627,9.393995098039216,113.12620997766194,7.800490196078432,495.3827662721893,Severe,28.6476,77.3158
2023-11-13,Kolkata_Victoria_2023-10-01_2023-11-30,153.8776515151515,239.92717391304348,8.473020833333335,5.977916666666666,0.9737847222222222,33.82864583333333,33.82864583333333,11,317,326.23168604651164,193.30731689524367,10.591276041666667,7.472395833333333,48.68923611111112,33.82864583333333,326.23168604651164,Very Poor,22.5448,88.3426
2023-11-13,Mumbai_Bandra_2023-10-01_2023-11-30,,,,,,,,11,317,,,,,,,,Unknown,19.0544,72.8402
2023-11-14,Chennai_Alandur_2023-10-01_2023-11-30,39.85993055555556,64.9653125,22.92708333333333,10.3315625,2.501423611111111,19.835243055555555,19.835243055555555,11,318,65.97022749042146,64.9653125,28.65885416666666,12.914453125,106.03049841772152,19.835243055555555,106.03049841772152,Moderate,13.0012,80.2014
2023-11-14,Delhi_AnandVihar_2023-10-01_2023-11-30,287.9479166666667,549.34375,51.91666666666666,4.555208333333334,3.145833333333333,7.138541666666666,7.138541666666666,11,318,415.6901355421687,470.3256286982248,64.71581196581195,5.694010416666667,114.10601265822784,7.138541666666666,470.3256286982248,Severe,28.6476,77.3158
2023-11-14,Kolkata_Victoria_2023-10-01_2023-11-30,75.16527777777777,126.30590277777776,9.3940625,6.258229166666666,0.9190625,36.41107638888889,36.41107638888889,11,318,149.35732758620688,117.81398909395972,11.742578125,7.822786458333333,45.953125,36.41107638888889,149.35732758620688,Moderate,22.5448,88.3426
2023-11-14,Mumbai_Bandra_2023-10-01_2023-11-30,,,,,,,,11,318,,,,,,,,Unknown,19.0544,72.8402
2023-11-15,Chennai_Alandur_2023-10-01_2023-11-30,32.915416666666665,51.74923611111111,55.24711805555555,11.552118055555557,1.032326388888889,18.065,18.065,11,319,54.23639367816092,51.74923611111111,68.90022524928774,14.440147569444443,,18.065,68.90022524928774,Satisfactory,13.0012,80.2014
2023-11-15,Delhi_AnandVihar_2023-10-01_2023-11-30,305.2916666666667,528.8645833333334,48.63645833333334,4.451041666666667,2.4322916666666665,6.507291666666667,6.507291666666667,11,319,422.585843373494,458.32895710059177,60.594524572649576,5.563802083333334,105.16416139240506,6.507291666666667,458.32895710059177,Severe,28.6476,77.3158
2023-11-15,Kolkata_Victoria_2023-10-01_2023-11-30,62.43993055555556,109.14479166666666,13.35357638888889,6.5815277777777785,0.9684375,33.84815972222222,33.84815972222222,11,319,105.91562500000002,106.41164010067114,16.69197048611111,8.226909722222222,48.421875,33.84815972222222,106.41164010067114,Moderate,22.5448,88.3426
2023-11-15,Mumbai_Bandra_2023-10-01_2023-11-30,,,,,,,,11,319,,,,,,,,Unknown,19.0544,72.8402
2023-11-16,Chennai_Alandur_2023-10-01_2023-11-30,32.80795138888889,51.62041666666667,82.73631944444445,11.022222222222224,0.9005555555555556,22.491666666666664,22.491666666666664,11,320,54.05481441570881,51.62041666666667,102.73631944444443,13.77777777777778,45.02777777777778,22.491666666666664,102.73631944444443,Moderate,13.0012,80.2014
2023-11-16,Delhi_AnandVihar_2023-10-01_2023-11-30,364.7083333333333,545.6458333333334,50.35416666666666,4.214583333333334,3.1364583333333336,13.575,13.575,11,320,446.2093373493976,468.15939349112426,62.75267094017093,5.268229166666667,113.98852848101266,13.575,468.15939349112426,Severe,28.6476,77.3158
2023-11-16,Kolkata_Victoria_2023-10-01_2023-11-30,49.57743055555556,82.89444444444445,6.712326388888889,5.3015625,0.7598263888888889,36.33989583333334,36.33989583333334,11,320,82.3894516283525,82.89444444444445,8.39040798611111,6.626953125,37.99131944444444,36.33989583333334,82.89444444444445,Satisfactory,22.5448,88.3426
2023-11-16,Mumbai_Bandra_2023-10-01_2023-11-30,,,,,,,,11,320,,,,,,,,Unknown,19.0544,72.8402
2023-11-17,Chennai_Alandur_2023-10-01_2023-11-30,34.64125,53.82076388888888,48.204479166666665,11.278576388888888,0.9006249999999999,21.07361111111111,21.07361111111111,11,321,57.152456896551726,53.82076388888888,60.051781517094014,14.09822048611111,45.03124999999999,21.07361111111111,60.051781517094014,Satisfactory,13.0012,80.2014
2023-11-17,Delhi_AnandVihar_2023-10-01_2023-11-30,283.3645833333333,487.8645833333333,42.98333333333333,3.00625,4.643159722222222,28.273958333333336,28.273958333333336,11,321,413.8678463855422,434.3112056213018,53.49188034188033,3.7578125,132.86997626582277,28.273958333333336,434.3112056213018,Severe,28.6476,77.3158
2023-11-17,Kolkata_Victoria_2023-10-01_2023-11-30,19.695486111111112,42.83541666666667,4.178680555555556,4.774409722222223,0.5546875,23.049305555555552,23.049305555555552,11,321,32.82581018518519,42.83541666666667,5.223350694444445,5.968012152777779,27.734375,23.049305555555552,42.83541666666667,Good,22.5448,88.3426
2023-11-17,Mumbai_Bandra_2023-10-01_2023-11-30,,,,,,,,11,321,,,,,,,,Unknown,19.0544,72.8402
2023-11-18,Chennai_Alandur_2023-10-01_2023-11-30,36.38121527777778,55.90618055555556,54.794131944444445,11.48357638888889,0.9019444444444444,19.129791666666662,19.129791666666662,11,322,60.09239822796935,55.90618055555556,68.33108885327636,14.354470486111111,45.09722222222222,19.129791666666662,68.33108885327636,Satisfactory,13.0012,80.2014
2023-11-18,Delhi_AnandVihar_2023-10-01_2023-11-30,180.546875,365.3020833333333,47.16770833333334,1.2527777777777778,2.6979166666666665,8.831249999999999,8.831249999999999,11,322,346.6987645348837,318.9228639240506,58.74917200854701,1.5659722222222223,108.49287974683544,8.831249999999999,346.6987645348837,Very Poor,28.6476,77.3158
2023-11-18,Kolkata_Victoria_2023-10-01_2023-11-30,25.28611111111111,50.83263888888889,4.869236111111111,5.862361111111111,0.940486111111111,23.746145833333333,23.746145833333333,11,322,42.14351851851852,,6.086545138888889,7.32795138888889,47.02430555555555,23.746145833333333,47.02430555555555,Good,22.5448,88.3426
2023-11-18,Mumbai_Bandra_2023-10-01_2023-11-30,,,,,,,,11,322,,,,,,,,Unknown,19.0544,72.8402
2023-11-19,Chennai_Alandur_2023-10-01_2023-11-30,40.51277777777778,60.86222222222222,48.468541666666674,11.162465277777777,0.9040277777777778,21.993125000000003,21.993125000000003,11,323,67.07331417624522,60.86222222222222,60.38355235042736,13.95308159722222,45.201388888888886,21.993125000000003,67.07331417624522,Satisfactory,13.0012,80.2014
2023-11-19,Delhi_AnandVihar_2023-10-01_2023-11-30,198.01041666666663,364.1458333333333,40.829166666666666,6.260763888888889,2.3,37.6963768115942,37.6963768115942,11,323,360.10101744186045,317.4738924050633,,7.825954861111111,103.50632911392404,37.6963768115942,360.10101744186045,Very Poor,28.6476,77.3158
2023-11-19,Kolkata_Victoria_2023-10-01_2023-11-30,43.21739130434783,178.44021739130434,6.221631944444444,4.965625,0.9115625,31.65986111111112,31.65986111111112,11,323,71.6431784107946,152.45356725999417,7.777039930555555,6.20703125,45.578125,31.65986111111112,152.45356725999417,Moderate,22.5448,88.3426
2023-11-19,Mumbai_Bandra_2023-10-01_2023-11-30,,,,,,,,11,323,,,,,,,,Unknown,19.0544,72.8402
2023-11-20,Chennai_Alandur_2023-10-01_2023-11-30,35.518680555555555,54.867534722222224,38.01795138888889,10.859409722222225,0.9017013888888888,18.536527777777778,18.536527777777778,11,324,58.63501197318008,54.867534722222224,47.52243923611111,13.57426215277778,45.08506944444444,18.536527777777778,58.63501197318008,Satisfactory,13.0012,80.2014
2023-11-20,Delhi_AnandVihar_2023-10-01_2023-11-30,237.97916666666663,422.8645833333333,51.18958333333333,4.509848484848485,3.2884615384615383,32.55289855072464,32.55289855072464,11,324,390.7747093023256,391.0581487341772,63.80229700854701,5.6373106060606055,115.8933787731256,32.55289855072464,391.0581487341772,Very Poor,28.6476,77.3158
2023-11-20,Kolkata_Victoria_2023-10-01_2023-11-30,58.535069444444446,125.29270833333334,7.169583333333333,5.997847222222222,1.1713888888888888,28.760104166666668,28.760104166666668,11,324,97.52477250957855,117.14079278523492,8.961979166666666,7.497309027777778,54.88672839506172,28.760104166666668,117.14079278523492,Moderate,22.5448,88.3426
2023-11-20,Mumbai_Bandra_2023-10-01_2023-11-30,,,,,,,,11,324,,,,,,,,Unknown,19.0544,72.8402
2023-11-21,Chennai_Alandur_2023-10-01_2023-11-30,29.954756944444444,48.19427083333333,43.66076388888889,11.283194444444446,0.9008680555555556,18.05017361111111,18.05017361111111,11,325,49.92459490740741,48.19427083333333,54.34301103988604,14.103993055555556,45.04340277777778,18.05017361111111,54.34301103988604,Satisfactory,13.0012,80.2014
2023-11-21,Delhi_AnandVihar_2023-10-01_2023-11-30,217.4652777777778,411.5625,47.29791666666667,2.509375,1.7125,9.311458333333333,9.311458333333333,11,325,375.031492248062,376.8947784810127,58.9127670940171,3.13671875,84.34722222222221,9.311458333333333,376.8947784810127,Very Poor,28.6476,77.3158
2023-11-21,Kolkata_Victoria_2023-10-01_2023-11-30,86.06014492753624,154.2786231884058,11.368854166666669,6.733550724637682,1.3132986111111111,34.20545138888889,34.20545138888889,11,325,186.55014992503752,136.3998905748468,14.211067708333337,8.416938405797103,62.612924382716045,34.20545138888889,186.55014992503752,Moderate,22.5448,88.3426
2023-11-21,Mumbai_Bandra_2023-10-01_2023-11-30,,,,,,,,11,325,,,,,,,,Unknown,19.0544,72.8402
2023-11-22,Chennai_Alandur_2023-10-01_2023-11-30,34.09395833333333,53.16295138888889,45.36857638888889,11.844375,0.8970833333333333,16.768958333333334,16.768958333333334,11,326,56.22772270114943,53.16295138888889,56.48872418091168,14.80546875,44.85416666666666,16.768958333333334,56.48872418091168,Satisfactory,13.0012,80.2014
2023-11-22,Delhi_AnandVihar_2023-10-01_2023-11-30,225.4583333333333,426.3125,50.225,3.821875,2.040625,7.422916666666667,7.422916666666667,11,326,381.16569767441854,395.3789556962025,62.590384615384615,4.77734375,,7.422916666666667,395.3789556962025,Very Poor,28.6476,77.3158
2023-11-22,Kolkata_Victoria_2023-10-01_2023-11-30,115.94583333333333,195.8045138888889,13.564791666666666,6.466597222222222,1.3939930555555555,50.71225694444445,50.71225694444445,11,326,286.15991379310344,163.99091862416108,16.955989583333334,8.083246527777778,67.00628858024692,,286.15991379310344,Poor,22.5448,88.3426
2023-11-22,Mumbai_Bandra_2023-10-01_2023-11-30,,,,,,,,11,326,,,,,,,,Unknown,19.0544,72.8402
2023-11-23,Chennai_Alandur_2023-10-01_2023-11-30,33.407048611111115,52.33701388888889,49.16850694444444,11.642048611111113,0.9000694444444445,18.093645833333333,18.093645833333333,11,327,55.06708213601533,52.33701388888889,61.2629959045584,14.552560763888891,45.00347222222222,18.093645833333333,61.2629959045584,Satisfactory,13.0012,80.2014
2023-11-23,Delhi_AnandVihar_2023-10-01_2023-11-30,255.3020833333333,481.1145833333333,52.975,3.2,3.368478260869565,19.791666666666668,19.791666666666668,11,327,402.71046686746985,430.35706360946745,66.04551282051283,4.0,116.89611997798568,19.791666666666668,430.35706360946745,Severe,28.6476,77.3158
2023-11-23,Kolkata_Victoria_2023-10-01_2023-11-30,134.5625,226.9409722222222,12.615069444444444,7.753506944444445,1.8549305555555555,43.61822916666667,43.61822916666667,11,327,311.40843023255815,184.67890100671136,15.768836805555557,9.691883680555556,92.10177469135805,43.61822916666667,311.40843023255815,Very Poor,22.5448,88.3426
2023-11-23,Mumbai_Bandra_2023-10-01_2023-11-30,,,,,,,,11,327,,,,,,,,Unknown,19.0544,72.8402
2023-11-24,Chennai_Alandur_2023-10-01_2023-11-30,35.60605072463768,54.99557971014492,44.29449275362319,10.808840579710145,0.9012847222222224,17.866493055555555,17.866493055555555,11,328,58.78263743128437,54.99557971014492,55.13923448532144,13.51105072463768,45.06423611111112,17.866493055555555,58.78263743128437,Satisfactory,13.0012,80.2014
2023-11-24,Delhi_AnandVihar_2023-10-01_2023-11-30,388.9375,628.4479166666666,63.12916666666667,6.383680555555556,5.1115625,42.46071428571428,42.46071428571428,11,328,455.8426204819277,500.0,78.80331196581197,7.979600694444445,138.7398338607595,42.46071428571428,500.0,Severe,28.6476,77.3158
2023-11-24,Kolkata_Victoria_2023-10-01_2023-11-30,132.52971014492755,234.3855072463768,9.52125,6.378888888888889,2.0479166666666666,31.733229166666664,31.733229166666664,11,328,309.8483822042467,189.62526991537788,11.9015625,7.9736111111111105,,31.733229166666664,309.8483822042467,Very Poor,22.5448,88.3426
2023-11-24,Mumbai_Bandra_2023-10-01_2023-11-30,,,,,,,,11,328,,,,,,,,Unknown,19.0544,72.8402
2023-11-25,Chennai_Alandur_2023-10-01_2023-11-30,37.22048611111111,56.91354166666667,46.6840625,11.202673611111113,0.9011805555555557,19.46576388888889,19.46576388888889,11,329,61.51047653256704,56.91354166666667,58.14151442307693,14.00334201388889,45.059027777777786,19.46576388888889,61.51047653256704,Satisfactory,13.0012,80.2014
2023-11-25,Delhi_AnandVihar_2023-10-01_2023-11-30,288.4895833333333,519.1875,60.08854166666666,4.170833333333333,4.386666666666667,11.358333333333334,11.358333333333334,11,329,415.9054969879518,452.66013313609466,74.98303952991452,5.213541666666667,129.65569620253166,11.358333333333334,452.66013313609466,Severe,28.6476,77.3158
2023-11-25,Kolkata_Victoria_2023-10-01_2023-11-30,101.0201388888889,182.36597222222224,10.788854166666669,7.181180555555556,1.4673958333333337,33.60451388888889,33.60451388888889,11,329,235.2066810344828,155.0619546979866,13.486067708333335,8.976475694444444,71.00266203703706,33.60451388888889,235.2066810344828,Poor,22.5448,88.3426
2023-11-25,Mumbai_Bandra_2023-10-01_2023-11-30,,,,,,,,11,329,,,,,,,,Unknown,19.0544,72.8402
2023-11-26,Chennai_Alandur_2023-10-01_2023-11-30,38.33934027777778,58.25815972222222,57.39805555555555,11.658923611111112,0.9066319444444444,23.60739583333333,23.60739583333333,11,330,63.40095426245211,58.25815972222222,71.60268518518518,14.57365451388889,45.33159722222222,23.60739583333333,71.60268518518518,Satisfactory,13.0012,80.2014
2023-11-26,Delhi_AnandVihar_2023-10-01_2023-11-30,301.28125,544.0833333333334,46.36145833333333,3.224305555555555,3.115625,69.14848484848484,69.14848484848484,11,330,420.9913403614458,467.24408284023673,57.73619123931624,4.030381944444444,113.72745253164555,69.14848484848484,467.24408284023673,Severe,28.6476,77.3158
2023-11-26,Kolkata_Victoria_2023-10-01_2023-11-30,78.59930555555555,144.6204861111111,13.964201388888888,8.006701388888889,1.1955555555555557,33.92625,33.92625,11,330,161.0803879310345,129.9827390939597,17.45525173611111,10.00837673611111,56.20246913580248,33.92625,161.0803879310345,Moderate,22.5448,88.3426
2023-11-26,Mumbai_Bandra_2023-10-01_2023-11-30,,,,,,,,11,330,,,,,,,,Unknown,19.0544,72.8402
2023-11-27,Chennai_Alandur_2023-10-01_2023-11-30,31.960763888888888,50.60375,43.30577777777778,12.49065972222222,0.9003819444444444,18.56892361111112,18.56892361111112,11,331,52.6233596743295,,53.897002849002845,15.613324652777775,45.01909722222222,18.56892361111112,53.897002849002845,Satisfactory,13.0012,80.2014
2023-11-27,Delhi_AnandVihar_2023-10-01_2023-11-30,226.09375,394.8645833333333,38.165625,5.179166666666666,2.070138888888889,57.01527777777778,57.01527777777778,11,331,381.65334302325584,355.9695411392405,47.70703125,6.473958333333333,,57.01527777777778,381.65334302325584,Very Poor,28.6476,77.3158
2023-11-27,Kolkata_Victoria_2023-10-01_2023-11-30,93.95972222222224,172.69270833333334,26.880902777777777,12.784652777777778,1.6016666666666666,22.316354166666667,22.316354166666667,11,331,211.1038793103449,148.63475251677852,33.60112847222222,15.980815972222222,78.31296296296296,22.316354166666667,211.1038793103449,Poor,22.5448,88.3426
2023-11-27,Mumbai_Bandra_2023-10-01_2023-11-30,,,,,,,,11,331,,,,,,,,Unknown,19.0544,72.8402
2023-11-28,Chennai_Alandur_2023-10-01_2023-11-30,45.34322916666667,66.66486111111111,31.818141025641022,11.644618055555556,0.9039236111111112,18.42163194444445,18.42163194444445,11,332,75.23511135057471,66.66486111111111,39.77267628205128,14.555772569444445,45.19618055555556,18.42163194444445,75.23511135057471,Satisfactory,13.0012,80.2014
2023-11-28,Delhi_AnandVihar_2023-10-01_2023-11-30,169.15625,278.6770833333333,32.473958333333336,1.6402777777777775,1.35625,15.089583333333332,15.089583333333332,11,332,337.95712209302326,228.6770833333333,40.59244791666667,2.050347222222222,64.95138888888889,15.089583333333332,337.95712209302326,Very Poor,28.6476,77.3158
2023-11-28,Kolkata_Victoria_2023-10-01_2023-11-30,69.47881944444445,136.83923611111112,34.18097222222222,10.582291666666666,1.3199652777777775,33.24805555555556,33.24805555555556,11,332,129.94493534482763,124.81264681208054,42.72621527777778,13.227864583333332,62.97588734567899,33.24805555555556,129.94493534482763,Moderate,22.5448,88.3426
2023-11-28,Mumbai_Bandra_2023-10-01_2023-11-30,,,,,,,,11,332,,,,,,,,Unknown,19.0544,72.8402
2023-11-29,Chennai_Alandur_2023-10-01_2023-11-30,33.98638888888889,53.03371527777778,49.89697916666666,11.558368055555556,0.9021875,16.542256944444446,16.542256944444446,11,333,56.04596743295019,53.03371527777778,62.17825587606837,14.447960069444443,45.109375,16.542256944444446,62.17825587606837,Satisfactory,13.0012,80.2014
2023-11-29,Delhi_AnandVihar_2023-10-01_2023-11-30,217.90625,376.25347222222223,39.207608695652176,3.2045138888888887,2.359027777777778,27.901666666666664,27.901666666666664,11,333,375.3699127906977,332.64675632911394,49.00951086956522,4.005642361111111,104.24604430379748,27.901666666666664,375.3699127906977,Very Poor,28.6476,77.3158
2023-11-29,Kolkata_Victoria_2023-10-01_2023-11-30,97.84097222222222,173.1371527777778,31.5278125,7.850347222222222,1.7631249999999998,28.024583333333336,28.024583333333336,11,333,224.35366379310344,148.93005453020135,39.409765625,9.81293402777778,87.10347222222221,28.024583333333336,224.35366379310344,Poor,22.5448,88.3426
2023-11-29,Mumbai_Bandra_2023-10-01_2023-11-30,,,,,,,,11,333,,,,,,,,Unknown,19.0544,72.8402
2023-11-30,Chennai_Alandur_2023-10-01_2023-11-30,30.311840277777776,48.62409722222222,43.606770833333336,11.428194444444443,0.9052083333333334,17.538680555555555,17.538680555555555,11,334,,48.62409722222222,54.27517361111112,14.285243055555554,45.26041666666667,17.538680555555555,54.27517361111112,Satisfactory,13.0012,80.2014
2023-11-30,Delhi_AnandVihar_2023-10-01_2023-11-30,291.4375,492.7291666666667,51.5625,2.41625,3.232291666666667,36.98125,36.98125,11,334,417.0775602409639,437.1608727810651,64.27083333333333,3.0203125,115.18947784810126,36.98125,437.1608727810651,Severe,28.6476,77.3158
2023-11-30,Kolkata_Victoria_2023-10-01_2023-11-30,108.4963768115942,177.98514492753625,29.796309523809523,5.786333333333333,1.2356944444444444,36.57861111111111,36.57861111111111,11,334,260.72901049475263,152.15120367668516,37.2453869047619,7.232916666666666,58.387808641975305,36.57861111111111,260.72901049475263,Poor,22.5448,88.3426
2023-11-30,Mumbai_Bandra_2023-10-01_2023-11-30,,,,,,,,11,334,,,,,,,,Unknown,19.0544,72.8402
2023-12-01,Chennai_Alandur_2023-10-01_2023-11-30,30.700104166666662,49.09520833333334,55.2534375,11.262847222222222,0.9036111111111113,19.178194444444447,19.178194444444447,12,335,,49.09520833333334,68.90816506410256,14.078559027777777,45.18055555555557,19.178194444444447,68.90816506410256,Satisfactory,13.0012,80.2014
2023-12-01,Delhi_AnandVihar_2023-10-01_2023-11-30,251.6458333333333,411.8125,49.0625,4.350694444444445,1.5875,23.956884057971013,23.956884057971013,12,335,401.2567771084337,377.2080696202532,61.12980769230769,5.438368055555555,77.54166666666666,23.956884057971013,401.2567771084337,Severe,28.6476,77.3158
2023-12-01,Kolkata_Victoria_2023-10-01_2023-11-30,50.428125,99.03055555555557,28.36725694444445,6.107500000000001,0.2933333333333333,44.10850694444445,44.10850694444445,12,335,83.82683189655174,99.03055555555557,35.45907118055556,7.634375000000001,14.666666666666664,44.10850694444445,99.03055555555557,Satisfactory,22.5448,88.3426
2023-12-01,Mumbai_Bandra_2023-10-01_2023-11-30,,,,,,,,12,335,,,,,,,,Unknown,19.0544,72.8402
2023-12-02,Chennai_Alandur_2023-10-01_2023-11-30,31.234513888888888,49.731319444444445,42.47996527777778,11.1671875,0.9081944444444444,18.75524305555556,18.75524305555556,12,336,51.39624760536398,49.731319444444445,52.859443554131055,13.958984375,45.40972222222222,18.75524305555556,52.859443554131055,Satisfactory,13.0012,80.2014
2023-12-02,Delhi_AnandVihar_2023-10-01_2023-11-30,180.6304347826087,328.39772727272725,56.68159722222222,6.769097222222222,1.615625,11.1625,11.1625,12,336,346.762891809909,278.39772727272725,70.7025195868946,8.461371527777779,79.07291666666667,11.1625,346.762891809909,Very Poor,28.6476,77.3158
2023-12-02,Kolkata_Victoria_2023-10-01_2023-11-30,69.81493055555556,126.35833333333332,24.84732142857143,6.530674603174604,0.5777430555555555,40.61472222222222,40.61472222222222,12,336,131.09234913793105,117.8488255033557,31.05915178571429,8.163343253968256,28.88715277777777,40.61472222222222,131.09234913793105,Moderate,22.5448,88.3426
2023-12-02,Mumbai_Bandra_2023-10-01_2023-11-30,,,,,,,,12,336,,,,,,,,Unknown,19.0544,72.8402
2023-12-03,Chennai_Alandur_2023-10-01_2023-11-30,28.24795138888889,46.14795138888889,27.71986111111111,10.940243055555555,0.9022916666666668,18.97746527777777,18.97746527777777,12,337,47.07991898148149,46.14795138888889,34.64982638888889,13.675303819444444,45.11458333333334,18.97746527777777,47.07991898148149,Good,13.0012,80.2014
2023-12-03,Delhi_AnandVihar_2023-10-01_2023-11-30,193.3020833333333,378.3645833333333,58.63229166666667,6.021180555555556,1.8784722222222223,33.56992753623189,33.56992753623189,12,337,356.4876453488372,335.29232594936707,73.1533920940171,7.526475694444445,93.383487654321,33.56992753623189,356.4876453488372,Very Poor,28.6476,77.3158
2023-12-03,Kolkata_Victoria_2023-10-01_2023-11-30,106.40277777777776,184.078125,,5.118472222222223,0.8662152777777777,53.04107638888889,53.04107638888889,12,337,253.58189655172407,156.19955956375838,,6.398090277777779,43.310763888888886,53.04107638888889,253.58189655172407,Poor,22.5448,88.3426
2023-12-03,Mumbai_Bandra_2023-10-01_2023-11-30,,,,,,,,12,337,,,,,,,,Unknown,19.0544,72.8402
2023-12-04,Chennai_Alandur_2023-10-01_2023-11-30,30.304375,48.61375,19.71,12.7725,0.9046875,20.848784722222224,20.848784722222224,12,338,,48.61375,24.637500000000003,15.965625,45.234375,20.848784722222224,48.61375,Good,13.0012,80.2014
2023-12-04,Delhi_AnandVihar_2023-10-01_2023-11-30,187.21875,354.40625,64.31979166666666,4.380902777777778,1.034848484848485,30.43715277777778,30.43715277777778,12,338,351.81904069767444,305.2685917721519,80.29922542735042,5.476128472222222,,30.43715277777778,351.81904069767444,Very Poor,28.6476,77.3158
2023-12-04,Kolkata_Victoria_2023-10-01_2023-11-30,89.4017361111111,154.99375,37.925069444444446,5.677083333333333,0.9684375,30.97798611111111,30.97798611111111,12,338,197.95765086206893,136.87504194630873,47.406336805555554,7.096354166666666,48.421875,30.97798611111111,197.95765086206893,Moderate,22.5448,88.3426
2023-12-04,Mumbai_Bandra_2023-10-01_2023-11-30,,,,,,,,12,338,,,,,,,,Unknown,19.0544,72.8402
2023-12-05,Chennai_Alandur_2023-10-01_2023-11-30,29.41583333333333,47.547864583333336,39.2746875,11.154222222222222,0.899375,17.361979166666668,17.361979166666668,12,339,49.02638888888889,47.547864583333336,49.093359375,13.942777777777778,44.96875,17.361979166666668,49.093359375,Good,13.0012,80.2014
2023-12-05,Delhi_AnandVihar_2023-10-01_2023-11-30,157.63541666666666,290.3125,56.71979166666667,3.545138888888889,0.866304347826087,9.620833333333334,9.620833333333334,12,339,329.1155523255814,240.3125,70.75050747863249,4.431423611111111,43.31521739130435,9.620833333333334,329.1155523255814,Very Poor,28.6476,77.3158
2023-12-05,Kolkata_Victoria_2023-10-01_2023-11-30,67.06911764705882,127.52794117647058,27.12220588235294,8.324411764705884,0.6747058823529413,27.973970588235293,27.973970588235293,12,339,121.71871196754562,118.6259474930912,33.90275735294117,10.405514705882355,33.735294117647065,27.973970588235293,121.71871196754562,Moderate,22.5448,88.3426
2023-12-05,Mumbai_Bandra_2023-10-01_2023-11-30,,,,,,,,12,339,,,,,,,,Unknown,19.0544,72.8402
2023-12-06,Chennai_Alandur_2023-10-01_2023-11-30,34.529423076923074,53.685,42.0775,12.44,0.9025,17.527115384615385,17.527115384615385,12,340,56.96350795755968,53.685,52.35378205128205,15.55,45.125,17.527115384615385,56.96350795755968,Satisfactory,13.0012,80.2014
2023-12-06,Delhi_AnandVihar_2023-10-01_2023-11-30,158.23958333333334,320.4895833333333,71.98333333333333,2.5194444444444444,1.3947916666666669,8.977083333333333,8.977083333333333,12,340,329.5792151162791,270.4895833333333,89.92777777777778,3.149305555555556,67.04976851851853,8.977083333333333,329.5792151162791,Very Poor,28.6476,77.3158
2023-12-06,Kolkata_Victoria_2023-10-01_2023-11-30,,,,,,,,12,340,,,,,,,,Unknown,22.5448,88.3426
2023-12-06,Mumbai_Bandra_2023-10-01_2023-11-30,,,,,,,,12,340,,,,,,,,Unknown,19.0544,72.8402
2023-12-07,Chennai_Alandur_2023-10-01_2023-11-30,,,,,,,,12,341,,,,,,,,Unknown,13.0012,80.2014
2023-12-07,Delhi_AnandVihar_2023-10-01_2023-11-30,237.8645833333333,452.3194444444444,81.31979166666666,5.178472222222222,2.058333333333333,10.623958333333333,10.623958333333333,12,341,390.68677325581393,413.4889053254437,101.31979166666666,6.473090277777778,,10.623958333333333,413.4889053254437,Severe,28.6476,77.3158
2023-12-07,Kolkata_Victoria_2023-10-01_2023-11-30,25.32051282051282,50.35064102564103,4.3325000000000005,5.05801282051282,0.5496153846153846,14.414615384615384,14.414615384615384,12,341,42.20085470085471,,5.415625,6.3225160256410255,27.48076923076923,14.414615384615384,42.20085470085471,Good,22.5448,88.3426
2023-12-07,Mumbai_Bandra_2023-10-01_2023-11-30,,,,,,,,12,341,,,,,,,,Unknown,19.0544,72.8402
2023-12-08,Chennai_Alandur_2023-10-01_2023-11-30,,,,,,,,12,342,,,,,,,,Unknown,13.0012,80.2014
2023-12-08,Delhi_AnandVihar_2023-10-01_2023-11-30,170.47916666666666,346.6979166666667,68.715625,3.8763888888888887,2.31875,9.933333333333334,9.933333333333334,12,342,338.9723837209302,296.6979166666667,85.82219551282051,4.845486111111111,103.74129746835445,9.933333333333334,338.9723837209302,Very Poor,28.6476,77.3158
2023-12-08,Kolkata_Victoria_2023-10-01_2023-11-30,24.765942028985503,48.85978260869565,2.399652777777778,5.510905797101449,0.5642708333333333,19.793079710144927,19.793079710144927,12,342,41.276570048309175,48.85978260869565,2.9995659722222223,6.888632246376812,28.213541666666664,19.793079710144927,48.85978260869565,Good,22.5448,88.3426
2023-12-08,Mumbai_Bandra_2023-10-01_2023-11-30,,,,,,,,12,342,,,,,,,,Unknown,19.0544,72.8402
2023-12-09,Chennai_Alandur_2023-10-01_2023-11-30,,,,,,,,12,343,,,,,,,,Unknown,13.0012,80.2014
2023-12-09,Delhi_AnandVihar_2023-10-01_2023-11-30,166.20833333333334,330.96875,62.8625,3.3621527777777778,2.353125,9.245833333333334,9.245833333333334,12,343,335.69476744186045,280.96875,78.46826923076922,4.202690972222222,104.17207278481013,9.245833333333334,335.69476744186045,Very Poor,28.6476,77.3158
2023-12-09,Kolkata_Victoria_2023-10-01_2023-11-30,67.66979166666667,113.81284722222222,4.2820833333333335,6.206666666666667,1.2077430555555555,30.051701388888887,30.051701388888887,12,343,123.76928879310346,109.51323406040268,5.352604166666667,7.758333333333334,56.86601080246913,30.051701388888887,123.76928879310346,Moderate,22.5448,88.3426
2023-12-09,Mumbai_Bandra_2023-10-01_2023-11-30,,,,,,,,12,343,,,,,,,,Unknown,19.0544,72.8402
2023-12-10,Chennai_Alandur_2023-10-01_2023-11-30,,,,,,,,12,344,,,,,,,,Unknown,13.0012,80.2014
2023-12-10,Delhi_AnandVihar_2023-10-01_2023-11-30,154.73958333333334,298.3541666666667,60.390625,3.2006944444444443,1.2385416666666669,9.553125,9.553125,12,344,326.8931686046512,248.35416666666669,75.36258012820512,4.000868055555555,58.54282407407408,9.553125,326.8931686046512,Very Poor,28.6476,77.3158
2023-12-10,Kolkata_Victoria_2023-10-01_2023-11-30,98.79479166666664,181.60763888888889,7.935416666666667,6.901493055555555,1.588263888888889,34.64684027777778,34.64684027777778,12,344,227.60980603448263,154.5580956375839,9.919270833333334,8.626866319444444,77.5832561728395,34.64684027777778,227.60980603448263,Poor,22.5448,88.3426
2023-12-10,Mumbai_Bandra_2023-10-01_2023-11-30,,,,,,,,12,344,,,,,,,,Unknown,19.0544,72.8402
2023-12-11,Chennai_Alandur_2023-10-01_2023-11-30,,,,,,,,12,345,,,,,,,,Unknown,13.0012,80.2014
2023-12-11,Delhi_AnandVihar_2023-10-01_2023-11-30,194.375,365.7291666666667,74.01145833333334,5.378819444444445,2.589583333333333,20.263541666666665,20.263541666666665,12,345,357.3110465116279,319.4580696202532,92.47593482905984,6.723524305555556,107.13528481012658,20.263541666666665,357.3110465116279,Very Poor,28.6476,77.3158
2023-12-11,Kolkata_Victoria_2023-10-01_2023-11-30,86.86562500000001,143.49583333333334,8.873854166666666,7.0815277777777785,0.9863541666666666,41.23076388888889,41.23076388888889,12,345,189.29989224137933,129.2354865771812,11.092317708333333,8.851909722222222,49.31770833333333,41.23076388888889,189.29989224137933,Moderate,22.5448,88.3426
2023-12-11,Mumbai_Bandra_2023-10-01_2023-11-30,,,,,,,,12,345,,,,,,,,Unknown,19.0544,72.8402
2023-12-12,Chennai_Alandur_2023-10-01_2023-11-30,59.31275641025641,83.42096153846154,19.993333333333336,13.01897435897436,1.3649358974358974,19.475384615384616,19.475384615384616,12,346,98.83879531388152,83.42096153846154,24.99166666666667,16.273717948717948,65.42428774928774,19.475384615384616,98.83879531388152,Satisfactory,13.0012,80.2014
2023-12-12,Delhi_AnandVihar_2023-10-01_2023-11-30,280.1770833333333,482.28125,64.44375000000001,5.010416666666667,3.611458333333333,50.12065217391305,50.12065217391305,12,346,412.6005271084337,431.04049556213016,80.45496794871795,6.263020833333334,119.94106012658229,,431.04049556213016,Severe,28.6476,77.3158
2023-12-12,Kolkata_Victoria_2023-10-01_2023-11-30,104.1818181818182,169.8272727272727,9.799513888888889,7.8578125,1.3728125,35.99829861111111,35.99829861111111,12,346,246.00000000000009,146.73087248322148,12.249392361111113,9.822265625,65.85312499999999,35.99829861111111,246.00000000000009,Poor,22.5448,88.3426
2023-12-12,Mumbai_Bandra_2023-10-01_2023-11-30,,,,,,,,12,346,,,,,,,,Unknown,19.0544,72.8402
2023-12-13,Chennai_Alandur_2023-10-01_2023-11-30,54.56645833333334,77.88520833333334,20.018125,9.288680555555556,2.533541666666667,24.208402777777778,24.208402777777778,12,347,90.81918821839082,77.88520833333334,25.02265625,11.610850694444446,106.43299050632912,24.208402777777778,106.43299050632912,Moderate,13.0012,80.2014
2023-12-13,Delhi_AnandVihar_2023-10-01_2023-11-30,295.25,486.03125,66.53229166666667,3.4489583333333336,3.8708333333333336,19.919791666666665,19.919791666666665,12,347,418.5933734939759,433.2372411242604,83.07903311965812,4.311197916666667,123.19145569620252,19.919791666666665,433.2372411242604,Severe,28.6476,77.3158
2023-12-13,Kolkata_Victoria_2023-10-01_2023-11-30,97.60972222222222,171.96666666666667,10.995034722222222,9.170520833333333,1.3720138888888889,34.0278125,34.0278125,12,347,223.564224137931,148.1523489932886,13.743793402777778,11.463151041666666,65.80964506172839,34.0278125,223.564224137931,Poor,22.5448,88.3426
2023-12-13,Mumbai_Bandra_2023-10-01_2023-11-30,,,,,,,,12,347,,,,,,,,Unknown,19.0544,72.8402
2023-12-14,Chennai_Alandur_2023-10-01_2023-11-30,54.79989583333333,78.0125,19.9959375,10.904756944444443,1.0529166666666667,25.115416666666665,25.115416666666665,12,348,91.21361709770116,78.0125,24.994921875,13.630946180555554,,25.115416666666665,91.21361709770116,Satisfactory,13.0012,80.2014
2023-12-14,Delhi_AnandVihar_2023-10-01_2023-11-30,167.57638888888889,355.81597222222223,67.78020833333333,5.640972222222222,4.03125,9.1375,9.1375,12,348,336.7446705426357,307.0352056962025,84.64692841880341,7.051215277777777,125.20174050632912,9.1375,336.7446705426357,Very Poor,28.6476,77.3158
2023-12-14,Kolkata_Victoria_2023-10-01_2023-11-30,107.73854166666666,184.89375,12.45513888888889,9.356736111111111,1.4785416666666666,38.65125,38.65125,12,348,258.14191810344823,156.74148489932887,15.568923611111112,11.695920138888887,71.60949074074074,38.65125,258.14191810344823,Poor,22.5448,88.3426
2023-12-14,Mumbai_Bandra_2023-10-01_2023-11-30,,,,,,,,12,348,,,,,,,,Unknown,19.0544,72.8402
2023-12-15,Chennai_Alandur_2023-10-01_2023-11-30,62.090243055555554,86.75208333333335,19.9965625,11.198194444444445,7.449603174603174,17.42579861111111,17.42579861111111,12,349,104.72186422413792,86.75208333333335,24.995703125,13.997743055555556,168.0393309222423,17.42579861111111,168.0393309222423,Moderate,13.0012,80.2014
2023-12-15,Delhi_AnandVihar_2023-10-01_2023-11-30,218.41666666666663,405.6944444444444,76.06875000000001,4.468402777777778,4.548958333333333,9.719791666666667,9.719791666666667,12,349,375.7616279069768,369.5411392405063,95.0607371794872,5.585503472222223,131.68947784810126,9.719791666666667,375.7616279069768,Very Poor,28.6476,77.3158
2023-12-15,Kolkata_Victoria_2023-10-01_2023-11-30,122.59861111111113,227.3322916666667,11.865104166666669,20.021875,2.311127450980392,34.22888888888889,34.22888888888889,12,349,302.2268410852713,184.93890520134232,14.831380208333336,25.02734375,103.64577438570365,34.22888888888889,302.2268410852713,Very Poor,22.5448,88.3426
2023-12-15,Mumbai_Bandra_2023-10-01_2023-11-30,,,,,,,,12,349,,,,,,,,Unknown,19.0544,72.8402
2023-12-16,Chennai_Alandur_2023-10-01_2023-11-30,45.42597222222222,66.69767361111111,25.219687500000003,10.544340277777778,2.5975694444444444,23.683888888888887,23.683888888888887,12,350,75.37491858237547,66.69767361111111,31.524609375000004,13.180425347222222,107.23536392405065,23.683888888888887,107.23536392405065,Moderate,13.0012,80.2014
2023-12-16,Delhi_AnandVihar_2023-10-01_2023-11-30,273.9583333333333,496.6458333333333,77.95625,6.513888888888888,5.722916666666666,10.079166666666667,10.079166666666667,12,350,410.1280120481928,439.4552514792899,97.43221153846152,8.14236111111111,146.40110759493672,10.079166666666667,439.4552514792899,Severe,28.6476,77.3158
2023-12-16,Kolkata_Victoria_2023-10-01_2023-11-30,120.881884057971,205.31195652173915,13.547881944444445,17.768297101449274,1.7540625,39.298402777777774,39.298402777777774,12,350,,170.30794426612198,16.934852430555555,22.210371376811597,86.61006944444445,39.298402777777774,170.30794426612198,Moderate,22.5448,88.3426
2023-12-16,Mumbai_Bandra_2023-10-01_2023-11-30,,,,,,,,12,350,,,,,,,,Unknown,19.0544,72.8402
2023-12-17,Chennai_Alandur_2023-10-01_2023-11-30,38.77614583333334,58.80149305555556,30.870729166666667,10.444930555555556,1.5152430555555556,29.38059027777778,29.38059027777778,12,351,64.13900502873564,58.80149305555556,38.58841145833333,13.056163194444446,73.60767746913581,29.38059027777778,73.60767746913581,Satisfactory,13.0012,80.2014
2023-12-17,Delhi_AnandVihar_2023-10-01_2023-11-30,228.32291666666663,396.6979166666667,68.11874999999999,2.79404761904762,4.090625,9.291666666666666,9.291666666666666,12,351,383.36409883720927,358.2670094936709,85.07227564102563,3.4925595238095246,125.94580696202532,9.291666666666666,383.36409883720927,Very Poor,28.6476,77.3158
2023-12-17,Kolkata_Victoria_2023-10-01_2023-11-30,123.25208333333336,211.11631944444449,10.338923611111111,7.158923611111111,1.7366319444444445,40.664409722222224,40.664409722222224,12,351,302.72834302325583,174.1645343959732,12.92365451388889,8.948654513888888,85.6610725308642,40.664409722222224,302.72834302325583,Very Poor,22.5448,88.3426
2023-12-17,Mumbai_Bandra_2023-10-01_2023-11-30,,,,,,,,12,351,,,,,,,,Unknown,19.0544,72.8402
2023-12-18,Chennai_Alandur_2023-10-01_2023-11-30,35.396006944444444,54.72357638888889,33.329548611111115,10.48236111111111,1.5610069444444443,34.74295138888889,34.74295138888889,12,352,58.42773587164751,54.72357638888889,41.66193576388889,13.102951388888888,76.09926697530864,34.74295138888889,76.09926697530864,Satisfactory,13.0012,80.2014
2023-12-18,Delhi_AnandVihar_2023-10-01_2023-11-30,163.09782608695653,293.0978260869565,54.34891304347826,1.6786458333333334,3.01195652173913,5.392753623188406,5.392753623188406,12,352,333.30763397371084,243.0978260869565,67.77171125975474,2.098307291666667,112.42831590533848,5.392753623188406,333.30763397371084,Very Poor,28.6476,77.3158
2023-12-18,Kolkata_Victoria_2023-10-01_2023-11-30,119.82826086956524,199.40434782608696,10.105381944444444,8.356195652173913,1.554722222222222,38.15434027777778,38.15434027777778,12,352,299.41371814092963,166.38275459585643,12.631727430555555,10.44524456521739,75.75709876543208,38.15434027777778,299.41371814092963,Poor,22.5448,88.3426
2023-12-18,Mumbai_Bandra_2023-10-01_2023-11-30,,,,,,,,12,352,,,,,,,,Unknown,19.0544,72.8402
2023-12-19,Chennai_Alandur_2023-10-01_2023-11-30,42.905,63.734166666666674,40.25253472222222,10.54736111111111,1.1033680555555556,33.66618055555556,33.66618055555556,12,353,71.11534482758621,63.734166666666674,,13.184201388888887,51.183371913580245,33.66618055555556,71.11534482758621,Satisfactory,13.0012,80.2014
2023-12-19,Delhi_AnandVihar_2023-10-01_2023-11-30,142.61458333333334,327.2604166666667,52.67395833333333,2.6888888888888887,2.7625,3.803472222222222,3.803472222222222,12,353,317.58793604651163,277.2604166666667,65.66728098290598,3.3611111111111107,109.30221518987342,3.803472222222222,317.58793604651163,Very Poor,28.6476,77.3158
2023-12-19,Kolkata_Victoria_2023-10-01_2023-11-30,105.6375,186.3114583333333,9.373020833333332,10.160972222222222,1.4818402777777775,47.89614583333333,47.89614583333333,12,353,250.96939655172412,157.68345218120805,11.716276041666664,12.701215277777775,71.78908179012345,47.89614583333333,250.96939655172412,Poor,22.5448,88.3426
2023-12-19,Mumbai_Bandra_2023-10-01_2023-11-30,,,,,,,,12,353,,,,,,,,Unknown,19.0544,72.8402
2023-12-20,Chennai_Alandur_2023-10-01_2023-11-30,48.21618055555555,70.10222222222222,43.97246527777778,10.194930555555556,0.989201388888889,29.303229166666668,29.303229166666668,12,354,80.08940852490421,70.10222222222222,54.73463586182336,12.743663194444446,49.46006944444445,29.303229166666668,80.08940852490421,Satisfactory,13.0012,80.2014
2023-12-20,Delhi_AnandVihar_2023-10-01_2023-11-30,174.67708333333334,380.84375,62.378125,1.8442982456140349,2.3041666666666667,4.74375,4.74375,12,354,342.19404069767444,338.39912974683546,77.85969551282051,2.305372807017544,103.55854430379746,4.74375,342.19404069767444,Very Poor,28.6476,77.3158
2023-12-20,Kolkata_Victoria_2023-10-01_2023-11-30,100.06557971014492,171.2315217391304,8.435625,7.850243055555556,1.38875,33.856319444444445,33.856319444444445,12,354,231.9480134932533,147.66389699445577,10.54453125,9.812803819444444,66.72083333333333,33.856319444444445,231.9480134932533,Poor,22.5448,88.3426
2023-12-20,Mumbai_Bandra_2023-10-01_2023-11-30,,,,,,,,12,354,,,,,,,,Unknown,19.0544,72.8402
2023-12-21,Chennai_Alandur_2023-10-01_2023-11-30,44.94621527777778,66.18416666666667,55.14923611111112,10.363159722222225,2.711388888888889,30.164548611111112,30.164548611111112,12,355,74.5642947796935,66.18416666666667,68.77724537037038,12.95394965277778,108.66170886075948,30.164548611111112,108.66170886075948,Moderate,13.0012,80.2014
2023-12-21,Delhi_AnandVihar_2023-10-01_2023-11-30,271.2543859649123,494.1578947368421,70.67916666666666,4.888235294117647,2.4194444444444443,10.696052631578947,10.696052631578947,12,355,409.0529486366519,437.9978199937714,88.2892094017094,6.110294117647058,105.00316455696202,10.696052631578947,437.9978199937714,Severe,28.6476,77.3158
2023-12-21,Kolkata_Victoria_2023-10-01_2023-11-30,80.60625,148.59791666666666,7.240173611111111,9.041909722222222,1.3901736111111112,38.6221875,38.6221875,12,355,167.93168103448278,132.62546140939597,9.050217013888888,11.302387152777778,66.79834104938271,38.6221875,167.93168103448278,Moderate,22.5448,88.3426
2023-12-21,Mumbai_Bandra_2023-10-01_2023-11-30,,,,,,,,12,355,,,,,,,,Unknown,19.0544,72.8402
2023-12-22,Chennai_Alandur_2023-10-01_2023-11-30,46.85055555555556,68.4707986111111,52.269930555555554,10.545486111111112,0.6463541666666667,26.221875,26.221875,12,356,77.78197318007663,68.4707986111111,65.15965633903133,13.18185763888889,32.317708333333336,26.221875,77.78197318007663,Satisfactory,13.0012,80.2014
2023-12-22,Delhi_AnandVihar_2023-10-01_2023-11-30,409.1666666666667,664.9673913043479,79.37291666666667,5.710763888888889,3.0187500000000003,12.669791666666669,12.669791666666669,12,356,463.8855421686747,500.0,99.21212606837608,7.138454861111111,112.5134493670886,12.669791666666669,500.0,Severe,28.6476,77.3158
2023-12-22,Kolkata_Victoria_2023-10-01_2023-11-30,100.28958333333333,177.28125,7.010000000000001,9.780555555555557,1.813229166666667,26.758750000000003,26.758750000000003,12,356,232.71271551724132,151.68351510067114,8.762500000000001,12.225694444444446,89.83136574074075,26.758750000000003,232.71271551724132,Poor,22.5448,88.3426
2023-12-22,Mumbai_Bandra_2023-10-01_2023-11-30,,,,,,,,12,356,,,,,,,,Unknown,19.0544,72.8402
2023-12-23,Chennai_Alandur_2023-10-01_2023-11-30,43.15215277777778,64.03052083333334,48.087222222222216,10.72277777777778,3.299772727272728,26.543541666666663,26.543541666666663,12,357,71.53294779693488,64.03052083333334,59.90445868945868,13.403472222222224,116.0351265822785,26.543541666666663,116.0351265822785,Moderate,13.0012,80.2014
2023-12-23,Delhi_AnandVihar_2023-10-01_2023-11-30,353.46875,566.2173913043479,65.79270833333334,3.552083333333333,1.5363636363636362,17.155208333333334,17.155208333333334,12,357,441.7405873493976,480.2101878055056,82.14981303418804,4.440104166666666,74.75757575757575,17.155208333333334,480.2101878055056,Severe,28.6476,77.3158
2023-12-23,Kolkata_Victoria_2023-10-01_2023-11-30,112.18125,200.37256944444445,6.766840277777778,7.558472222222222,1.7226736111111112,23.515763888888888,23.515763888888888,12,357,273.3084051724138,167.02606963087248,8.458550347222221,9.448090277777778,84.9011188271605,23.515763888888888,273.3084051724138,Poor,22.5448,88.3426
2023-12-23,Mumbai_Bandra_2023-10-01_2023-11-30,,,,,,,,12,357,,,,,,,,Unknown,19.0544,72.8402
2023-12-24,Chennai_Alandur_2023-10-01_2023-11-30,35.203854166666666,54.49361111111111,36.3725,10.14857638888889,2.8105797101449275,30.23961805555556,30.23961805555556,12,358,58.10306393678161,54.49361111111111,45.465625,12.685720486111112,109.90473307649972,30.23961805555556,109.90473307649972,Moderate,13.0012,80.2014
2023-12-24,Delhi_AnandVihar_2023-10-01_2023-11-30,344.6666666666667,562.1145833333334,72.86979166666667,6.612152777777777,,10.217708333333333,10.217708333333333,12,358,438.2409638554217,477.8067677514793,91.04153311965813,8.265190972222221,,10.217708333333333,477.8067677514793,Severe,28.6476,77.3158
2023-12-24,Kolkata_Victoria_2023-10-01_2023-11-30,98.62604166666668,168.28125,4.186458333333333,6.610625,1.6394791666666666,21.38225694444445,21.38225694444445,12,358,227.0337284482759,145.70364932885906,5.233072916666667,8.26328125,80.37164351851851,21.38225694444445,227.0337284482759,Poor,22.5448,88.3426
2023-12-24,Mumbai_Bandra_2023-10-01_2023-11-30,,,,,,,,12,358,,,,,,,,Unknown,19.0544,72.8402
2023-12-25,Chennai_Alandur_2023-10-01_2023-11-30,37.78604166666667,57.59413194444445,32.6646875,9.897777777777778,2.464583333333333,22.64833333333333,22.64833333333333,12,359,62.46607040229885,57.59413194444445,40.830859375,12.372222222222222,105.56882911392404,22.64833333333333,105.56882911392404,Moderate,13.0012,80.2014
2023-12-25,Delhi_AnandVihar_2023-10-01_2023-11-30,249.625,435.625,65.24166666666666,2.892361111111111,,9.297916666666667,9.297916666666667,12,359,399.7122093023256,403.7093195266272,81.45747863247863,3.615451388888889,,9.297916666666667,403.7093195266272,Severe,28.6476,77.3158
2023-12-25,Kolkata_Victoria_2023-10-01_2023-11-30,127.97604166666667,221.7614583333333,5.978771929824561,7.875034722222222,2.690173611111111,26.25434027777777,26.25434027777777,12,359,306.35370639534887,181.2374790268456,7.473464912280701,9.843793402777775,108.39584651898734,26.25434027777777,306.35370639534887,Very Poor,22.5448,88.3426
2023-12-25,Mumbai_Bandra_2023-10-01_2023-11-30,,,,,,,,12,359,,,,,,,,Unknown,19.0544,72.8402
2023-12-26,Chennai_Alandur_2023-10-01_2023-11-30,36.76201388888889,56.35600694444445,42.03559027777778,10.073263888888889,1.648402777777778,20.271597222222223,20.271597222222223,12,360,60.73581657088123,56.35600694444445,52.30112624643875,12.59157986111111,80.85748456790125,20.271597222222223,80.85748456790125,Satisfactory,13.0012,80.2014
2023-12-26,Delhi_AnandVihar_2023-10-01_2023-11-30,292.15625,475.8333333333333,58.37916666666666,5.10625,1.8884615384615384,9.955208333333331,9.955208333333331,12,360,417.363328313253,427.26331360946745,72.83536324786324,6.3828125,93.92735042735043,9.955208333333331,427.26331360946745,Severe,28.6476,77.3158
2023-12-26,Kolkata_Victoria_2023-10-01_2023-11-30,114.70108695652172,207.92536231884057,5.896840277777778,7.134270833333333,2.2899652777777777,25.21388888888889,25.21388888888889,12,360,281.9106071964017,172.04436825211553,7.371050347222222,8.917838541666667,103.38057753164556,25.21388888888889,281.9106071964017,Poor,22.5448,88.3426
2023-12-26,Mumbai_Bandra_2023-10-01_2023-11-30,,,,,,,,12,360,,,,,,,,Unknown,19.0544,72.8402
2023-12-27,Chennai_Alandur_2023-10-01_2023-11-30,41.19114583333333,61.68201388888889,40.02809027777778,9.609444444444444,1.0221527777777777,21.86329861111111,21.86329861111111,12,361,68.21952227011494,61.68201388888889,,12.011805555555554,,21.86329861111111,68.21952227011494,Satisfactory,13.0012,80.2014
2023-12-27,Delhi_AnandVihar_2023-10-01_2023-11-30,411.9583333333333,612.0520833333334,48.989583333333336,3.6510416666666665,2.084375,8.923958333333333,8.923958333333333,12,361,464.9954819277109,500.0,61.03819444444444,4.563802083333333,,8.923958333333333,500.0,Severe,28.6476,77.3158
2023-12-27,Kolkata_Victoria_2023-10-01_2023-11-30,109.08854166666669,198.99270833333333,6.429791666666667,8.018090277777778,1.666736111111111,20.380659722222223,20.380659722222223,12,361,262.7505387931035,166.10924916107382,8.037239583333333,10.022612847222224,81.85563271604937,20.380659722222223,262.7505387931035,Poor,22.5448,88.3426
2023-12-27,Mumbai_Bandra_2023-10-01_2023-11-30,,,,,,,,12,361,,,,,,,,Unknown,19.0544,72.8402
2023-12-28,Chennai_Alandur_2023-10-01_2023-11-30,37.35572916666667,57.076875,38.03409722222222,9.809409722222222,1.052638888888889,20.752569444444443,20.752569444444443,12,362,61.73899066091955,57.076875,47.542621527777776,12.261762152777775,,20.752569444444443,61.73899066091955,Satisfactory,13.0012,80.2014
2023-12-28,Delhi_AnandVihar_2023-10-01_2023-11-30,269.88194444444446,415.62152777777777,54.41726190476191,1.8299019607843137,1.5739583333333331,8.56875,8.56875,12,362,408.5072791164659,381.9814082278481,67.85758547008547,2.287377450980392,76.80439814814814,8.56875,408.5072791164659,Severe,28.6476,77.3158
2023-12-28,Kolkata_Victoria_2023-10-01_2023-11-30,105.15833333333336,187.234375,4.284618055555556,7.189131944444444,1.8354166666666665,22.36045138888889,22.36045138888889,12,362,249.33362068965528,158.29666526845637,5.3557725694444445,8.986414930555554,91.03935185185183,22.36045138888889,249.33362068965528,Poor,22.5448,88.3426
2023-12-28,Mumbai_Bandra_2023-10-01_2023-11-30,,,,,,,,12,362,,,,,,,,Unknown,19.0544,72.8402
2023-12-29,Chennai_Alandur_2023-10-01_2023-11-30,35.55014492753623,54.910688405797096,33.468297101449274,9.530253623188406,1.720289855072464,20.930615942028982,20.930615942028982,12,363,58.68817591204397,54.910688405797096,41.8353713768116,11.912817028985508,84.77133655394525,20.930615942028982,84.77133655394525,Satisfactory,13.0012,80.2014
2023-12-29,Delhi_AnandVihar_2023-10-01_2023-11-30,314.1770833333333,466.1666666666667,54.43854166666667,3.219791666666667,1.947857142857143,11.93125,11.93125,12,363,426.1185993975904,421.6005917159764,67.88432158119659,4.024739583333334,97.16111111111113,11.93125,426.1185993975904,Severe,28.6476,77.3158
2023-12-29,Kolkata_Victoria_2023-10-01_2023-11-30,107.93541666666664,186.725,4.477916666666666,7.230763888888888,1.875451388888889,26.385625,26.385625,12,363,258.81400862068955,157.95822147651006,5.597395833333333,9.038454861111113,93.2190200617284,26.385625,258.81400862068955,Poor,22.5448,88.3426
2023-12-29,Mumbai_Bandra_2023-10-01_2023-11-30,,,,,,,,12,363,,,,,,,,Unknown,19.0544,72.8402
2023-12-30,Chennai_Alandur_2023-10-01_2023-11-30,40.01517361111111,60.26802083333334,52.879131944444445,9.975972222222223,1.5310416666666666,22.84673611111112,22.84673611111112,12,364,66.23253472222223,60.26802083333334,65.9250632122507,12.46996527777778,74.46782407407407,22.84673611111112,74.46782407407407,Satisfactory,13.0012,80.2014
2023-12-30,Delhi_AnandVihar_2023-10-01_2023-11-30,307.6458333333333,464.1521739130435,77.30520833333334,12.151041666666666,2.2061458333333333,27.258333333333336,27.258333333333336,12,364,423.5218373493976,420.42050424491896,96.61423611111113,15.188802083333332,102.3301819620253,27.258333333333336,423.5218373493976,Severe,28.6476,77.3158
2023-12-30,Kolkata_Victoria_2023-10-01_2023-11-30,102.44375,183.771875,6.8637847222222215,8.958333333333334,1.4772222222222222,28.353090277777778,28.353090277777778,12,364,240.0665948275862,155.99607802013423,8.579730902777778,11.197916666666668,71.53765432098766,28.353090277777778,240.0665948275862,Poor,22.5448,88.3426
2023-12-30,Mumbai_Bandra_2023-10-01_2023-11-30,,,,,,,,12,364,,,,,,,,Unknown,19.0544,72.8402
2023-12-31,Chennai_Alandur_2023-10-01_2023-11-30,38.53756944444444,58.49538194444444,61.24215277777778,9.517291666666669,1.6677083333333331,25.00034722222222,25.00034722222222,12,365,63.73589319923372,58.49538194444444,76.43244836182336,11.896614583333337,81.90856481481481,25.00034722222222,81.90856481481481,Satisfactory,13.0012,80.2014
2023-12-31,Delhi_AnandVihar_2023-10-01_2023-11-30,238.4583333333333,364.2395833333333,66.3392361111111,9.572569444444444,1.920034722222222,20.83888888888889,20.83888888888889,12,365,391.14244186046506,317.5913765822785,82.83647613960113,11.965711805555554,95.6463348765432,20.83888888888889,391.14244186046506,Very Poor,28.6476,77.3158
2023-12-31,Kolkata_Victoria_2023-10-01_2023-11-30,85.31979166666666,166.77708333333334,5.004340277777778,7.259687499999999,1.3095486111111112,25.65951388888889,25.65951388888889,12,365,184.0227370689655,144.7042365771812,6.255425347222222,9.074609375,62.40875771604939,25.65951388888889,184.0227370689655,Moderate,22.5448,88.3426
2023-12-31,Mumbai_Bandra_2023-10-01_2023-11-30,,,,,,,,12,365,,,,,,,,Unknown,19.0544,72.8402
