date,station,PM2.5,PM10,NO2,SO2,CO,O3,O3
2023-01-01,Chennai_Alandur_2023-10-01_2023-11-30,79.7661111111111,122.72527777777778,32.642291666666665,20.387604166666666,0.9627430555555555,28.797256944444445,28.797256944444445
2023-01-01,Delhi_AnandVihar_2023-10-01_2023-11-30,159.89930555555557,301.3541666666667,94.83749999999999,14.387152777777779,2.491319444444444,13.366666666666667,13.366666666666667
2023-01-01,Kolkata_Victoria_2023-10-01_2023-11-30,130.07534722222223,160.6392361111111,13.776874999999999,7.898159722222222,1.0759027777777777,63.1871875,63.1871875
2023-01-01,Mumbai_Bandra_2023-10-01_2023-11-30,,,,,,,
2023-01-02,Chennai_Alandur_2023-10-01_2023-11-30,65.26791666666666,100.41211805555555,27.49361111111111,18.67329861111111,0.8933680555555555,24.59670138888889,24.59670138888889
2023-01-02,Delhi_AnandVihar_2023-10-01_2023-11-30,245.54166666666666,389.375,73.71979166666667,14.534374999999999,1.9312500000000001,11.221874999999999,11.221874999999999
2023-01-02,Kolkata_Victoria_2023-10-01_2023-11-30,107.29166666666667,143.59375,13.793993055555555,7.299305555555556,1.1074305555555555,42.61802083333333,42.61802083333333
2023-01-02,Mumbai_Bandra_2023-10-01_2023-11-30,,,,,,,
2023-01-03,Chennai_Alandur_2023-10-01_2023-11-30,77.22159722222223,118.80402777777778,31.605173611111113,17.352708333333336,0.9280555555555555,31.21857638888889,31.21857638888889
2023-01-03,Delhi_AnandVihar_2023-10-01_2023-11-30,270.9583333333333,417.46875,72.07083333333334,13.596874999999999,2.0506944444444444,9.978125,9.978125
2023-01-03,Kolkata_Victoria_2023-10-01_2023-11-30,128.27916666666667,166.37986111111113,13.8928125,7.596076388888889,1.3204166666666668,33.91229166666667,33.91229166666667
2023-01-03,Mumbai_Bandra_2023-10-01_2023-11-30,,,,,,,
2023-01-04,Chennai_Alandur_2023-10-01_2023-11-30,79.0240625,121.55746527777778,40.67972222222222,19.118576388888886,0.7808680555555556,41.94368055555555,41.94368055555555
2023-01-04,Delhi_AnandVihar_2023-10-01_2023-11-30,247.57291666666666,385.90625,76.059375,16.071527777777778,2.330208333333333,9.792708333333334,9.792708333333334
2023-01-04,Kolkata_Victoria_2023-10-01_2023-11-30,102.9079861111111,138.83993055555555,13.730590277777779,8.982430555555556,0.9361111111111112,37.631388888888885,37.631388888888885
2023-01-04,Mumbai_Bandra_2023-10-01_2023-11-30,,,,,,,
2023-01-05,Chennai_Alandur_2023-10-01_2023-11-30,67.05749999999999,103.16423611111111,38.564236111111114,17.419652777777777,0.808125,70.5579513888889,70.5579513888889
2023-01-05,Delhi_AnandVihar_2023-10-01_2023-11-30,320.47222222222223,509.0104166666667,97.98125,19.147916666666667,2.465277777777778,9.269791666666666,9.269791666666666
2023-01-05,Kolkata_Victoria_2023-10-01_2023-11-30,117.48715277777778,156.25381944444445,13.776319444444445,10.847361111111113,1.0909375000000001,43.769826388888895,43.769826388888895
2023-01-05,Mumbai_Bandra_2023-10-01_2023-11-30,,,,,,,
2023-01-06,Chennai_Alandur_2023-10-01_2023-11-30,76.74243055555556,118.07909722222223,47.341145833333336,16.24864583333333,0.7486111111111112,53.29857638888888,53.29857638888888
2023-01-06,Delhi_AnandVihar_2023-10-01_2023-11-30,350.15625,547.0104166666666,139.509375,15.855555555555554,2.262152777777778,9.436458333333333,9.436458333333333
2023-01-06,Kolkata_Victoria_2023-10-01_2023-11-30,113.83541666666667,155.96979166666668,13.808472222222221,8.613888888888889,0.9773611111111111,40.68364583333334,40.68364583333334
2023-01-06,Mumbai_Bandra_2023-10-01_2023-11-30,,,,,,,
2023-01-07,Chennai_Alandur_2023-10-01_2023-11-30,92.73916666666666,142.67211805555556,52.150277777777774,22.903263888888887,0.8446180555555555,40.98111111111111,40.98111111111111
2023-01-07,Delhi_AnandVihar_2023-10-01_2023-11-30,322.1521739130435,464.0833333333333,111.54642857142856,15.714492753623189,2.293840579710145,9.367391304347825,9.367391304347825
2023-01-07,Kolkata_Victoria_2023-10-01_2023-11-30,138.29201388888887,184.31840277777778,13.829479166666667,8.424270833333333,1.2200694444444444,46.20427083333333,46.20427083333333
2023-01-07,Mumbai_Bandra_2023-10-01_2023-11-30,,,,,,,
2023-01-08,Chennai_Alandur_2023-10-01_2023-11-30,127.46972222222223,196.05437500000002,42.59878472222223,21.974652777777777,0.8583333333333334,44.736979166666664,44.736979166666664
2023-01-08,Delhi_AnandVihar_2023-10-01_2023-11-30,344.5104166666667,521.4583333333334,97.340625,16.424305555555556,2.8576086956521736,9.7875,9.7875
2023-01-08,Kolkata_Victoria_2023-10-01_2023-11-30,143.28229166666668,198.61111111111111,13.855138888888888,10.239652777777778,1.0594444444444444,50.58958333333334,50.58958333333334
2023-01-08,Mumbai_Bandra_2023-10-01_2023-11-30,,,,,,,
2023-01-09,Chennai_Alandur_2023-10-01_2023-11-30,89.41472222222222,137.5662152777778,45.37413194444445,18.80079861111111,1.0322222222222222,57.860347222222224,57.860347222222224
2023-01-09,Delhi_AnandVihar_2023-10-01_2023-11-30,494.1458333333333,685.09375,101.425,16.490972222222222,2.6266666666666665,10.863541666666665,10.863541666666665
2023-01-09,Kolkata_Victoria_2023-10-01_2023-11-30,132.9539855072464,180.02608695652177,13.791557971014493,13.93018115942029,1.2227898550724638,39.46094202898551,39.46094202898551
2023-01-09,Mumbai_Bandra_2023-10-01_2023-11-30,,,,,,,
2023-01-10,Chennai_Alandur_2023-10-01_2023-11-30,96.6770138888889,148.73489583333333,46.87767361111111,18.50809027777778,0.9282638888888889,55.07503472222222,55.07503472222222
2023-01-10,Delhi_AnandVihar_2023-10-01_2023-11-30,295.6458333333333,455.4479166666667,92.8,13.6,2.2806818181818183,9.011458333333334,9.011458333333334
2023-01-10,Kolkata_Victoria_2023-10-01_2023-11-30,109.95833333333333,159.9295138888889,13.152222222222221,14.214062499999999,1.8303472222222223,42.774722222222216,42.774722222222216
2023-01-10,Mumbai_Bandra_2023-10-01_2023-11-30,,,,,,,
2023-01-11,Chennai_Alandur_2023-10-01_2023-11-30,89.88420138888888,138.30854166666666,42.625659722222224,16.430104166666666,0.9938194444444445,61.41940972222222,61.41940972222222
2023-01-11,Delhi_AnandVihar_2023-10-01_2023-11-30,208.48958333333334,321.875,78.42291666666667,10.952430555555557,1.8920138888888889,10.078125,10.078125
2023-01-11,Kolkata_Victoria_2023-10-01_2023-11-30,152.79111111111112,220.92388888888888,10.889583333333334,14.223472222222222,1.408576388888889,47.50795138888889,47.50795138888889
2023-01-11,Mumbai_Bandra_2023-10-01_2023-11-30,,,,,,,
2023-01-12,Chennai_Alandur_2023-10-01_2023-11-30,77.36954861111111,119.02899305555555,35.20736111111111,16.475486111111113,1.0137152777777778,61.46982638888889,61.46982638888889
2023-01-12,Delhi_AnandVihar_2023-10-01_2023-11-30,219.76041666666666,337.0833333333333,73.40520833333333,14.855555555555554,2.059166666666667,12.041666666666666,12.041666666666666
2023-01-12,Kolkata_Victoria_2023-10-01_2023-11-30,125.34305555555555,169.02951388888889,10.682083333333333,12.423368055555557,1.7294791666666667,45.193888888888885,45.193888888888885
2023-01-12,Mumbai_Bandra_2023-10-01_2023-11-30,,,,,,,
2023-01-13,Chennai_Alandur_2023-10-01_2023-11-30,83.76524305555556,128.88559027777777,30.965625,19.582430555555558,0.9112847222222222,43.20298611111111,43.20298611111111
2023-01-13,Delhi_AnandVihar_2023-10-01_2023-11-30,225.83680555555554,335.0208333333333,85.81770833333333,13.847222222222221,2.2239583333333335,13.465625000000001,13.465625000000001
2023-01-13,Kolkata_Victoria_2023-10-01_2023-11-30,111.20208333333333,143.12708333333333,10.69954861111111,12.135,0.9796180555555556,52.40020833333333,52.40020833333333
2023-01-13,Mumbai_Bandra_2023-10-01_2023-11-30,,,,,,,
2023-01-14,Chennai_Alandur_2023-10-01_2023-11-30,146.11656250000001,224.49173611111112,32.14524305555556,20.575555555555557,0.9514583333333334,40.50604166666667,40.50604166666667
2023-01-14,Delhi_AnandVihar_2023-10-01_2023-11-30,190.25,324.5625,77.29062499999999,16.219791666666666,1.8805555555555555,11.71875,11.71875
2023-01-14,Kolkata_Victoria_2023-10-01_2023-11-30,76.26458333333333,102.71249999999999,10.826076388888888,11.903263888888889,1.0422916666666666,40.77267361111111,40.77267361111111
2023-01-14,Mumbai_Bandra_2023-10-01_2023-11-30,,,,,,,
2023-01-15,Chennai_Alandur_2023-10-01_2023-11-30,67.41239583333333,103.70680555555555,25.07482638888889,18.87097222222222,0.8291319444444444,42.80097222222222,42.80097222222222
2023-01-15,Delhi_AnandVihar_2023-10-01_2023-11-30,134.86458333333334,341.2916666666667,103.79375,16.64548611111111,2.1326388888888888,11.792708333333332,11.792708333333332
2023-01-15,Kolkata_Victoria_2023-10-01_2023-11-30,108.33298611111111,146.8361111111111,10.773715277777777,7.174270833333334,1.0062499999999999,42.5684375,42.5684375
2023-01-15,Mumbai_Bandra_2023-10-01_2023-11-30,,,,,,,
2023-01-16,Chennai_Alandur_2023-10-01_2023-11-30,59.85225694444444,92.08364583333334,27.60388888888889,19.931562500000002,0.8703124999999999,48.183680555555554,48.183680555555554
2023-01-16,Delhi_AnandVihar_2023-10-01_2023-11-30,216.6875,503.8020833333333,112.72812499999999,18.126960784313724,2.4025362318840577,11.407986111111112,11.407986111111112
2023-01-16,Kolkata_Victoria_2023-10-01_2023-11-30,98.0892361111111,138.30937500000002,10.76375,10.295520833333333,0.7239583333333334,50.120243055555555,50.120243055555555
2023-01-16,Mumbai_Bandra_2023-10-01_2023-11-30,,,,,,,
2023-01-17,Chennai_Alandur_2023-10-01_2023-11-30,55.39788194444444,85.22548611111111,24.049791666666668,19.41295138888889,0.8375347222222222,44.42319444444445,44.42319444444445
2023-01-17,Delhi_AnandVihar_2023-10-01_2023-11-30,228.82291666666666,447.0208333333333,92.84791666666666,13.629513888888889,2.3845238095238095,11.627083333333333,11.627083333333333
2023-01-17,Kolkata_Victoria_2023-10-01_2023-11-30,95.83506944444444,136.4920138888889,10.876875,7.659479166666666,0.7138541666666667,54.64524305555556,54.64524305555556
2023-01-17,Mumbai_Bandra_2023-10-01_2023-11-30,,,,,,,
2023-01-18,Chennai_Alandur_2023-10-01_2023-11-30,74.00690972222222,113.85506944444444,29.986215277777777,16.946388888888887,0.8033680555555556,49.921076388888885,49.921076388888885
2023-01-18,Delhi_AnandVihar_2023-10-01_2023-11-30,303.8541666666667,590.7604166666666,113.16562499999999,64.24305555555556,2.4008333333333334,11.872916666666667,11.872916666666667
2023-01-18,Kolkata_Victoria_2023-10-01_2023-11-30,108.45659722222223,148.28854166666667,,8.046111111111111,0.6998611111111112,67.75364583333334,67.75364583333334
2023-01-18,Mumbai_Bandra_2023-10-01_2023-11-30,,,,,,,
2023-01-19,Chennai_Alandur_2023-10-01_2023-11-30,81.34809027777779,125.14805555555556,29.943854166666668,17.322465277777777,0.9485069444444445,48.350277777777784,48.350277777777784
2023-01-19,Delhi_AnandVihar_2023-10-01_2023-11-30,264.0416666666667,534.3125,121.75937499999999,27.99090909090909,2.393840579710145,13.079166666666666,13.079166666666666
2023-01-19,Kolkata_Victoria_2023-10-01_2023-11-30,122.54239130434782,171.51340579710146,10.877045454545454,18.311597222222222,0.7009722222222222,60.98809027777778,60.98809027777778
2023-01-19,Mumbai_Bandra_2023-10-01_2023-11-30,,,,,,,
2023-01-20,Chennai_Alandur_2023-10-01_2023-11-30,97.11045138888888,149.38961805555556,30.943680555555556,18.046319444444446,1.0385416666666667,41.726736111111116,41.726736111111116
2023-01-20,Delhi_AnandVihar_2023-10-01_2023-11-30,109.1875,229.69791666666666,56.151041666666664,,1.5305555555555557,13.811458333333334,13.811458333333334
2023-01-20,Kolkata_Victoria_2023-10-01_2023-11-30,147.54652777777778,199.41145833333334,10.834340277777777,10.572152777777777,1.0226388888888889,43.44885416666667,43.44885416666667
2023-01-20,Mumbai_Bandra_2023-10-01_2023-11-30,,,,,,,
2023-01-21,Chennai_Alandur_2023-10-01_2023-11-30,91.44565972222222,140.6861458333333,28.27638888888889,18.114166666666666,0.8573958333333334,50.04170138888889,50.04170138888889
2023-01-21,Delhi_AnandVihar_2023-10-01_2023-11-30,237.30208333333334,417.8125,77.87291666666667,,2.2354166666666666,16.720833333333335,16.720833333333335
2023-01-21,Kolkata_Victoria_2023-10-01_2023-11-30,180.83368055555556,249.37569444444443,10.85704861111111,13.180069444444444,1.2878472222222224,37.47069444444444,37.47069444444444
2023-01-21,Mumbai_Bandra_2023-10-01_2023-11-30,,,,,,,
2023-01-22,Chennai_Alandur_2023-10-01_2023-11-30,86.21656250000001,132.63833333333335,26.855,17.334791666666664,0.8342708333333334,76.74322916666667,76.74322916666667
2023-01-22,Delhi_AnandVihar_2023-10-01_2023-11-30,296.4791666666667,488.7604166666667,90.55416666666667,,2.3177083333333335,15.753124999999999,15.753124999999999
2023-01-22,Kolkata_Victoria_2023-10-01_2023-11-30,161.6642361111111,215.37118055555553,10.880034722222222,12.768020833333333,0.5993402777777778,42.154722222222226,42.154722222222226
2023-01-22,Mumbai_Bandra_2023-10-01_2023-11-30,,,,,,,
2023-01-23,Chennai_Alandur_2023-10-01_2023-11-30,74.55451388888889,114.70222222222223,26.742430555555558,16.058611111111112,0.9110069444444444,45.68725694444444,45.68725694444444
2023-01-23,Delhi_AnandVihar_2023-10-01_2023-11-30,190.95833333333334,403.42391304347825,86.95674603174604,27.94090909090909,2.059090909090909,14.583333333333334,14.583333333333334
2023-01-23,Kolkata_Victoria_2023-10-01_2023-11-30,128.2513888888889,176.81215277777778,10.775243055555556,13.990208333333333,0.5093055555555556,30.982361111111107,30.982361111111107
2023-01-23,Mumbai_Bandra_2023-10-01_2023-11-30,,,,,,,
2023-01-24,Chennai_Alandur_2023-10-01_2023-11-30,57.83604166666667,88.9792361111111,23.995208333333334,16.149131944444445,0.8078819444444445,56.821875,56.821875
2023-01-24,Delhi_AnandVihar_2023-10-01_2023-11-30,83.09375,187.64583333333334,50.75833333333333,22.779861111111114,1.5462121212121211,15.025,15.025
2023-01-24,Kolkata_Victoria_2023-10-01_2023-11-30,135.31770833333334,166.4142361111111,10.856423611111111,10.218402777777778,0.3247222222222222,21.530937500000004,21.530937500000004
2023-01-24,Mumbai_Bandra_2023-10-01_2023-11-30,,,,,,,
2023-01-25,Chennai_Alandur_2023-10-01_2023-11-30,90.93493055555557,139.8976388888889,27.046319444444446,18.759444444444444,0.9355555555555556,58.67190972222222,58.67190972222222
2023-01-25,Delhi_AnandVihar_2023-10-01_2023-11-30,130.4125,251.8,69.53708333333333,22.4525,2.142916666666667,12.35375,12.35375
2023-01-25,Kolkata_Victoria_2023-10-01_2023-11-30,133.8295138888889,182.8079861111111,10.878159722222222,12.670277777777779,0.3022916666666667,26.94746212121212,26.94746212121212
2023-01-25,Mumbai_Bandra_2023-10-01_2023-11-30,,,,,,,
2023-01-26,Chennai_Alandur_2023-10-01_2023-11-30,117.78173611111112,181.2692708333333,26.262256944444445,16.787534722222222,0.8759722222222223,60.68850694444444,60.68850694444444
2023-01-26,Delhi_AnandVihar_2023-10-01_2023-11-30,168.5625,261.40625,43.42916666666667,24.22152777777778,1.9097222222222223,12.495833333333332,12.495833333333332
2023-01-26,Kolkata_Victoria_2023-10-01_2023-11-30,105.77499999999999,154.96701388888889,10.766701388888889,14.478923611111112,0.3228125,35.276493055555555,35.276493055555555
2023-01-26,Mumbai_Bandra_2023-10-01_2023-11-30,,,,,,,
2023-01-27,Chennai_Alandur_2023-10-01_2023-11-30,72.65975694444445,111.78555555555556,26.88416666666667,17.45232638888889,0.7868402777777778,47.9478125,47.9478125
2023-01-27,Delhi_AnandVihar_2023-10-01_2023-11-30,111.47569444444444,228.45833333333334,71.75208333333333,22.68958333333333,1.7833333333333334,15.293750000000001,15.293750000000001
2023-01-27,Kolkata_Victoria_2023-10-01_2023-11-30,108.16145833333333,149.56041666666667,10.750625,10.981041666666668,0.6616666666666666,28.254375,28.254375
2023-01-27,Mumbai_Bandra_2023-10-01_2023-11-30,,,,,,,
2023-01-28,Chennai_Alandur_2023-10-01_2023-11-30,103.09142361111111,158.61222222222221,48.8440625,17.944548611111113,1.0124305555555555,50.31795138888889,50.31795138888889
2023-01-28,Delhi_AnandVihar_2023-10-01_2023-11-30,139.21875,316.2708333333333,102.12083333333334,23.727083333333336,2.3309027777777778,14.505208333333334,14.505208333333334
2023-01-28,Kolkata_Victoria_2023-10-01_2023-11-30,95.32395833333334,137.14583333333334,10.5940625,9.046631944444444,0.5563541666666666,30.92458333333333,30.92458333333333
2023-01-28,Mumbai_Bandra_2023-10-01_2023-11-30,,,,,,,
2023-01-29,Chennai_Alandur_2023-10-01_2023-11-30,92.68989583333332,142.60152777777776,23.14902777777778,18.353437500000002,1.0628125,56.26440972222222,56.26440972222222
2023-01-29,Delhi_AnandVihar_2023-10-01_2023-11-30,288.65625,464.375,85.27604166666667,22.983680555555555,2.150378787878788,20.364583333333332,20.364583333333332
2023-01-29,Kolkata_Victoria_2023-10-01_2023-11-30,89.29895833333333,147.99375,10.84173611111111,13.179618055555556,0.3690625,47.921527777777776,47.921527777777776
2023-01-29,Mumbai_Bandra_2023-10-01_2023-11-30,,,,,,,
2023-01-30,Chennai_Alandur_2023-10-01_2023-11-30,70.37184027777778,108.26309027777778,22.895590277777774,20.90010416666667,1.1169444444444445,31.750243055555558,31.750243055555558
2023-01-30,Delhi_AnandVihar_2023-10-01_2023-11-30,92.19791666666667,171.14583333333334,63.660069444444446,24.06041666666667,1.8028985507246378,16.003125,16.003125
2023-01-30,Kolkata_Victoria_2023-10-01_2023-11-30,104.21770833333333,,10.759548611111112,7.454444444444444,0.5572569444444445,38.55215277777778,38.55215277777778
2023-01-30,Mumbai_Bandra_2023-10-01_2023-11-30,,,,,,,
2023-01-31,Chennai_Alandur_2023-10-01_2023-11-30,82.45180555555557,126.84965277777779,27.29784722222222,16.972638888888888,0.8164930555555556,37.95274305555555,37.95274305555555
2023-01-31,Delhi_AnandVihar_2023-10-01_2023-11-30,108.88541666666667,268.2395833333333,59.37152777777778,22.775347222222223,1.8479166666666667,13.167708333333332,13.167708333333332
2023-01-31,Kolkata_Victoria_2023-10-01_2023-11-30,136.83993055555555,,10.819930555555556,11.729791666666666,1.0908680555555554,28.40246527777778,28.40246527777778
2023-01-31,Mumbai_Bandra_2023-10-01_2023-11-30,,,,,,,
2023-02-01,Chennai_Alandur_2023-10-01_2023-11-30,81.81222222222222,125.85965277777778,32.32736111111111,20.41267361111111,0.875625,29.8078125,29.8078125
2023-02-01,Delhi_AnandVihar_2023-10-01_2023-11-30,95.87152777777777,305.4375,66.41284722222223,18.20871212121212,1.8656249999999999,14.235763888888888,14.235763888888888
2023-02-01,Kolkata_Victoria_2023-10-01_2023-11-30,86.83030303030303,103.225,10.541909722222222,11.80094696969697,0.846111111111111,29.02467391304348,29.02467391304348
2023-02-01,Mumbai_Bandra_2023-10-01_2023-11-30,,,,,,,
2023-02-02,Chennai_Alandur_2023-10-01_2023-11-30,72.85534722222222,112.08486111111112,40.956631944444446,20.619652777777777,0.7799999999999999,53.77979166666666,53.77979166666666
2023-02-02,Delhi_AnandVihar_2023-10-01_2023-11-30,101.875,358.6458333333333,77.12986111111111,2.8829166666666666,1.8381944444444445,14.136458333333332,14.136458333333332
2023-02-02,Kolkata_Victoria_2023-10-01_2023-11-30,62.77013888888889,103.71805555555555,10.7371875,11.201701388888887,0.9028472222222222,54.156701388888884,54.156701388888884
2023-02-02,Mumbai_Bandra_2023-10-01_2023-11-30,,,,,,,
2023-02-03,Chennai_Alandur_2023-10-01_2023-11-30,70.22777777777777,108.04614583333334,33.11145833333333,20.92517361111111,0.7721180555555556,62.64194444444445,62.64194444444445
2023-02-03,Delhi_AnandVihar_2023-10-01_2023-11-30,138.90625,521.1666666666666,80.72324561403508,4.788888888888889,2.3579861111111113,14.392708333333333,14.392708333333333
2023-02-03,Kolkata_Victoria_2023-10-01_2023-11-30,84.2232638888889,120.55312500000001,10.749548611111111,8.841145833333334,1.539861111111111,46.096180555555556,46.096180555555556
2023-02-03,Mumbai_Bandra_2023-10-01_2023-11-30,,,,,,,
2023-02-04,Chennai_Alandur_2023-10-01_2023-11-30,88.45881944444444,136.08909722222222,39.4659375,19.316006944444442,0.9388541666666667,64.70361111111112,64.70361111111112
2023-02-04,Delhi_AnandVihar_2023-10-01_2023-11-30,150.38541666666666,577.2875,117.7090909090909,7.875877192982455,2.1954545454545453,12.4481884057971,12.4481884057971
2023-02-04,Kolkata_Victoria_2023-10-01_2023-11-30,117.15625,167.31875,10.686875,9.39013888888889,2.318888888888889,44.96878472222222,44.96878472222222
2023-02-04,Mumbai_Bandra_2023-10-01_2023-11-30,,,,,,,
2023-02-05,Chennai_Alandur_2023-10-01_2023-11-30,72.15996527777777,111.02211805555555,33.03010416666667,18.394618055555554,0.7708680555555555,58.23215277777778,58.23215277777778
2023-02-05,Delhi_AnandVihar_2023-10-01_2023-11-30,121.12152777777777,416.0978260869565,107.10238095238095,16.800757575757576,1.71984126984127,9.435416666666667,9.435416666666667
2023-02-05,Kolkata_Victoria_2023-10-01_2023-11-30,94.20590277777778,144.328125,10.810069444444444,8.793125,1.7335416666666665,44.41840277777778,44.41840277777778
2023-02-05,Mumbai_Bandra_2023-10-01_2023-11-30,,,,,,,
2023-02-06,Chennai_Alandur_2023-10-01_2023-11-30,82.94569444444444,127.60940972222222,31.58736111111111,18.438402777777778,0.9842708333333333,32.589444444444446,32.589444444444446
2023-02-06,Delhi_AnandVihar_2023-10-01_2023-11-30,182.60416666666666,498.1145833333333,88.41979166666665,17.89810606060606,2.4796296296296294,17.3625,17.3625
2023-02-06,Kolkata_Victoria_2023-10-01_2023-11-30,104.77152777777779,161.88680555555555,10.576006944444444,11.490138888888888,2.103090277777778,40.099131944444444,40.099131944444444
2023-02-06,Mumbai_Bandra_2023-10-01_2023-11-30,,,,,,,
2023-02-07,Chennai_Alandur_2023-10-01_2023-11-30,70.26940972222222,108.09527777777777,26.866041666666664,19.143333333333334,0.9277430555555556,28.562881944444445,28.562881944444445
2023-02-07,Delhi_AnandVihar_2023-10-01_2023-11-30,155.92708333333334,460.9166666666667,71.86458333333333,14.54927536231884,1.7729166666666665,9.136458333333334,9.136458333333334
2023-02-07,Kolkata_Victoria_2023-10-01_2023-11-30,62.65,95.19130434782609,10.705763888888889,8.793522727272729,1.1559375,40.54192028985508,40.54192028985508
2023-02-07,Mumbai_Bandra_2023-10-01_2023-11-30,,,,,,,
2023-02-08,Chennai_Alandur_2023-10-01_2023-11-30,69.32427083333333,106.65538194444444,28.39951388888889,17.645104166666666,1.0530555555555556,28.161875,28.161875
2023-02-08,Delhi_AnandVihar_2023-10-01_2023-11-30,85.45833333333333,441.4583333333333,78.61979166666667,12.660763888888889,1.9663194444444445,10.5,10.5
2023-02-08,Kolkata_Victoria_2023-10-01_2023-11-30,59.051736111111104,85.43854166666667,10.85277777777778,12.294201388888888,1.0359722222222223,43.149097222222224,43.149097222222224
2023-02-08,Mumbai_Bandra_2023-10-01_2023-11-30,,,,,,,
2023-02-09,Chennai_Alandur_2023-10-01_2023-11-30,82.41836805555555,126.7957986111111,26.424513888888892,19.240520833333335,1.1696180555555555,21.98743055555556,21.98743055555556
2023-02-09,Delhi_AnandVihar_2023-10-01_2023-11-30,101.28125,340.7604166666667,73.99062500000001,14.370833333333332,1.6600694444444446,12.195833333333333,12.195833333333333
2023-02-09,Kolkata_Victoria_2023-10-01_2023-11-30,81.18090277777777,120.62465277777778,10.852604166666666,12.362013888888889,1.4848958333333335,43.780277777777776,43.780277777777776
2023-02-09,Mumbai_Bandra_2023-10-01_2023-11-30,,,,,,,
2023-02-10,Chennai_Alandur_2023-10-01_2023-11-30,73.4559375,113.11572916666667,30.71152777777778,16.393715277777776,1.0126388888888889,27.781458333333333,27.781458333333333
2023-02-10,Delhi_AnandVihar_2023-10-01_2023-11-30,96.72916666666667,237.90625,60.82604166666667,14.714583333333332,1.746875,18.722916666666666,18.722916666666666
2023-02-10,Kolkata_Victoria_2023-10-01_2023-11-30,111.00694444444444,172.58819444444444,10.705798611111112,11.806770833333333,2.2611805555555553,47.18732638888889,47.18732638888889
2023-02-10,Mumbai_Bandra_2023-10-01_2023-11-30,,,,,,,
2023-02-11,Chennai_Alandur_2023-10-01_2023-11-30,92.44634057971015,142.22384057971016,37.95873188405797,18.82731884057971,1.307536231884058,36.78492753623188,36.78492753623188
2023-02-11,Delhi_AnandVihar_2023-10-01_2023-11-30,153.21875,459.78125,80.61458333333333,15.546180555555557,1.7798611111111111,12.887500000000001,12.887500000000001
2023-02-11,Kolkata_Victoria_2023-10-01_2023-11-30,83.01909722222221,110.52395833333333,10.785798611111112,13.326493055555554,1.125625,58.29204861111111,58.29204861111111
2023-02-11,Mumbai_Bandra_2023-10-01_2023-11-30,,,,,,,
2023-02-12,Chennai_Alandur_2023-10-01_2023-11-30,104.1621875,160.24770833333332,38.65510416666667,17.242916666666666,1.4083680555555553,33.20486111111111,33.20486111111111
2023-02-12,Delhi_AnandVihar_2023-10-01_2023-11-30,55.267361111111114,269.0520833333333,48.875,14.723263888888889,1.4986111111111111,15.112499999999999,15.112499999999999
2023-02-12,Kolkata_Victoria_2023-10-01_2023-11-30,69.14722222222223,110.66701388888889,10.740208333333333,12.363854166666668,1.1011111111111112,55.487986111111105,55.487986111111105
2023-02-12,Mumbai_Bandra_2023-10-01_2023-11-30,,,,,,,
2023-02-13,Chennai_Alandur_2023-10-01_2023-11-30,112.96503472222223,173.79114583333333,38.48833333333334,18.504375,1.2125694444444444,33.20361111111111,33.20361111111111
2023-02-13,Delhi_AnandVihar_2023-10-01_2023-11-30,47.71875,238.52083333333334,47.723958333333336,14.049999999999999,1.5711805555555556,16.117708333333333,16.117708333333333
2023-02-13,Kolkata_Victoria_2023-10-01_2023-11-30,57.998263888888886,97.75659722222223,10.807812499999999,16.29954861111111,1.2863541666666667,55.65625,55.65625
2023-02-13,Mumbai_Bandra_2023-10-01_2023-11-30,,,,,,,
2023-02-14,Chennai_Alandur_2023-10-01_2023-11-30,92.61184027777777,142.47663194444445,32.86788194444444,17.381493055555556,1.2321875,31.64923611111111,31.64923611111111
2023-02-14,Delhi_AnandVihar_2023-10-01_2023-11-30,82.80208333333333,236.66666666666666,63.239236111111104,16.488541666666666,1.8416666666666668,13.633680555555555,13.633680555555555
2023-02-14,Kolkata_Victoria_2023-10-01_2023-11-30,89.51770833333335,151.3111111111111,10.887638888888889,13.885173611111112,1.8877430555555554,55.22902777777778,55.22902777777778
2023-02-14,Mumbai_Bandra_2023-10-01_2023-11-30,,,,,,,
2023-02-15,Chennai_Alandur_2023-10-01_2023-11-30,92.79336805555556,142.75857638888888,33.54927083333333,15.46986111111111,1.2847916666666668,39.03902777777778,39.03902777777778
2023-02-15,Delhi_AnandVihar_2023-10-01_2023-11-30,105.84375,291.0416666666667,78.70833333333333,16.797916666666666,1.9536231884057973,10.424305555555556,10.424305555555556
2023-02-15,Kolkata_Victoria_2023-10-01_2023-11-30,116.93368055555555,192.1753472222222,10.772777777777778,14.040034722222222,2.4853472222222224,48.37444444444444,48.37444444444444
2023-02-15,Mumbai_Bandra_2023-10-01_2023-11-30,,,,,,,
2023-02-16,Chennai_Alandur_2023-10-01_2023-11-30,97.78163194444444,150.4348611111111,36.46635416666667,16.309652777777778,1.2553472222222222,30.23875,30.23875
2023-02-16,Delhi_AnandVihar_2023-10-01_2023-11-30,216.9375,481.53125,113.79356060606061,24.30757575757576,2.6214285714285714,14.555952380952382,14.555952380952382
2023-02-16,Kolkata_Victoria_2023-10-01_2023-11-30,127.246875,201.6875,10.717916666666667,13.713368055555556,2.4568055555555555,43.79128472222222,43.79128472222222
2023-02-16,Mumbai_Bandra_2023-10-01_2023-11-30,,,,,,,
2023-02-17,Chennai_Alandur_2023-10-01_2023-11-30,103.61802083333333,159.39878472222222,27.425694444444446,19.550833333333333,0.9794444444444445,25.19701388888889,25.19701388888889
2023-02-17,Delhi_AnandVihar_2023-10-01_2023-11-30,290.7604166666667,545.3541666666666,102.52291666666667,22.36086956521739,2.2315972222222222,32.54078947368421,32.54078947368421
2023-02-17,Kolkata_Victoria_2023-10-01_2023-11-30,79.93371212121212,116.07007575757575,10.740104166666667,6.655277777777777,1.3902777777777777,25.064513888888886,25.064513888888886
2023-02-17,Mumbai_Bandra_2023-10-01_2023-11-30,,,,,,,
2023-02-18,Chennai_Alandur_2023-10-01_2023-11-30,117.33760416666667,180.4654513888889,21.98732638888889,18.150347222222223,1.045625,18.472638888888888,18.472638888888888
2023-02-18,Delhi_AnandVihar_2023-10-01_2023-11-30,260.2604166666667,520.8125,129.51145833333334,24.986805555555552,2.2670138888888887,14.957575757575757,14.957575757575757
2023-02-18,Kolkata_Victoria_2023-10-01_2023-11-30,64.69652777777777,94.17291666666667,10.869444444444445,8.729861111111111,1.1514236111111111,16.661325757575757,16.661325757575757
2023-02-18,Mumbai_Bandra_2023-10-01_2023-11-30,,,,,,,
2023-02-19,Chennai_Alandur_2023-10-01_2023-11-30,80.26086805555555,123.47812499999999,17.4725,15.174097222222223,0.8150347222222222,17.991111111111113,17.991111111111113
2023-02-19,Delhi_AnandVihar_2023-10-01_2023-11-30,208.53125,396.15625,101.02708333333334,23.750694444444445,1.7472222222222225,22.804166666666664,22.804166666666664
2023-02-19,Kolkata_Victoria_2023-10-01_2023-11-30,54.63472222222222,82.10138888888889,10.619826388888889,9.942291666666668,1.00875,28.26159722222222,28.26159722222222
2023-02-19,Mumbai_Bandra_2023-10-01_2023-11-30,,,,,,,
2023-02-20,Chennai_Alandur_2023-10-01_2023-11-30,76.4407638888889,117.58729166666666,23.266319444444445,17.01,0.8770486111111112,19.483854166666667,19.483854166666667
2023-02-20,Delhi_AnandVihar_2023-10-01_2023-11-30,175.41666666666666,359.7916666666667,98.57083333333333,24.680555555555557,1.73125,21.394791666666666,21.394791666666666
2023-02-20,Kolkata_Victoria_2023-10-01_2023-11-30,43.13993055555556,64.10590277777779,10.827569444444444,7.236909722222222,0.9006944444444445,29.480277777777776,29.480277777777776
2023-02-20,Mumbai_Bandra_2023-10-01_2023-11-30,,,,,,,
2023-02-21,Chennai_Alandur_2023-10-01_2023-11-30,87.6892361111111,133.45302083333334,23.800694444444446,21.233055555555556,0.8652083333333334,28.208020833333336,28.208020833333336
2023-02-21,Delhi_AnandVihar_2023-10-01_2023-11-30,127.66319444444444,276.40625,96.96354166666667,25.08090277777778,1.5822916666666667,15.332246376811593,15.332246376811593
2023-02-21,Kolkata_Victoria_2023-10-01_2023-11-30,53.36875,74.82222222222222,10.770694444444445,9.491145833333333,0.9006597222222222,35.14347222222222,35.14347222222222
2023-02-21,Mumbai_Bandra_2023-10-01_2023-11-30,,,,,,,
2023-02-22,Chennai_Alandur_2023-10-01_2023-11-30,88.51822916666667,136.18493055555555,24.416493055555552,24.79732638888889,0.9039236111111112,31.85982638888889,31.85982638888889
2023-02-22,Delhi_AnandVihar_2023-10-01_2023-11-30,162.44791666666666,321.0833333333333,103.6375,25.552430555555556,1.8204861111111112,12.358333333333334,12.358333333333334
2023-02-22,Kolkata_Victoria_2023-10-01_2023-11-30,57.48840579710145,83.01449275362319,10.961284722222222,12.657210144927536,0.8269927536231884,44.719855072463766,44.719855072463766
2023-02-22,Mumbai_Bandra_2023-10-01_2023-11-30,,,,,,,
2023-02-23,Chennai_Alandur_2023-10-01_2023-11-30,80.51406250000001,123.86625,23.5259375,18.798194444444444,0.9065972222222222,24.781770833333336,24.781770833333336
2023-02-23,Delhi_AnandVihar_2023-10-01_2023-11-30,83.47916666666667,239.58333333333334,92.21770833333333,26.194444444444443,1.4947916666666667,12.709375,12.709375
2023-02-23,Kolkata_Victoria_2023-10-01_2023-11-30,47.83958333333334,68.43993055555556,10.739722222222222,8.541284722222223,0.9144791666666667,38.486805555555556,38.486805555555556
2023-02-23,Mumbai_Bandra_2023-10-01_2023-11-30,,,,,,,
2023-02-24,Chennai_Alandur_2023-10-01_2023-11-30,56.582152777777786,87.04399305555556,20.9878125,17.933333333333334,0.9297569444444446,20.17246527777778,20.17246527777778
2023-02-24,Delhi_AnandVihar_2023-10-01_2023-11-30,83.125,242.78125,99.74166666666667,27.461111111111112,1.5996527777777778,14.893749999999999,14.893749999999999
2023-02-24,Kolkata_Victoria_2023-10-01_2023-11-30,58.36493055555555,79.92951388888889,10.840729166666668,10.903854166666667,0.8509027777777778,40.04861111111111,40.04861111111111
2023-02-24,Mumbai_Bandra_2023-10-01_2023-11-30,,,,,,,
2023-02-25,Chennai_Alandur_2023-10-01_2023-11-30,66.70818840579709,102.63072463768115,22.086840277777778,17.778194444444445,0.9254166666666667,29.711180555555558,29.711180555555558
2023-02-25,Delhi_AnandVihar_2023-10-01_2023-11-30,132.5625,340.65625,110.74097222222223,27.175694444444446,1.7538194444444446,18.053124999999998,18.053124999999998
2023-02-25,Kolkata_Victoria_2023-10-01_2023-11-30,79.43784722222222,109.56354166666667,10.745868055555556,11.262256944444445,1.150625,35.60451388888889,35.60451388888889
2023-02-25,Mumbai_Bandra_2023-10-01_2023-11-30,,,,,,,
2023-02-26,Chennai_Alandur_2023-10-01_2023-11-30,73.02767361111111,112.37361111111112,21.56458333333333,18.50034722222222,1.0041666666666667,30.965902777777774,30.965902777777774
2023-02-26,Delhi_AnandVihar_2023-10-01_2023-11-30,167.70833333333334,426.4895833333333,107.86041666666667,26.265625,1.781159420289855,25.17395833333333,25.17395833333333
2023-02-26,Kolkata_Victoria_2023-10-01_2023-11-30,90.90694444444445,126.47256944444445,10.796597222222223,12.644756944444445,1.2552777777777777,50.06968749999999,50.06968749999999
2023-02-26,Mumbai_Bandra_2023-10-01_2023-11-30,,,,,,,
2023-02-27,Chennai_Alandur_2023-10-01_2023-11-30,69.45510416666667,106.854375,23.38253472222222,19.5009375,1.0671180555555555,42.50361111111111,42.50361111111111
2023-02-27,Delhi_AnandVihar_2023-10-01_2023-11-30,157.75,364.7604166666667,103.42083333333333,26.06284722222222,1.6777777777777778,17.371875,17.371875
2023-02-27,Kolkata_Victoria_2023-10-01_2023-11-30,68.28402777777778,97.40868055555556,10.760486111111112,15.462430555555557,1.034861111111111,28.05263888888889,28.05263888888889
2023-02-27,Mumbai_Bandra_2023-10-01_2023-11-30,,,,,,,
2023-02-28,Chennai_Alandur_2023-10-01_2023-11-30,70.03517361111112,107.75520833333333,23.813680555555553,19.725416666666664,0.9424652777777777,48.97649305555556,48.97649305555556
2023-02-28,Delhi_AnandVihar_2023-10-01_2023-11-30,118.31944444444444,291.90625,97.33125,29.64375,1.8489583333333333,16.357291666666665,16.357291666666665
2023-02-28,Kolkata_Victoria_2023-10-01_2023-11-30,70.62604166666667,103.76527777777778,10.726770833333333,9.745138888888889,1.1880555555555554,37.143055555555556,37.143055555555556
2023-02-28,Mumbai_Bandra_2023-10-01_2023-11-30,,,,,,,
2023-03-01,Chennai_Alandur_2023-10-01_2023-11-30,62.92631944444444,96.8117361111111,27.034826388888888,20.811840277777776,0.9413541666666667,53.56871527777778,53.56871527777778
2023-03-01,Delhi_AnandVihar_2023-10-01_2023-11-30,96.19791666666667,315.7604166666667,92.4236111111111,29.99673913043478,1.6961805555555556,16.21875,16.21875
2023-03-01,Kolkata_Victoria_2023-10-01_2023-11-30,66.08993055555555,88.11909722222221,10.694375,8.625,1.0426041666666668,40.55777777777778,40.55777777777778
2023-03-01,Mumbai_Bandra_2023-10-01_2023-11-30,,,,,,,
2023-03-02,Chennai_Alandur_2023-10-01_2023-11-30,77.6632986111111,119.4782986111111,31.601701388888888,19.945486111111112,0.9769791666666667,45.38371527777778,45.38371527777778
2023-03-02,Delhi_AnandVihar_2023-10-01_2023-11-30,104.46180555555556,302.1041666666667,97.78653846153846,23.194907407407406,1.4795138888888888,16.516319444444445,16.516319444444445
2023-03-02,Kolkata_Victoria_2023-10-01_2023-11-30,62.28854166666667,91.36180555555556,10.692291666666668,11.389131944444443,1.3894791666666666,30.196840277777778,30.196840277777778
2023-03-02,Mumbai_Bandra_2023-10-01_2023-11-30,,,,,,,
2023-03-03,Chennai_Alandur_2023-10-01_2023-11-30,89.61357638888889,137.8745138888889,31.193214285714284,17.537430555555556,0.9199652777777777,39.46642361111111,39.46642361111111
2023-03-03,Delhi_AnandVihar_2023-10-01_2023-11-30,69.29166666666667,206.88541666666666,72.65104166666667,28.047222222222224,1.467013888888889,17.209374999999998,17.209374999999998
2023-03-03,Kolkata_Victoria_2023-10-01_2023-11-30,74.79062499999999,118.73506944444443,10.602013888888889,10.62920138888889,1.5350000000000001,33.16638888888889,33.16638888888889
2023-03-03,Mumbai_Bandra_2023-10-01_2023-11-30,,,,,,,
2023-03-04,Chennai_Alandur_2023-10-01_2023-11-30,97.35027777777778,149.62,,20.241111111111113,1.001875,37.79739583333333,37.79739583333333
2023-03-04,Delhi_AnandVihar_2023-10-01_2023-11-30,57.572916666666664,270.28125,70.52916666666667,,1.4048611111111111,17.993750000000002,17.993750000000002
2023-03-04,Kolkata_Victoria_2023-10-01_2023-11-30,84.19652777777777,141.76874999999998,10.691319444444446,14.316180555555555,1.7316666666666667,40.975833333333334,40.975833333333334
2023-03-04,Mumbai_Bandra_2023-10-01_2023-11-30,,,,,,,
2023-03-05,Chennai_Alandur_2023-10-01_2023-11-30,70.205625,108.01024305555556,,18.039583333333333,0.8587152777777778,37.817708333333336,37.817708333333336
2023-03-05,Delhi_AnandVihar_2023-10-01_2023-11-30,69.78125,229.55208333333334,68.41145833333333,,1.5,19.008333333333333,19.008333333333333
2023-03-05,Kolkata_Victoria_2023-10-01_2023-11-30,86.11666666666667,146.97118055555555,10.75611111111111,11.858159722222224,1.6060069444444445,39.26576388888889,39.26576388888889
2023-03-05,Mumbai_Bandra_2023-10-01_2023-11-30,,,,,,,
2023-03-06,Chennai_Alandur_2023-10-01_2023-11-30,64.47784722222222,99.19673611111112,24.057435897435898,22.410625,0.8377083333333334,31.760104166666665,31.760104166666665
2023-03-06,Delhi_AnandVihar_2023-10-01_2023-11-30,70.98958333333333,232.5909090909091,77.14583333333333,,1.5114583333333333,21.604166666666668,21.604166666666668
2023-03-06,Kolkata_Victoria_2023-10-01_2023-11-30,72.00381944444445,114.89722222222223,10.753645833333332,11.977708333333332,1.3746875,40.485625,40.485625
2023-03-06,Mumbai_Bandra_2023-10-01_2023-11-30,,,,,,,
2023-03-07,Chennai_Alandur_2023-10-01_2023-11-30,65.77854166666667,101.19552083333333,25.776527777777776,18.55875,1.0569444444444445,34.76524305555555,34.76524305555555
2023-03-07,Delhi_AnandVihar_2023-10-01_2023-11-30,103.33333333333333,289.15625,98.51770833333335,,1.6378787878787877,20.054166666666667,20.054166666666667
2023-03-07,Kolkata_Victoria_2023-10-01_2023-11-30,63.831250000000004,92.43993055555556,10.711041666666667,9.57826388888889,1.3945833333333333,39.51270833333333,39.51270833333333
2023-03-07,Mumbai_Bandra_2023-10-01_2023-11-30,,,,,,,
2023-03-08,Chennai_Alandur_2023-10-01_2023-11-30,59.312083333333334,91.25003472222222,27.562083333333334,21.04625,1.2417013888888888,39.49465277777778,39.49465277777778
2023-03-08,Delhi_AnandVihar_2023-10-01_2023-11-30,161.49652777777777,358.2916666666667,69.05729166666667,,1.5928030303030303,27.811458333333334,27.811458333333334
2023-03-08,Kolkata_Victoria_2023-10-01_2023-11-30,66.22673611111111,98.24340277777777,10.799097222222223,11.03704861111111,1.3910069444444444,50.376354166666665,50.376354166666665
2023-03-08,Mumbai_Bandra_2023-10-01_2023-11-30,,,,,,,
2023-03-09,Chennai_Alandur_2023-10-01_2023-11-30,65.3079513888889,100.47489583333333,27.359409722222225,20.20625,1.3057291666666666,39.77232638888889,39.77232638888889
2023-03-09,Delhi_AnandVihar_2023-10-01_2023-11-30,61.4375,178.30208333333334,72.00729166666666,,1.5996527777777778,22.3625,22.3625
2023-03-09,Kolkata_Victoria_2023-10-01_2023-11-30,64.67361111111111,95.56631944444445,10.580173611111112,9.221631944444445,1.3798611111111112,45.983715277777776,45.983715277777776
2023-03-09,Mumbai_Bandra_2023-10-01_2023-11-30,,,,,,,
2023-03-10,Chennai_Alandur_2023-10-01_2023-11-30,67.40475694444444,103.6934375,27.11267361111111,23.49263888888889,1.2820833333333332,41.28284722222222,41.28284722222222
2023-03-10,Delhi_AnandVihar_2023-10-01_2023-11-30,108.35416666666667,271.7604166666667,84.86770833333334,,1.765625,19.845833333333335,19.845833333333335
2023-03-10,Kolkata_Victoria_2023-10-01_2023-11-30,86.5079365079365,128.07777777777778,10.97358695652174,11.05784090909091,1.5173484848484848,37.120253623188404,37.120253623188404
2023-03-10,Mumbai_Bandra_2023-10-01_2023-11-30,,,,,,,
2023-03-11,Chennai_Alandur_2023-10-01_2023-11-30,76.44597222222222,117.573125,30.222951388888887,22.552916666666665,1.4646875000000001,44.14961805555556,44.14961805555556
2023-03-11,Delhi_AnandVihar_2023-10-01_2023-11-30,131.05208333333334,320.3854166666667,88.72708333333333,,2.020138888888889,18.537499999999998,18.537499999999998
2023-03-11,Kolkata_Victoria_2023-10-01_2023-11-30,63.255208333333336,108.78229166666667,10.837187499999999,11.530659722222223,1.1610416666666667,52.24520833333333,52.24520833333333
2023-03-11,Mumbai_Bandra_2023-10-01_2023-11-30,,,,,,,
2023-03-12,Chennai_Alandur_2023-10-01_2023-11-30,63.90673611111111,98.31586805555555,24.79784722222222,17.48888888888889,1.289201388888889,44.59461805555555,44.59461805555555
2023-03-12,Delhi_AnandVihar_2023-10-01_2023-11-30,127.66666666666667,394.1145833333333,88.94479166666667,,2.08015873015873,24.245833333333334,24.245833333333334
2023-03-12,Kolkata_Victoria_2023-10-01_2023-11-30,85.51458333333333,129.5375,10.64048611111111,9.821979166666667,1.4037499999999998,54.567395833333336,54.567395833333336
2023-03-12,Mumbai_Bandra_2023-10-01_2023-11-30,,,,,,,
2023-03-13,Chennai_Alandur_2023-10-01_2023-11-30,58.590069444444445,90.13458333333334,27.004548611111108,17.317708333333332,1.4046527777777778,36.79708333333333,36.79708333333333
2023-03-13,Delhi_AnandVihar_2023-10-01_2023-11-30,129.27083333333334,381.8020833333333,99.13958333333333,20.678333333333335,1.9274305555555555,21.144791666666666,21.144791666666666
2023-03-13,Kolkata_Victoria_2023-10-01_2023-11-30,80.97708333333334,126.45729166666666,10.638368055555555,10.620763888888888,1.3971527777777777,67.86215277777778,67.86215277777778
2023-03-13,Mumbai_Bandra_2023-10-01_2023-11-30,,,,,,,
2023-03-14,Chennai_Alandur_2023-10-01_2023-11-30,71.88017361111112,110.58493055555556,28.77232638888889,18.706527777777776,1.439375,39.91232638888889,39.91232638888889
2023-03-14,Delhi_AnandVihar_2023-10-01_2023-11-30,110.34375,334.09375,96.76354166666665,24.334722222222222,2.178472222222222,20.289583333333333,20.289583333333333
2023-03-14,Kolkata_Victoria_2023-10-01_2023-11-30,45.96449275362319,102.77717391304348,10.683958333333335,14.509722222222223,0.9967708333333333,73.40231884057971,73.40231884057971
2023-03-14,Mumbai_Bandra_2023-10-01_2023-11-30,,,,,,,
2023-03-15,Chennai_Alandur_2023-10-01_2023-11-30,75.29524305555556,115.83982638888888,25.510798611111113,19.315590277777776,1.5523958333333334,21.766458333333333,21.766458333333333
2023-03-15,Delhi_AnandVihar_2023-10-01_2023-11-30,164.78819444444443,481.2604166666667,106.69791666666667,32.746180555555554,1.590625,54.97777777777778,54.97777777777778
2023-03-15,Kolkata_Victoria_2023-10-01_2023-11-30,30.582971014492752,86.23985507246377,10.498576388888889,12.813152173913043,0.9361231884057971,74.09264492753623,74.09264492753623
2023-03-15,Mumbai_Bandra_2023-10-01_2023-11-30,,,,,,,
2023-03-16,Chennai_Alandur_2023-10-01_2023-11-30,38.611666666666665,59.39954861111111,19.632638888888888,18.785104166666667,1.33,14.899375,14.899375
2023-03-16,Delhi_AnandVihar_2023-10-01_2023-11-30,120.375,321.8645833333333,72.33333333333333,22.025000000000002,1.1195652173913044,38.744791666666664,38.744791666666664
2023-03-16,Kolkata_Victoria_2023-10-01_2023-11-30,39.35659722222223,72.37534722222222,10.518611111111111,7.066041666666667,0.6873958333333333,53.410000000000004,53.410000000000004
2023-03-16,Mumbai_Bandra_2023-10-01_2023-11-30,,,,,,,
2023-03-17,Chennai_Alandur_2023-10-01_2023-11-30,47.10166666666667,72.48440972222222,14.968090277777778,22.093645833333337,1.482534722222222,18.163125,18.163125
2023-03-17,Delhi_AnandVihar_2023-10-01_2023-11-30,105.02083333333333,274.0416666666667,69.56666666666666,27.259375000000002,1.70625,27.647916666666664,27.647916666666664
2023-03-17,Kolkata_Victoria_2023-10-01_2023-11-30,48.803030303030305,74.9409420289855,10.650138888888888,7.045555555555556,1.0471875,40.02236111111111,40.02236111111111
2023-03-17,Mumbai_Bandra_2023-10-01_2023-11-30,,,,,,,
2023-03-18,Chennai_Alandur_2023-10-01_2023-11-30,31.926111111111112,49.119062500000005,17.917430555555555,21.434270833333333,1.434236111111111,15.099722222222221,15.099722222222221
2023-03-18,Delhi_AnandVihar_2023-10-01_2023-11-30,67.09375,127.71875,59.92395833333333,23.822916666666668,1.6354166666666667,21.733333333333334,21.733333333333334
2023-03-18,Kolkata_Victoria_2023-10-01_2023-11-30,50.424019607843135,122.33442028985507,10.825277777777778,8.548159722222222,1.1565625,25.90454861111111,25.90454861111111
2023-03-18,Mumbai_Bandra_2023-10-01_2023-11-30,,,,,,,
2023-03-19,Chennai_Alandur_2023-10-01_2023-11-30,31.009479166666665,47.70631944444444,15.232326388888888,18.821805555555557,1.491284722222222,14.72454861111111,14.72454861111111
2023-03-19,Delhi_AnandVihar_2023-10-01_2023-11-30,108.65625,258.7708333333333,70.378125,28.34375,2.377083333333333,33.33645833333333,33.33645833333333
2023-03-19,Kolkata_Victoria_2023-10-01_2023-11-30,20.00108695652174,33.61521739130435,10.674930555555555,5.644513888888889,0.6354513888888889,23.338541666666668,23.338541666666668
2023-03-19,Mumbai_Bandra_2023-10-01_2023-11-30,,,,,,,
2023-03-20,Chennai_Alandur_2023-10-01_2023-11-30,22.307159090909092,34.30965909090909,16.175189393939394,18.61405303030303,1.6804166666666667,13.353787878787877,13.353787878787877
2023-03-20,Delhi_AnandVihar_2023-10-01_2023-11-30,103.05208333333333,264.5833333333333,58.31098484848485,27.634523809523813,2.5375,30.217708333333334,30.217708333333334
2023-03-20,Kolkata_Victoria_2023-10-01_2023-11-30,15.68768115942029,25.41557971014493,10.739305555555555,6.548715277777777,0.6502083333333334,37.25711805555556,37.25711805555556
2023-03-20,Mumbai_Bandra_2023-10-01_2023-11-30,,,,,,,
2023-03-21,Chennai_Alandur_2023-10-01_2023-11-30,30.25770833333333,46.54239583333333,15.698263888888889,19.93482638888889,1.3651041666666668,13.622465277777778,13.622465277777778
2023-03-21,Delhi_AnandVihar_2023-10-01_2023-11-30,68.85069444444444,159.77430555555557,53.824999999999996,26.655208333333334,1.89375,24.994791666666668,24.994791666666668
2023-03-21,Kolkata_Victoria_2023-10-01_2023-11-30,29.5,57.15189393939394,10.844201388888889,8.361666666666666,0.9574305555555555,26.892101449275362,26.892101449275362
2023-03-21,Mumbai_Bandra_2023-10-01_2023-11-30,,,,,,,
2023-03-22,Chennai_Alandur_2023-10-01_2023-11-30,23.68829861111111,36.44347222222222,13.049479166666666,17.421354166666667,1.2363541666666666,13.260694444444445,13.260694444444445
2023-03-22,Delhi_AnandVihar_2023-10-01_2023-11-30,99.125,263.0416666666667,76.64999999999999,26.59340277777778,2.4031249999999997,30.764583333333334,30.764583333333334
2023-03-22,Kolkata_Victoria_2023-10-01_2023-11-30,42.81979166666667,78.31076388888889,11.143152173913045,14.445520833333333,0.8706597222222222,60.85815972222222,60.85815972222222
2023-03-22,Mumbai_Bandra_2023-10-01_2023-11-30,,,,,,,
2023-03-23,Chennai_Alandur_2023-10-01_2023-11-30,21.778750000000002,33.50545138888889,13.171631944444444,15.809131944444445,1.496388888888889,11.887222222222222,11.887222222222222
2023-03-23,Delhi_AnandVihar_2023-10-01_2023-11-30,121.90972222222223,282.0208333333333,75.11875,27.552777777777777,2.7299242424242425,18.193749999999998,18.193749999999998
2023-03-23,Kolkata_Victoria_2023-10-01_2023-11-30,31.04891304347826,61.31304347826087,11.064637681159422,8.165902777777777,0.7503125,49.96782608695652,49.96782608695652
2023-03-23,Mumbai_Bandra_2023-10-01_2023-11-30,,,,,,,
2023-03-24,Chennai_Alandur_2023-10-01_2023-11-30,31.38354166666667,48.282604166666665,14.892083333333334,18.846041666666668,1.3399999999999999,13.746562500000001,13.746562500000001
2023-03-24,Delhi_AnandVihar_2023-10-01_2023-11-30,127.63541666666667,247.79166666666666,66.24895833333333,28.68576388888889,2.93125,26.89021739130435,26.89021739130435
2023-03-24,Kolkata_Victoria_2023-10-01_2023-11-30,36.121180555555554,71.91215277777778,10.953055555555556,8.786215277777778,0.7682638888888889,64.16940972222223,64.16940972222223
2023-03-24,Mumbai_Bandra_2023-10-01_2023-11-30,,,,,,,
2023-03-25,Chennai_Alandur_2023-10-01_2023-11-30,20.019513888888888,30.800555555555558,13.778576388888888,18.572395833333335,1.1828125,11.324548611111112,11.324548611111112
2023-03-25,Delhi_AnandVihar_2023-10-01_2023-11-30,52.12847222222222,144.63541666666666,53.237500000000004,28.273958333333336,2.4136363636363636,21.733333333333334,21.733333333333334
2023-03-25,Kolkata_Victoria_2023-10-01_2023-11-30,24.384027777777778,53.604166666666664,10.916805555555555,9.084305555555556,0.6237499999999999,41.179340277777776,41.179340277777776
2023-03-25,Mumbai_Bandra_2023-10-01_2023-11-30,,,,,,,
2023-03-26,Chennai_Alandur_2023-10-01_2023-11-30,20.747465277777778,31.888020833333332,13.005625,18.90798611111111,1.1010416666666667,11.176597222222222,11.176597222222222
2023-03-26,Delhi_AnandVihar_2023-10-01_2023-11-30,102.59027777777777,226.5,71.60000000000001,29.0,2.7781249999999997,19.0,19.0
2023-03-26,Kolkata_Victoria_2023-10-01_2023-11-30,22.690972222222225,54.42743055555555,10.885590277777778,9.636666666666667,0.6132638888888889,45.24888888888889,45.24888888888889
2023-03-26,Mumbai_Bandra_2023-10-01_2023-11-30,,,,,,,
2023-03-27,Chennai_Alandur_2023-10-01_2023-11-30,24.648298611111112,37.919756944444444,13.128229166666666,20.00645833333333,1.1822916666666667,12.630277777777778,12.630277777777778
2023-03-27,Delhi_AnandVihar_2023-10-01_2023-11-30,82.10763888888889,169.5625,72.90208333333334,21.995289855072464,3.0968750000000003,19.864583333333332,19.864583333333332
2023-03-27,Kolkata_Victoria_2023-10-01_2023-11-30,45.58611111111111,81.00659722222223,10.897083333333333,12.04920138888889,0.7835416666666667,59.23881944444445,59.23881944444445
2023-03-27,Mumbai_Bandra_2023-10-01_2023-11-30,,,,,,,
2023-03-28,Chennai_Alandur_2023-10-01_2023-11-30,28.229791666666667,43.390972222222224,18.439409722222223,17.613055555555555,1.2226388888888888,12.452847222222223,12.452847222222223
2023-03-28,Delhi_AnandVihar_2023-10-01_2023-11-30,81.77083333333333,205.04166666666666,86.56145833333333,17.079513888888886,3.4055555555555554,19.702083333333334,19.702083333333334
2023-03-28,Kolkata_Victoria_2023-10-01_2023-11-30,44.058680555555554,80.8951388888889,10.980590277777779,11.277534722222223,0.7716319444444445,76.81163194444444,76.81163194444444
2023-03-28,Mumbai_Bandra_2023-10-01_2023-11-30,,,,,,,
2023-03-29,Chennai_Alandur_2023-10-01_2023-11-30,33.61100694444445,51.71326388888889,14.054239130434782,20.99028985507246,1.2496527777777777,21.974166666666665,21.974166666666665
2023-03-29,Delhi_AnandVihar_2023-10-01_2023-11-30,124.08333333333333,291.96875,94.26354166666665,19.235416666666666,3.6829166666666664,26.425,26.425
2023-03-29,Kolkata_Victoria_2023-10-01_2023-11-30,23.389583333333334,51.544444444444444,11.077673611111111,6.428020833333334,0.57625,40.957430555555554,40.957430555555554
2023-03-29,Mumbai_Bandra_2023-10-01_2023-11-30,,,,,,,
2023-03-30,Chennai_Alandur_2023-10-01_2023-11-30,39.839749999999995,87.7275,22.85159722222222,12.42525,1.6324603174603174,12.992166666666668,12.992166666666668
2023-03-30,Delhi_AnandVihar_2023-10-01_2023-11-30,99.1875,245.55208333333334,69.63125000000001,13.340972222222222,3.7409090909090907,30.304166666666664,30.304166666666664
2023-03-30,Kolkata_Victoria_2023-10-01_2023-11-30,22.03159722222222,50.28402777777777,11.079131944444443,5.776006944444444,0.5817361111111111,41.742152777777775,41.742152777777775
2023-03-30,Mumbai_Bandra_2023-10-01_2023-11-30,,,,,,,
2023-03-31,Chennai_Alandur_2023-10-01_2023-11-30,,62.064375000000005,48.47652777777778,2.1909375,2.405902777777778,8.507361111111111,8.507361111111111
2023-03-31,Delhi_AnandVihar_2023-10-01_2023-11-30,43.489583333333336,82.40625,52.84166666666667,16.900000000000002,3.731521739130435,22.78125,22.78125
2023-03-31,Kolkata_Victoria_2023-10-01_2023-11-30,30.777430555555554,62.65277777777778,10.9459375,8.653854166666667,0.7467708333333333,60.92444444444445,60.92444444444445
2023-03-31,Mumbai_Bandra_2023-10-01_2023-11-30,,,,,,,
2023-04-01,Chennai_Alandur_2023-10-01_2023-11-30,,43.57670138888889,121.59527777777778,1.8105208333333334,1.7792361111111112,15.569722222222223,15.569722222222223
2023-04-01,Delhi_AnandVihar_2023-10-01_2023-11-30,54.454861111111114,136.02083333333334,58.677083333333336,17.681597222222223,3.824621212121212,25.589583333333334,25.589583333333334
2023-04-01,Kolkata_Victoria_2023-10-01_2023-11-30,21.95798611111111,52.44409722222222,13.418076923076923,6.494062499999999,0.8285069444444444,47.662326388888886,47.662326388888886
2023-04-01,Mumbai_Bandra_2023-10-01_2023-11-30,,,,,,,
2023-04-02,Chennai_Alandur_2023-10-01_2023-11-30,,36.20229166666667,41.60545138888889,1.9859375000000001,1.5800694444444445,19.535243055555558,19.535243055555558
2023-04-02,Delhi_AnandVihar_2023-10-01_2023-11-30,93.22569444444444,260.0520833333333,76.24479166666667,18.898263888888888,4.225595238095238,26.188541666666666,26.188541666666666
2023-04-02,Kolkata_Victoria_2023-10-01_2023-11-30,21.58576388888889,53.136805555555554,9.974583333333333,10.5396875,0.7490625,63.95225694444445,63.95225694444445
2023-04-02,Mumbai_Bandra_2023-10-01_2023-11-30,,,,,,,
2023-04-03,Chennai_Alandur_2023-10-01_2023-11-30,,45.36416666666667,49.0121875,2.0797463768115945,1.4674652777777777,24.688333333333333,24.688333333333333
2023-04-03,Delhi_AnandVihar_2023-10-01_2023-11-30,143.61458333333334,315.71875,75.35833333333333,13.208695652173914,4.131666666666667,25.06309523809524,25.06309523809524
2023-04-03,Kolkata_Victoria_2023-10-01_2023-11-30,27.41111111111111,65.1517361111111,10.458506944444444,9.745416666666666,0.7854166666666668,75.58850694444445,75.58850694444445
2023-04-03,Mumbai_Bandra_2023-10-01_2023-11-30,,,,,,,
2023-04-04,Chennai_Alandur_2023-10-01_2023-11-30,,31.800625,43.93732638888889,2.035978260869565,1.4995833333333335,21.703368055555558,21.703368055555558
2023-04-04,Delhi_AnandVihar_2023-10-01_2023-11-30,71.46180555555556,189.14583333333334,66.66041666666666,18.260416666666668,4.282407407407407,19.119791666666668,19.119791666666668
2023-04-04,Kolkata_Victoria_2023-10-01_2023-11-30,26.021527777777777,59.300000000000004,10.689652777777779,5.736562500000001,0.6290277777777777,46.48173611111111,46.48173611111111
2023-04-04,Mumbai_Bandra_2023-10-01_2023-11-30,,,,,,,
2023-04-05,Chennai_Alandur_2023-10-01_2023-11-30,27.110333333333337,38.038125,32.63576388888889,2.2939930555555557,2.027534722222222,21.33909722222222,21.33909722222222
2023-04-05,Delhi_AnandVihar_2023-10-01_2023-11-30,72.30902777777779,196.09375,80.06979166666666,24.584722222222222,4.367307692307692,19.337500000000002,19.337500000000002
2023-04-05,Kolkata_Victoria_2023-10-01_2023-11-30,36.61597222222222,80.99131944444444,9.397608695652174,9.021909722222222,0.9594097222222223,54.50972222222222,54.50972222222222
2023-04-05,Mumbai_Bandra_2023-10-01_2023-11-30,,,,,,,
2023-04-06,Chennai_Alandur_2023-10-01_2023-11-30,24.07767361111111,37.04204861111111,37.29774305555556,2.284409722222222,2.21625,19.370034722222222,19.370034722222222
2023-04-06,Delhi_AnandVihar_2023-10-01_2023-11-30,48.173611111111114,145.07291666666666,69.00208333333333,16.98472222222222,4.432738095238095,20.121875,20.121875
2023-04-06,Kolkata_Victoria_2023-10-01_2023-11-30,53.43125,126.28506944444445,8.711597222222222,9.826944444444445,1.1055208333333333,64.51326388888889,64.51326388888889
2023-04-06,Mumbai_Bandra_2023-10-01_2023-11-30,,,,,,,
2023-04-07,Chennai_Alandur_2023-10-01_2023-11-30,21.02013888888889,32.33788194444444,44.987986111111105,2.0776736111111114,2.4746180555555557,16.710868055555554,16.710868055555554
2023-04-07,Delhi_AnandVihar_2023-10-01_2023-11-30,52.989583333333336,154.08333333333334,70.70416666666667,20.622222222222224,4.310833333333333,22.136458333333334,22.136458333333334
2023-04-07,Kolkata_Victoria_2023-10-01_2023-11-30,47.60486111111111,105.83402777777776,10.416875,11.016805555555555,0.9460069444444444,73.59305555555555,73.59305555555555
2023-04-07,Mumbai_Bandra_2023-10-01_2023-11-30,,,,,,,
2023-04-08,Chennai_Alandur_2023-10-01_2023-11-30,25.57263888888889,39.34354166666667,75.76076388888889,2.0921875,3.568298611111111,22.08190972222222,22.08190972222222
2023-04-08,Delhi_AnandVihar_2023-10-01_2023-11-30,81.16666666666667,201.39583333333334,92.24791666666665,18.768402777777776,4.4125000000000005,21.690625,21.690625
2023-04-08,Kolkata_Victoria_2023-10-01_2023-11-30,51.80590277777778,121.29062499999999,10.453784722222222,14.491284722222224,1.014861111111111,66.91868055555555,66.91868055555555
2023-04-08,Mumbai_Bandra_2023-10-01_2023-11-30,,,,,,,
2023-04-09,Chennai_Alandur_2023-10-01_2023-11-30,34.474375,53.03902777777778,89.72569444444444,2.0319927536231885,2.7810069444444445,22.898124999999997,22.898124999999997
2023-04-09,Delhi_AnandVihar_2023-10-01_2023-11-30,152.08333333333334,324.375,102.33749999999999,20.226388888888888,,21.441666666666666,21.441666666666666
2023-04-09,Kolkata_Victoria_2023-10-01_2023-11-30,59.03125,126.68402777777777,10.372395833333334,12.314444444444446,1.1324652777777777,69.8396875,69.8396875
2023-04-09,Mumbai_Bandra_2023-10-01_2023-11-30,,,,,,,
2023-04-10,Chennai_Alandur_2023-10-01_2023-11-30,43.23027777777778,66.50840277777777,77.76645833333333,2.5769565217391306,2.292638888888889,23.848298611111108,23.848298611111108
2023-04-10,Delhi_AnandVihar_2023-10-01_2023-11-30,136.82291666666666,340.5520833333333,109.38229166666667,17.711805555555554,3.3333333333333335,21.38854166666667,21.38854166666667
2023-04-10,Kolkata_Victoria_2023-10-01_2023-11-30,63.591319444444444,135.88055555555556,10.99420138888889,10.725243055555557,1.0715972222222223,79.98878472222222,79.98878472222222
2023-04-10,Mumbai_Bandra_2023-10-01_2023-11-30,,,,,,,
2023-04-11,Chennai_Alandur_2023-10-01_2023-11-30,47.80666666666667,73.54868055555555,82.86163194444445,2.350108695652174,1.2840972222222222,30.266076388888887,30.266076388888887
2023-04-11,Delhi_AnandVihar_2023-10-01_2023-11-30,160.35763888888889,330.4583333333333,105.6125,22.058680555555554,2.638541666666667,19.934375,19.934375
2023-04-11,Kolkata_Victoria_2023-10-01_2023-11-30,70.559375,142.51145833333334,10.961388888888889,12.430625,1.0967361111111111,64.59868055555556,64.59868055555556
2023-04-11,Mumbai_Bandra_2023-10-01_2023-11-30,,,,,,,
2023-04-12,Chennai_Alandur_2023-10-01_2023-11-30,59.87496527777778,92.11690972222222,96.68666666666667,1.8122569444444443,2.123784722222222,30.516875,30.516875
2023-04-12,Delhi_AnandVihar_2023-10-01_2023-11-30,100.875,257.2604166666667,84.75,22.830902777777776,2.578125,19.514583333333334,19.514583333333334
2023-04-12,Kolkata_Victoria_2023-10-01_2023-11-30,60.23402777777778,108.50750000000001,15.304563492063494,9.187881944444444,1.3183333333333334,50.45211805555556,50.45211805555556
2023-04-12,Mumbai_Bandra_2023-10-01_2023-11-30,,,,,,,
2023-04-13,Chennai_Alandur_2023-10-01_2023-11-30,84.95232638888889,130.70194444444445,88.10729166666665,1.9013194444444446,2.6592708333333333,27.304826388888888,27.304826388888888
2023-04-13,Delhi_AnandVihar_2023-10-01_2023-11-30,109.05208333333333,285.9479166666667,93.2673611111111,19.199305555555558,3.092013888888889,19.476041666666667,19.476041666666667
2023-04-13,Kolkata_Victoria_2023-10-01_2023-11-30,61.285869565217396,163.60250000000002,9.654340277777779,14.265416666666667,1.1157638888888888,75.72438405797102,75.72438405797102
2023-04-13,Mumbai_Bandra_2023-10-01_2023-11-30,,,,,,,
2023-04-14,Chennai_Alandur_2023-10-01_2023-11-30,63.0121875,96.93677083333334,86.65788194444444,2.0149305555555554,2.7007291666666666,26.886666666666667,26.886666666666667
2023-04-14,Delhi_AnandVihar_2023-10-01_2023-11-30,118.01041666666667,277.3645833333333,112.56770833333333,16.720833333333335,2.8039855072463773,14.82017543859649,14.82017543859649
2023-04-14,Kolkata_Victoria_2023-10-01_2023-11-30,59.29027777777778,126.36284722222223,7.582881944444445,18.889861111111113,1.0518055555555554,67.15822916666667,67.15822916666667
2023-04-14,Mumbai_Bandra_2023-10-01_2023-11-30,,,,,,,
2023-04-15,Chennai_Alandur_2023-10-01_2023-11-30,51.74861111111111,79.61270833333333,70.53857638888888,1.942638888888889,2.4660069444444446,27.03736111111111,27.03736111111111
2023-04-15,Delhi_AnandVihar_2023-10-01_2023-11-30,147.02083333333334,342.5416666666667,142.65729166666668,23.26195652173913,2.9537878787878786,23.299999999999997,23.299999999999997
2023-04-15,Kolkata_Victoria_2023-10-01_2023-11-30,63.99201388888889,125.19097222222221,6.016145833333333,7.700034722222223,0.9655902777777778,26.471666666666664,26.471666666666664
2023-04-15,Mumbai_Bandra_2023-10-01_2023-11-30,,,,,,,
2023-04-16,Chennai_Alandur_2023-10-01_2023-11-30,55.23222222222222,84.97197916666666,57.220625000000005,2.069722222222222,2.4852083333333335,34.89895833333333,34.89895833333333
2023-04-16,Delhi_AnandVihar_2023-10-01_2023-11-30,121.625,355.7604166666667,117.85000000000001,32.75694444444444,2.4815972222222222,24.05,24.05
2023-04-16,Kolkata_Victoria_2023-10-01_2023-11-30,52.73009259259259,160.1916666666667,6.689652777777778,5.734375,0.9140972222222222,,
2023-04-16,Mumbai_Bandra_2023-10-01_2023-11-30,,,,,,,
2023-04-17,Chennai_Alandur_2023-10-01_2023-11-30,66.45628472222222,102.23847222222223,72.17055555555555,2.3571376811594202,2.0678819444444443,30.648645833333333,30.648645833333333
2023-04-17,Delhi_AnandVihar_2023-10-01_2023-11-30,132.25,383.03125,101.9296875,31.557291666666668,2.1475,34.40637254901961,34.40637254901961
2023-04-17,Kolkata_Victoria_2023-10-01_2023-11-30,45.06702898550725,128.79749999999999,6.734097222222222,7.540555555555556,0.9031944444444444,46.84875,46.84875
2023-04-17,Mumbai_Bandra_2023-10-01_2023-11-30,,,,,,,
2023-04-18,Chennai_Alandur_2023-10-01_2023-11-30,54.24361111111111,83.45333333333333,60.23298611111111,2.2180208333333336,1.9556597222222223,24.488923611111108,24.488923611111108
2023-04-18,Delhi_AnandVihar_2023-10-01_2023-11-30,116.80434782608695,390.3020833333333,149.00833333333333,14.642361111111112,1.4795454545454545,32.339930555555554,32.339930555555554
2023-04-18,Kolkata_Victoria_2023-10-01_2023-11-30,46.02395833333333,111.09166666666665,6.1684722222222215,5.606770833333333,0.8164236111111111,45.918819444444445,45.918819444444445
2023-04-18,Mumbai_Bandra_2023-10-01_2023-11-30,,,,,,,
2023-04-19,Chennai_Alandur_2023-10-01_2023-11-30,49.80572916666667,76.6225,61.689027777777774,2.3077430555555556,2.287048611111111,25.3353125,25.3353125
2023-04-19,Delhi_AnandVihar_2023-10-01_2023-11-30,75.6875,283.1041666666667,102.121875,3.222222222222222,1.83125,18.742708333333333,18.742708333333333
2023-04-19,Kolkata_Victoria_2023-10-01_2023-11-30,39.079166666666666,91.32465277777777,5.3464583333333335,5.568020833333333,0.8070833333333334,45.80211805555555,45.80211805555555
2023-04-19,Mumbai_Bandra_2023-10-01_2023-11-30,,,,,,,
2023-04-20,Chennai_Alandur_2023-10-01_2023-11-30,52.93840277777778,81.46833333333333,61.27690972222222,2.3065277777777777,2.1795138888888888,29.514166666666668,29.514166666666668
2023-04-20,Delhi_AnandVihar_2023-10-01_2023-11-30,54.510416666666664,149.35416666666666,111.534375,3.1246527777777775,2.154166666666667,11.88125,11.88125
2023-04-20,Kolkata_Victoria_2023-10-01_2023-11-30,41.56342592592593,102.80087719298245,6.359298245614035,6.67462962962963,0.8231481481481482,42.986990740740744,42.986990740740744
2023-04-20,Mumbai_Bandra_2023-10-01_2023-11-30,,,,,,,
2023-04-21,Chennai_Alandur_2023-10-01_2023-11-30,44.24006944444445,68.06739583333334,41.92701388888889,2.2720289855072466,2.1783680555555556,28.63184027777778,28.63184027777778
2023-04-21,Delhi_AnandVihar_2023-10-01_2023-11-30,48.666666666666664,203.41071428571428,82.87986111111111,10.736507936507937,1.860144927536232,19.78939393939394,19.78939393939394
2023-04-21,Kolkata_Victoria_2023-10-01_2023-11-30,56.42986111111111,111.45833333333333,8.09320512820513,13.019615384615385,0.1980769230769231,37.37974358974359,37.37974358974359
2023-04-21,Mumbai_Bandra_2023-10-01_2023-11-30,,,,,,,
2023-04-22,Chennai_Alandur_2023-10-01_2023-11-30,40.89715277777778,62.921458333333334,43.53541666666666,2.0,2.1541319444444444,23.209618055555556,23.209618055555556
2023-04-22,Delhi_AnandVihar_2023-10-01_2023-11-30,51.06944444444445,180.72916666666666,72.31458333333333,20.971527777777776,0.7781250000000001,37.42916666666667,37.42916666666667
2023-04-22,Kolkata_Victoria_2023-10-01_2023-11-30,54.489236111111104,109.98506944444445,7.660729166666667,14.051562500000001,0.20958333333333334,62.27461805555555,62.27461805555555
2023-04-22,Mumbai_Bandra_2023-10-01_2023-11-30,,,,,,,
2023-04-23,Chennai_Alandur_2023-10-01_2023-11-30,29.585625000000004,45.399791666666665,39.929513888888884,2.0,2.3035069444444445,21.18357638888889,21.18357638888889
2023-04-23,Delhi_AnandVihar_2023-10-01_2023-11-30,31.871527777777775,157.21875,72.184375,19.549652777777776,0.5600694444444444,32.481249999999996,32.481249999999996
2023-04-23,Kolkata_Victoria_2023-10-01_2023-11-30,24.267013888888886,57.08263888888889,7.822604166666667,8.413993055555556,0.12013888888888889,65.03746527777777,65.03746527777777
2023-04-23,Mumbai_Bandra_2023-10-01_2023-11-30,,,,,,,
2023-04-24,Chennai_Alandur_2023-10-01_2023-11-30,33.23489583333333,51.13104166666667,47.112986111111105,2.0743402777777775,2.2110416666666666,20.00392361111111,20.00392361111111
2023-04-24,Delhi_AnandVihar_2023-10-01_2023-11-30,75.53819444444444,239.55208333333334,84.32395833333334,22.028125,0.716304347826087,35.081944444444446,35.081944444444446
2023-04-24,Kolkata_Victoria_2023-10-01_2023-11-30,35.333333333333336,70.25643939393939,5.975108695652175,7.151992753623189,0.2837152777777778,34.17134057971015,34.17134057971015
2023-04-24,Mumbai_Bandra_2023-10-01_2023-11-30,,,,,,,
2023-04-25,Chennai_Alandur_2023-10-01_2023-11-30,31.13795138888889,47.902638888888895,49.65284722222222,2.2552083333333335,2.432430555555556,15.397083333333335,15.397083333333335
2023-04-25,Delhi_AnandVihar_2023-10-01_2023-11-30,65.26388888888889,181.35416666666666,77.84444444444445,21.62256944444444,0.9729166666666668,45.67916666666667,45.67916666666667
2023-04-25,Kolkata_Victoria_2023-10-01_2023-11-30,45.97534722222222,92.27187500000001,4.016521739130434,9.183901515151517,0.2998611111111111,35.7684375,35.7684375
2023-04-25,Mumbai_Bandra_2023-10-01_2023-11-30,,,,,,,
2023-04-26,Chennai_Alandur_2023-10-01_2023-11-30,52.507013888888885,80.68888888888888,60.19927083333334,2.512753623188406,2.071736111111111,15.734756944444444,15.734756944444444
2023-04-26,Delhi_AnandVihar_2023-10-01_2023-11-30,106.0625,279.1041666666667,117.34270833333333,21.51388888888889,1.7958333333333334,39.33541666666667,39.33541666666667
2023-04-26,Kolkata_Victoria_2023-10-01_2023-11-30,40.01423611111111,83.13923611111112,7.257569444444445,10.399479166666667,0.18114583333333334,42.10850694444444,42.10850694444444
2023-04-26,Mumbai_Bandra_2023-10-01_2023-11-30,,,,,,,
2023-04-27,Chennai_Alandur_2023-10-01_2023-11-30,59.16524305555556,91.02583333333332,72.48104166666667,2.0,2.5464930555555556,14.628020833333332,14.628020833333332
2023-04-27,Delhi_AnandVihar_2023-10-01_2023-11-30,97.75,298.7604166666667,103.60104166666667,22.08263888888889,1.626736111111111,40.78194444444444,40.78194444444444
2023-04-27,Kolkata_Victoria_2023-10-01_2023-11-30,28.170486111111114,67.14652777777778,5.4902083333333325,5.411195652173913,0.21194444444444446,37.97807971014493,37.97807971014493
2023-04-27,Mumbai_Bandra_2023-10-01_2023-11-30,,,,,,,
2023-04-28,Chennai_Alandur_2023-10-01_2023-11-30,39.71371527777777,61.09715277777778,67.425625,2.0,2.632222222222222,14.321493055555555,14.321493055555555
2023-04-28,Delhi_AnandVihar_2023-10-01_2023-11-30,83.55902777777779,225.88541666666666,121.57291666666667,25.15173611111111,2.154166666666667,35.342708333333334,35.342708333333334
2023-04-28,Kolkata_Victoria_2023-10-01_2023-11-30,30.915625000000002,68.67013888888889,4.4528125,9.209270833333333,0.19868055555555555,33.89961805555556,33.89961805555556
2023-04-28,Mumbai_Bandra_2023-10-01_2023-11-30,,,,,,,
2023-04-29,Chennai_Alandur_2023-10-01_2023-11-30,38.85753472222222,59.78413194444445,51.876354166666665,2.0,2.3713194444444445,14.199027777777777,14.199027777777777
2023-04-29,Delhi_AnandVihar_2023-10-01_2023-11-30,81.5,246.22916666666666,121.41041666666666,20.778125,2.678125,15.373958333333334,15.373958333333334
2023-04-29,Kolkata_Victoria_2023-10-01_2023-11-30,30.821875000000002,61.26631944444444,4.065729166666666,7.299791666666667,0.1575,46.37600694444444,46.37600694444444
2023-04-29,Mumbai_Bandra_2023-10-01_2023-11-30,,,,,,,
2023-04-30,Chennai_Alandur_2023-10-01_2023-11-30,32.423854166666665,49.88194444444445,52.88423611111111,2.0,1.8359027777777779,14.65673611111111,14.65673611111111
2023-04-30,Delhi_AnandVihar_2023-10-01_2023-11-30,53.708333333333336,119.66666666666667,88.27604166666667,21.005208333333332,3.129861111111111,24.977083333333336,24.977083333333336
2023-04-30,Kolkata_Victoria_2023-10-01_2023-11-30,24.61145833333333,55.82673611111111,4.918125,5.997395833333333,0.20854166666666665,39.97510416666667,39.97510416666667
2023-04-30,Mumbai_Bandra_2023-10-01_2023-11-30,,,,,,,
2023-05-01,Chennai_Alandur_2023-10-01_2023-11-30,22.464131944444446,34.558437500000004,50.24047101449275,2.0,2.3833333333333333,14.347152777777778,14.347152777777778
2023-05-01,Delhi_AnandVihar_2023-10-01_2023-11-30,47.96875,73.25,60.20757575757575,18.355208333333334,3.0722222222222224,16.39375,16.39375
2023-05-01,Kolkata_Victoria_2023-10-01_2023-11-30,30.648958333333336,63.300694444444446,3.865,6.9494444444444445,0.21677083333333333,23.01621527777778,23.01621527777778
2023-05-01,Mumbai_Bandra_2023-10-01_2023-11-30,,,,,,,
2023-05-02,Chennai_Alandur_2023-10-01_2023-11-30,16.104444444444443,24.771631944444447,52.15013888888888,2.1465277777777776,3.6229347826086955,14.211284722222222,14.211284722222222
2023-05-02,Delhi_AnandVihar_2023-10-01_2023-11-30,45.576388888888886,92.9375,55.71157407407408,16.73224637681159,2.4141304347826087,15.433333333333332,15.433333333333332
2023-05-02,Kolkata_Victoria_2023-10-01_2023-11-30,30.273958333333336,61.415625,5.035659722222222,11.1021875,0.17270833333333332,37.698680555555555,37.698680555555555
2023-05-02,Mumbai_Bandra_2023-10-01_2023-11-30,,,,,,,
2023-05-03,Chennai_Alandur_2023-10-01_2023-11-30,36.75190972222222,56.54229166666667,91.93093750000001,2.1694097222222224,3.456215277777778,14.445208333333333,14.445208333333333
2023-05-03,Delhi_AnandVihar_2023-10-01_2023-11-30,57.020833333333336,105.88541666666667,61.473958333333336,17.663541666666667,1.9427083333333333,19.045833333333334,19.045833333333334
2023-05-03,Kolkata_Victoria_2023-10-01_2023-11-30,25.797569444444445,59.00972222222222,4.596979166666666,6.311840277777779,0.2040625,21.8409375,21.8409375
2023-05-03,Mumbai_Bandra_2023-10-01_2023-11-30,,,,,,,
2023-05-04,Chennai_Alandur_2023-10-01_2023-11-30,35.174305555555556,54.112500000000004,88.97947916666668,2.6873958333333334,2.546597222222222,16.495833333333334,16.495833333333334
2023-05-04,Delhi_AnandVihar_2023-10-01_2023-11-30,84.83333333333333,180.64583333333334,93.06979166666667,21.983680555555555,2.1708333333333334,35.312152777777776,35.312152777777776
2023-05-04,Kolkata_Victoria_2023-10-01_2023-11-30,17.133333333333333,44.18611111111111,3.606145833333333,6.951979166666667,0.20510416666666667,22.24423611111111,22.24423611111111
2023-05-04,Mumbai_Bandra_2023-10-01_2023-11-30,,,,,,,
2023-05-05,Chennai_Alandur_2023-10-01_2023-11-30,40.638819444444444,62.52013888888889,72.84184027777778,2.8582638888888887,3.5046874999999997,15.638472222222221,15.638472222222221
2023-05-05,Delhi_AnandVihar_2023-10-01_2023-11-30,97.73958333333333,275.2395833333333,140.04791666666668,20.900347222222223,2.6595238095238094,16.017708333333335,16.017708333333335
2023-05-05,Kolkata_Victoria_2023-10-01_2023-11-30,24.744202898550725,52.50760869565217,6.804479166666667,7.978115942028985,0.1534090909090909,27.276775362318837,27.276775362318837
2023-05-05,Mumbai_Bandra_2023-10-01_2023-11-30,,,,,,,
2023-05-06,Chennai_Alandur_2023-10-01_2023-11-30,36.67295138888889,56.42201388888889,89.95496527777777,2.7125,2.604513888888889,17.065034722222222,17.065034722222222
2023-05-06,Delhi_AnandVihar_2023-10-01_2023-11-30,137.16666666666666,391.53125,138.05173611111113,22.38514492753623,3.3027777777777776,10.364583333333334,10.364583333333334
2023-05-06,Kolkata_Victoria_2023-10-01_2023-11-30,38.641666666666666,74.96770833333333,6.821944444444444,9.566666666666666,0.21777777777777776,50.92201388888889,50.92201388888889
2023-05-06,Mumbai_Bandra_2023-10-01_2023-11-30,,,,,,,
2023-05-07,Chennai_Alandur_2023-10-01_2023-11-30,41.57868055555556,63.96378472222222,80.41034722222223,2.4246527777777778,2.7936111111111113,19.68951388888889,19.68951388888889
2023-05-07,Delhi_AnandVihar_2023-10-01_2023-11-30,77.11458333333333,249.875,120.51041666666667,17.421875,2.9228260869565217,15.629166666666668,15.629166666666668
2023-05-07,Kolkata_Victoria_2023-10-01_2023-11-30,39.55555555555556,79.65902777777778,6.586944444444445,11.36888888888889,0.3304861111111111,42.802881944444444,42.802881944444444
2023-05-07,Mumbai_Bandra_2023-10-01_2023-11-30,,,,,,,
2023-05-08,Chennai_Alandur_2023-10-01_2023-11-30,40.14837719298246,61.760263157894734,71.5019298245614,1.7778508771929826,2.127894736842105,22.887881944444445,22.887881944444445
2023-05-08,Delhi_AnandVihar_2023-10-01_2023-11-30,62.364583333333336,169.09375,101.765625,20.44861111111111,3.432608695652174,36.154710144927535,36.154710144927535
2023-05-08,Kolkata_Victoria_2023-10-01_2023-11-30,40.737500000000004,76.375,7.237569444444444,13.39482638888889,0.34958333333333336,40.154131944444444,40.154131944444444
2023-05-08,Mumbai_Bandra_2023-10-01_2023-11-30,,,,,,,
2023-05-09,Chennai_Alandur_2023-10-01_2023-11-30,,,,,,19.07732638888889,19.07732638888889
2023-05-09,Delhi_AnandVihar_2023-10-01_2023-11-30,110.48188405797102,323.10869565217394,149.73402777777778,27.288541666666664,3.0995098039215687,34.369166666666665,34.369166666666665
2023-05-09,Kolkata_Victoria_2023-10-01_2023-11-30,44.869791666666664,92.32743055555557,6.3180555555555555,10.304097222222223,0.29173611111111114,44.14673611111112,44.14673611111112
2023-05-09,Mumbai_Bandra_2023-10-01_2023-11-30,,,,,,,
2023-05-10,Chennai_Alandur_2023-10-01_2023-11-30,,,39.219791666666666,,,18.816006944444442,18.816006944444442
2023-05-10,Delhi_AnandVihar_2023-10-01_2023-11-30,94.4861111111111,253.8125,155.84270833333332,26.025347222222223,2.538492063492064,22.626041666666666,22.626041666666666
2023-05-10,Kolkata_Victoria_2023-10-01_2023-11-30,34.72083333333334,73.00416666666666,6.455312500000001,7.818368055555555,0.22416666666666665,36.082812499999996,36.082812499999996
2023-05-10,Mumbai_Bandra_2023-10-01_2023-11-30,,,,,,,
2023-05-11,Chennai_Alandur_2023-10-01_2023-11-30,,,54.86392361111111,,,21.48767361111111,21.48767361111111
2023-05-11,Delhi_AnandVihar_2023-10-01_2023-11-30,169.9673913043478,443.0217391304348,202.85797101449276,31.577536231884057,2.842948717948718,20.502173913043478,20.502173913043478
2023-05-11,Kolkata_Victoria_2023-10-01_2023-11-30,27.552777777777777,62.199999999999996,6.170243055555556,6.580069444444445,0.2578819444444444,31.941354166666667,31.941354166666667
2023-05-11,Mumbai_Bandra_2023-10-01_2023-11-30,,,,,,,
2023-05-12,Chennai_Alandur_2023-10-01_2023-11-30,,,145.58347222222224,,,20.773229166666667,20.773229166666667
2023-05-12,Delhi_AnandVihar_2023-10-01_2023-11-30,126.05208333333333,368.1666666666667,203.05173611111113,25.47951388888889,3.518333333333333,30.478472222222223,30.478472222222223
2023-05-12,Kolkata_Victoria_2023-10-01_2023-11-30,23.006249999999998,55.52291666666667,6.531701388888888,5.3443402777777775,0.2275,19.082118055555554,19.082118055555554
2023-05-12,Mumbai_Bandra_2023-10-01_2023-11-30,,,,,,,
2023-05-13,Chennai_Alandur_2023-10-01_2023-11-30,,,60.49659722222222,,,16.12097222222222,16.12097222222222
2023-05-13,Delhi_AnandVihar_2023-10-01_2023-11-30,137.90625,333.80434782608694,163.015625,28.51076388888889,2.8354166666666667,39.567708333333336,39.567708333333336
2023-05-13,Kolkata_Victoria_2023-10-01_2023-11-30,21.96423611111111,52.69583333333333,6.3446875,5.447222222222223,0.1992708333333333,30.125486111111112,30.125486111111112
2023-05-13,Mumbai_Bandra_2023-10-01_2023-11-30,,,,,,,
2023-05-14,Chennai_Alandur_2023-10-01_2023-11-30,,,80.94493055555556,,,17.424652777777776,17.424652777777776
2023-05-14,Delhi_AnandVihar_2023-10-01_2023-11-30,129.16666666666666,333.6458333333333,154.67499999999998,33.037121212121214,3.036538461538462,28.07976190476191,28.07976190476191
2023-05-14,Kolkata_Victoria_2023-10-01_2023-11-30,32.54236111111111,80.4357638888889,6.6514236111111105,5.939166666666666,0.16430555555555557,51.95375000000001,51.95375000000001
2023-05-14,Mumbai_Bandra_2023-10-01_2023-11-30,,,,,,,
2023-05-15,Chennai_Alandur_2023-10-01_2023-11-30,67.75178571428572,104.23511904761904,71.03975694444445,0.8576190476190476,4.0738095238095235,18.646805555555556,18.646805555555556
2023-05-15,Delhi_AnandVihar_2023-10-01_2023-11-30,40.27272727272727,188.58333333333334,123.73636363636363,27.097916666666666,1.7,17.888636363636365,17.888636363636365
2023-05-15,Kolkata_Victoria_2023-10-01_2023-11-30,30.219444444444445,84.50798611111111,6.8825,7.0035869565217395,0.27819444444444447,40.10239583333333,40.10239583333333
2023-05-15,Mumbai_Bandra_2023-10-01_2023-11-30,,,,,,,
2023-05-16,Chennai_Alandur_2023-10-01_2023-11-30,58.55763888888888,90.09086805555556,59.58677083333333,2.443576388888889,2.3485416666666667,21.460798611111112,21.460798611111112
2023-05-16,Delhi_AnandVihar_2023-10-01_2023-11-30,180.17708333333334,558.5238095238095,104.43819444444445,26.400000000000002,1.9769230769230768,16.159027777777776,16.159027777777776
2023-05-16,Kolkata_Victoria_2023-10-01_2023-11-30,27.85763888888889,70.52986111111112,9.016931818181819,5.664246031746032,0.26840277777777777,41.06626811594202,41.06626811594202
2023-05-16,Mumbai_Bandra_2023-10-01_2023-11-30,,,,,,,
2023-05-17,Chennai_Alandur_2023-10-01_2023-11-30,61.13989130434783,94.06384057971015,95.85467391304347,2.6269565217391304,3.4019927536231886,18.716594202898552,18.716594202898552
2023-05-17,Delhi_AnandVihar_2023-10-01_2023-11-30,100.4548611111111,337.59375,120.38958333333333,24.084374999999998,1.1746376811594204,13.097916666666668,13.097916666666668
2023-05-17,Kolkata_Victoria_2023-10-01_2023-11-30,22.936111111111114,58.053125,11.221666666666666,4.5857986111111115,0.14239583333333333,37.44680555555556,37.44680555555556
2023-05-17,Mumbai_Bandra_2023-10-01_2023-11-30,,,,,,,
2023-05-18,Chennai_Alandur_2023-10-01_2023-11-30,44.02041666666667,67.72263888888888,19.58388888888889,2.4256597222222225,4.511805555555555,16.82545138888889,16.82545138888889
2023-05-18,Delhi_AnandVihar_2023-10-01_2023-11-30,48.638888888888886,176.91666666666666,86.79618055555557,18.784027777777776,1.8520833333333335,22.48125,22.48125
2023-05-18,Kolkata_Victoria_2023-10-01_2023-11-30,15.15625,41.439930555555556,6.351493055555555,4.546805555555555,0.134375,37.279270833333335,37.279270833333335
2023-05-18,Mumbai_Bandra_2023-10-01_2023-11-30,,,,,,,
2023-05-19,Chennai_Alandur_2023-10-01_2023-11-30,46.34590277777778,71.30083333333333,224.2541304347826,2.9158333333333335,4.291354166666667,17.934305555555557,17.934305555555557
2023-05-19,Delhi_AnandVihar_2023-10-01_2023-11-30,90.2326388888889,234.34375,128.58194444444445,26.634375000000002,2.50625,23.177777777777777,23.177777777777777
2023-05-19,Kolkata_Victoria_2023-10-01_2023-11-30,24.094791666666666,59.731944444444444,6.5496875,4.750451388888889,0.14875,39.02621527777778,39.02621527777778
2023-05-19,Mumbai_Bandra_2023-10-01_2023-11-30,,,,,,,
2023-05-20,Chennai_Alandur_2023-10-01_2023-11-30,45.39729166666667,69.81545138888889,102.00493055555556,2.143784722222222,3.5362500000000003,18.43107638888889,18.43107638888889
2023-05-20,Delhi_AnandVihar_2023-10-01_2023-11-30,106.26041666666667,265.1875,163.25104166666668,33.8235294117647,2.597916666666667,19.96875,19.96875
2023-05-20,Kolkata_Victoria_2023-10-01_2023-11-30,26.044565217391302,61.89021739130435,6.73840579710145,6.32025,0.2090151515151515,40.601159420289854,40.601159420289854
2023-05-20,Mumbai_Bandra_2023-10-01_2023-11-30,,,,,,,
2023-05-21,Chennai_Alandur_2023-10-01_2023-11-30,44.073368055555555,67.80381944444444,81.17673611111111,2.0371527777777776,3.890151515151515,17.648854166666666,17.648854166666666
2023-05-21,Delhi_AnandVihar_2023-10-01_2023-11-30,116.11458333333333,329.2604166666667,192.06944444444446,19.621666666666666,1.0555555555555556,28.32604166666667,28.32604166666667
2023-05-21,Kolkata_Victoria_2023-10-01_2023-11-30,31.040625000000002,74.95729166666666,6.277013888888889,4.886979166666667,0.37166666666666665,29.48482638888889,29.48482638888889
2023-05-21,Mumbai_Bandra_2023-10-01_2023-11-30,,,,,,,
2023-05-22,Chennai_Alandur_2023-10-01_2023-11-30,42.8984375,65.99954861111111,56.41041666666666,2.1722916666666667,5.295972222222223,16.558645833333333,16.558645833333333
2023-05-22,Delhi_AnandVihar_2023-10-01_2023-11-30,89.34375,318.4791666666667,143.8138888888889,34.665740740740745,1.05,14.170138888888891,14.170138888888891
2023-05-22,Kolkata_Victoria_2023-10-01_2023-11-30,24.008333333333336,63.071739130434786,6.535173611111111,4.781701388888889,0.37166666666666665,36.80756944444445,36.80756944444445
2023-05-22,Mumbai_Bandra_2023-10-01_2023-11-30,,,,,,,
2023-05-23,Chennai_Alandur_2023-10-01_2023-11-30,44.14527777777778,67.91809027777778,49.45305555555556,2.369861111111111,4.1796875,19.534166666666668,19.534166666666668
2023-05-23,Delhi_AnandVihar_2023-10-01_2023-11-30,59.72222222222222,295.46875,111.7076388888889,23.08531746031746,,14.628124999999999,14.628124999999999
2023-05-23,Kolkata_Victoria_2023-10-01_2023-11-30,27.712500000000002,75.94027777777778,6.336562499999999,4.947708333333334,0.4843402777777777,48.96156250000001,48.96156250000001
2023-05-23,Mumbai_Bandra_2023-10-01_2023-11-30,,,,,,,
2023-05-24,Chennai_Alandur_2023-10-01_2023-11-30,48.36020833333333,74.40222222222222,75.94170138888889,2.8311458333333337,3.183159722222222,19.08142361111111,19.08142361111111
2023-05-24,Delhi_AnandVihar_2023-10-01_2023-11-30,24.891304347826086,138.6818181818182,106.95937500000001,16.198958333333334,,11.777083333333335,11.777083333333335
2023-05-24,Kolkata_Victoria_2023-10-01_2023-11-30,20.315625,49.689236111111114,6.486944444444444,4.936944444444444,0.36284722222222215,41.32565972222222,41.32565972222222
2023-05-24,Mumbai_Bandra_2023-10-01_2023-11-30,,,,,,,
2023-05-25,Chennai_Alandur_2023-10-01_2023-11-30,46.53465277777778,71.5904861111111,84.43465277777777,2.3539930555555557,3.5877083333333335,17.251458333333332,17.251458333333332
2023-05-25,Delhi_AnandVihar_2023-10-01_2023-11-30,27.635416666666668,168.05208333333334,154.51458333333332,16.372569444444444,,13.40625,13.40625
2023-05-25,Kolkata_Victoria_2023-10-01_2023-11-30,23.455681818181816,57.4810606060606,6.3498245614035085,6.049444444444444,0.31979166666666664,44.7925,44.7925
2023-05-25,Mumbai_Bandra_2023-10-01_2023-11-30,,,,,,,
2023-05-26,Chennai_Alandur_2023-10-01_2023-11-30,49.94857638888889,76.83694444444444,88.06725694444445,2.6801041666666667,3.0120833333333334,20.638854166666665,20.638854166666665
2023-05-26,Delhi_AnandVihar_2023-10-01_2023-11-30,26.8125,137.89583333333334,152.48854166666666,15.98298611111111,0.64,9.0375,9.0375
2023-05-26,Kolkata_Victoria_2023-10-01_2023-11-30,17.539130434782606,42.004347826086956,10.688260869565216,5.144855072463768,0.35931159420289854,42.32909420289855,42.32909420289855
2023-05-26,Mumbai_Bandra_2023-10-01_2023-11-30,,,,,,,
2023-05-27,Chennai_Alandur_2023-10-01_2023-11-30,54.78246527777778,84.2553125,157.59541666666667,2.340873015873016,2.467048611111111,19.599965277777777,19.599965277777777
2023-05-27,Delhi_AnandVihar_2023-10-01_2023-11-30,40.92045454545455,180.4431818181818,137.04583333333332,15.256597222222224,,6.819791666666667,6.819791666666667
2023-05-27,Kolkata_Victoria_2023-10-01_2023-11-30,27.17142857142857,58.36086956521739,12.42326388888889,4.840625,0.14875,39.73059027777778,39.73059027777778
2023-05-27,Mumbai_Bandra_2023-10-01_2023-11-30,,,,,,,
2023-05-28,Chennai_Alandur_2023-10-01_2023-11-30,48.345486111111114,74.37510416666667,56.56368055555556,2.2127777777777777,3.867569444444445,19.90559027777778,19.90559027777778
2023-05-28,Delhi_AnandVihar_2023-10-01_2023-11-30,67.75,247.11458333333334,141.51354166666667,15.293055555555556,,7.765625,7.765625
2023-05-28,Kolkata_Victoria_2023-10-01_2023-11-30,17.104924242424243,60.2844696969697,11.469930555555555,4.8573611111111115,0.10402173913043479,51.444722222222225,51.444722222222225
2023-05-28,Mumbai_Bandra_2023-10-01_2023-11-30,,,,,,,
2023-05-29,Chennai_Alandur_2023-10-01_2023-11-30,71.18177083333333,109.51090277777779,49.22291666666666,3.0056884057971014,2.8880902777777777,19.33357638888889,19.33357638888889
2023-05-29,Delhi_AnandVihar_2023-10-01_2023-11-30,45.09375,201.38541666666666,139.69375,12.364583333333334,0.5134615384615384,7.004166666666666,7.004166666666666
2023-05-29,Kolkata_Victoria_2023-10-01_2023-11-30,43.35729166666667,138.95392156862746,11.996875000000001,7.253522727272727,0.4385964912280702,42.28518115942029,42.28518115942029
2023-05-29,Mumbai_Bandra_2023-10-01_2023-11-30,,,,,,,
2023-05-30,Chennai_Alandur_2023-10-01_2023-11-30,48.52357638888889,74.65180555555555,53.82086805555556,2.823949275362319,3.566597222222222,18.179513888888888,18.179513888888888
2023-05-30,Delhi_AnandVihar_2023-10-01_2023-11-30,47.1875,128.78125,144.13194444444443,13.791666666666666,0.2916666666666667,6.913541666666667,6.913541666666667
2023-05-30,Kolkata_Victoria_2023-10-01_2023-11-30,39.94826388888889,83.41979166666667,10.636770833333333,6.292361111111112,0.3595138888888889,40.687777777777775,40.687777777777775
2023-05-30,Mumbai_Bandra_2023-10-01_2023-11-30,,,,,,,
2023-05-31,Chennai_Alandur_2023-10-01_2023-11-30,65.97663194444445,101.51197916666666,69.85763888888889,2.7926736111111112,3.1183333333333336,19.95138888888889,19.95138888888889
2023-05-31,Delhi_AnandVihar_2023-10-01_2023-11-30,51.25,142.375,135.2693181818182,14.192708333333334,0.1,6.659375,6.659375
2023-05-31,Kolkata_Victoria_2023-10-01_2023-11-30,32.57222222222222,71.85520833333332,10.631458333333333,5.005590277777778,0.3570138888888889,44.13493055555555,44.13493055555555
2023-05-31,Mumbai_Bandra_2023-10-01_2023-11-30,,,,,,,
2023-06-01,Chennai_Alandur_2023-10-01_2023-11-30,49.05454861111111,75.47256944444445,80.25239583333332,3.072361111111111,4.394409722222222,17.875555555555554,17.875555555555554
2023-06-01,Delhi_AnandVihar_2023-10-01_2023-11-30,63.354166666666664,170.52083333333334,141.88578431372548,15.183680555555554,,6.626041666666667,6.626041666666667
2023-06-01,Kolkata_Victoria_2023-10-01_2023-11-30,44.195238095238096,92.35674603174604,10.611076388888888,6.044861111111111,0.5102777777777777,65.94211805555555,65.94211805555555
2023-06-01,Mumbai_Bandra_2023-10-01_2023-11-30,,,,,,,
2023-06-02,Chennai_Alandur_2023-10-01_2023-11-30,115.64445833333335,96.2771875,74.27552083333333,2.8217708333333333,3.3085069444444444,24.091979166666665,24.091979166666665
2023-06-02,Delhi_AnandVihar_2023-10-01_2023-11-30,40.53125,140.30208333333334,143.04375,14.098263888888889,0.3857142857142857,7.7593749999999995,7.7593749999999995
2023-06-02,Kolkata_Victoria_2023-10-01_2023-11-30,42.824999999999996,84.60277777777777,9.91454861111111,4.972395833333334,0.4521527777777778,62.16871527777778,62.16871527777778
2023-06-02,Mumbai_Bandra_2023-10-01_2023-11-30,,,,,,,
2023-06-03,Chennai_Alandur_2023-10-01_2023-11-30,54.90739583333334,84.46381944444444,63.64545138888889,2.497361111111111,3.093368055555555,20.6275,20.6275
2023-06-03,Delhi_AnandVihar_2023-10-01_2023-11-30,103.55208333333333,223.04166666666666,123.34479166666667,13.677083333333334,0.5369565217391304,7.911458333333333,7.911458333333333
2023-06-03,Kolkata_Victoria_2023-10-01_2023-11-30,41.452083333333334,86.425,9.270243055555556,5.041805555555555,0.4069444444444444,53.33329861111111,53.33329861111111
2023-06-03,Mumbai_Bandra_2023-10-01_2023-11-30,,,,,,,
2023-06-04,Chennai_Alandur_2023-10-01_2023-11-30,107.88692028985507,85.32675438596492,83.23604166666667,4.328152173913043,4.114618055555556,17.79017361111111,17.79017361111111
2023-06-04,Delhi_AnandVihar_2023-10-01_2023-11-30,103.27083333333333,228.5326086956522,133.6122549019608,15.538690476190476,0.532608695652174,12.926785714285714,12.926785714285714
2023-06-04,Kolkata_Victoria_2023-10-01_2023-11-30,40.05972222222223,83.71249999999999,8.473159722222222,4.504965277777778,0.39055555555555554,55.25402777777777,55.25402777777777
2023-06-04,Mumbai_Bandra_2023-10-01_2023-11-30,,,,,,,
2023-06-05,Chennai_Alandur_2023-10-01_2023-11-30,57.12996527777778,87.88833333333334,78.02541666666666,3.31018115942029,2.579548611111111,17.684375,17.684375
2023-06-05,Delhi_AnandVihar_2023-10-01_2023-11-30,78.0,247.73809523809524,120.93416666666667,22.818055555555556,1.3946428571428573,12.806862745098039,12.806862745098039
2023-06-05,Kolkata_Victoria_2023-10-01_2023-11-30,35.08295454545455,73.98977272727274,11.030151515151514,4.791060606060606,0.35336956521739127,50.72781746031745,50.72781746031745
2023-06-05,Mumbai_Bandra_2023-10-01_2023-11-30,,,,,,,
2023-06-06,Chennai_Alandur_2023-10-01_2023-11-30,41.736022727272726,64.20924242424242,133.6003409090909,4.156031746031746,1.248030303030303,17.231250000000003,17.231250000000003
2023-06-06,Delhi_AnandVihar_2023-10-01_2023-11-30,139.35416666666666,,104.02129629629628,29.330000000000002,2.189583333333333,14.731481481481483,14.731481481481483
2023-06-06,Kolkata_Victoria_2023-10-01_2023-11-30,34.75978260869565,76.0304347826087,16.050625,4.683472222222222,0.24649305555555556,50.592395833333335,50.592395833333335
2023-06-06,Mumbai_Bandra_2023-10-01_2023-11-30,,,,,,,
2023-06-07,Chennai_Alandur_2023-10-01_2023-11-30,61.312291666666674,94.31892361111112,72.8696875,2.6956159420289856,1.1245138888888888,25.106944444444448,25.106944444444448
2023-06-07,Delhi_AnandVihar_2023-10-01_2023-11-30,70.04166666666667,291.3478260869565,120.98333333333333,26.398263888888888,3.375,14.011458333333332,14.011458333333332
2023-06-07,Kolkata_Victoria_2023-10-01_2023-11-30,41.57604166666667,63.85104166666667,16.788888888888888,4.638888888888888,0.31583333333333335,56.610173611111115,56.610173611111115
2023-06-07,Mumbai_Bandra_2023-10-01_2023-11-30,,,,,,,
2023-06-08,Chennai_Alandur_2023-10-01_2023-11-30,40.989074074074075,64.01270833333334,74.00309027777779,2.846840277777778,1.1736111111111112,45.90378472222222,45.90378472222222
2023-06-08,Delhi_AnandVihar_2023-10-01_2023-11-30,50.416666666666664,178.59375,118.35520833333334,26.72951388888889,3.1999999999999997,18.409375,18.409375
2023-06-08,Kolkata_Victoria_2023-10-01_2023-11-30,40.971969696969694,74.44122807017544,15.823263888888889,4.455416666666667,0.22187500000000002,53.176736111111104,53.176736111111104
2023-06-08,Mumbai_Bandra_2023-10-01_2023-11-30,,,,,,,
2023-06-09,Chennai_Alandur_2023-10-01_2023-11-30,38.39326388888889,59.061145833333335,67.75496527777777,2.2389236111111113,1.5417708333333333,44.05791666666667,44.05791666666667
2023-06-09,Delhi_AnandVihar_2023-10-01_2023-11-30,56.47569444444445,205.8125,112.74340277777777,20.59551282051282,1.8161458333333333,12.358333333333334,12.358333333333334
2023-06-09,Kolkata_Victoria_2023-10-01_2023-11-30,26.400347222222223,58.808680555555554,15.962777777777779,5.035798611111111,0.16711805555555556,52.60100694444444,52.60100694444444
2023-06-09,Mumbai_Bandra_2023-10-01_2023-11-30,,,,,,,
2023-06-10,Chennai_Alandur_2023-10-01_2023-11-30,36.573541666666664,56.27701388888889,94.52347222222222,2.8047222222222223,1.3182291666666666,41.20993055555555,41.20993055555555
2023-06-10,Delhi_AnandVihar_2023-10-01_2023-11-30,49.6875,198.90625,103.62028985507247,18.928846153846152,2.102777777777778,9.803260869565218,9.803260869565218
2023-06-10,Kolkata_Victoria_2023-10-01_2023-11-30,33.14791666666667,77.62534722222223,17.443020833333332,5.078298611111111,0.3061805555555555,42.42975694444444,42.42975694444444
2023-06-10,Mumbai_Bandra_2023-10-01_2023-11-30,,,,,,,
2023-06-11,Chennai_Alandur_2023-10-01_2023-11-30,30.598090277777775,47.07267361111111,67.1115625,2.0395486111111114,1.7860763888888889,38.946354166666666,38.946354166666666
2023-06-11,Delhi_AnandVihar_2023-10-01_2023-11-30,47.4375,184.97916666666666,88.2781746031746,16.914285714285715,2.1821428571428574,13.977083333333333,13.977083333333333
2023-06-11,Kolkata_Victoria_2023-10-01_2023-11-30,26.69826388888889,70.590625,15.631319444444443,4.8644791666666665,0.15395833333333334,57.655451388888885,57.655451388888885
2023-06-11,Mumbai_Bandra_2023-10-01_2023-11-30,,,,,,,
2023-06-12,Chennai_Alandur_2023-10-01_2023-11-30,32.56614583333333,50.10159722222222,65.32229166666667,2.193888888888889,1.546076388888889,40.516284722222224,40.516284722222224
2023-06-12,Delhi_AnandVihar_2023-10-01_2023-11-30,47.333333333333336,255.19230769230768,97.43863636363636,23.202272727272728,2.5812500000000003,12.537222222222223,12.537222222222223
2023-06-12,Kolkata_Victoria_2023-10-01_2023-11-30,27.48068181818182,78.49431818181819,16.72340277777778,4.495659722222222,0.25753472222222223,49.81217391304348,49.81217391304348
2023-06-12,Mumbai_Bandra_2023-10-01_2023-11-30,,,,,,,
2023-06-13,Chennai_Alandur_2023-10-01_2023-11-30,36.501805555555556,56.15625,93.67614583333334,2.2642708333333332,1.6589583333333333,38.76284722222222,38.76284722222222
2023-06-13,Delhi_AnandVihar_2023-10-01_2023-11-30,53.803030303030305,282.0113636363636,87.17812500000001,17.84236111111111,1.6075757575757577,8.968055555555557,8.968055555555557
2023-06-13,Kolkata_Victoria_2023-10-01_2023-11-30,31.508333333333336,70.64583333333333,16.240972222222222,5.142777777777778,0.2586805555555555,52.450520833333336,52.450520833333336
2023-06-13,Mumbai_Bandra_2023-10-01_2023-11-30,,,,,,,
2023-06-14,Chennai_Alandur_2023-10-01_2023-11-30,45.316875,69.71885416666667,82.71534722222222,1.9483680555555554,1.4682638888888888,38.597743055555554,38.597743055555554
2023-06-14,Delhi_AnandVihar_2023-10-01_2023-11-30,47.72727272727273,254.6590909090909,83.99305555555556,44.925000000000004,1.8333333333333333,8.81423611111111,8.81423611111111
2023-06-14,Kolkata_Victoria_2023-10-01_2023-11-30,30.540625000000002,67.81458333333333,15.23826388888889,4.860520833333333,0.21621527777777774,61.33916666666667,61.33916666666667
2023-06-14,Mumbai_Bandra_2023-10-01_2023-11-30,,,,,,,
2023-06-15,Chennai_Alandur_2023-10-01_2023-11-30,53.33381944444445,82.05107638888889,84.34690972222222,2.400902777777778,1.5463888888888888,41.07194444444445,41.07194444444445
2023-06-15,Delhi_AnandVihar_2023-10-01_2023-11-30,45.640151515151516,207.70454545454547,96.09131944444444,16.668055555555554,2.9981481481481485,9.792361111111111,9.792361111111111
2023-06-15,Kolkata_Victoria_2023-10-01_2023-11-30,26.488194444444446,70.10902777777777,16.988333333333333,4.819930555555556,0.19645833333333332,49.50142361111111,49.50142361111111
2023-06-15,Mumbai_Bandra_2023-10-01_2023-11-30,,,,,,,
2023-06-16,Chennai_Alandur_2023-10-01_2023-11-30,46.574305555555554,71.64559027777777,133.29400793650794,2.850688405797101,0.8401736111111111,38.24059027777778,38.24059027777778
2023-06-16,Delhi_AnandVihar_2023-10-01_2023-11-30,45.822916666666664,170.20833333333334,87.57407407407408,21.75601851851852,3.6944444444444446,8.785416666666666,8.785416666666666
2023-06-16,Kolkata_Victoria_2023-10-01_2023-11-30,24.870833333333334,73.515625,21.524285714285714,4.311944444444444,0.12399305555555555,44.31548611111111,44.31548611111111
2023-06-16,Mumbai_Bandra_2023-10-01_2023-11-30,,,,,,,
2023-06-17,Chennai_Alandur_2023-10-01_2023-11-30,48.53993055555555,74.67829861111112,70.80701388888889,1.5782575757575756,1.0318055555555554,39.52506944444445,39.52506944444445
2023-06-17,Delhi_AnandVihar_2023-10-01_2023-11-30,62.895833333333336,197.27083333333334,88.809375,16.29652777777778,4.265909090909091,8.342708333333333,8.342708333333333
2023-06-17,Kolkata_Victoria_2023-10-01_2023-11-30,24.296875,67.01979166666666,14.565138888888889,4.626527777777778,0.12434027777777777,39.32277777777778,39.32277777777778
2023-06-17,Mumbai_Bandra_2023-10-01_2023-11-30,,,,,,,
2023-06-18,Chennai_Alandur_2023-10-01_2023-11-30,39.654895833333335,61.00642361111111,48.86173611111111,2.372986111111111,1.8396180555555555,37.00840277777778,37.00840277777778
2023-06-18,Delhi_AnandVihar_2023-10-01_2023-11-30,40.541666666666664,116.859375,56.06911764705882,12.781372549019608,1.6416666666666666,15.64264705882353,15.64264705882353
2023-06-18,Kolkata_Victoria_2023-10-01_2023-11-30,19.704166666666666,61.203125,10.811944444444444,4.5428125,0.17871527777777776,35.071875,35.071875
2023-06-18,Mumbai_Bandra_2023-10-01_2023-11-30,,,,,,,
2023-06-19,Chennai_Alandur_2023-10-01_2023-11-30,29.424513888888892,45.26677083333333,101.09708333333333,3.2554513888888885,1.3941666666666668,38.04871527777778,38.04871527777778
2023-06-19,Delhi_AnandVihar_2023-10-01_2023-11-30,51.63095238095239,158.81547619047618,97.96785714285714,11.786309523809523,2.1982142857142857,5.494642857142857,5.494642857142857
2023-06-19,Kolkata_Victoria_2023-10-01_2023-11-30,18.857407407407408,48.60909090909092,20.69531746031746,4.312407407407408,0.24991228070175436,30.515793650793654,30.515793650793654
2023-06-19,Mumbai_Bandra_2023-10-01_2023-11-30,,,,,,,
2023-06-20,Chennai_Alandur_2023-10-01_2023-11-30,32.08756944444445,49.36881944444445,76.38940972222223,2.5255555555555556,1.2764236111111111,36.9034375,36.9034375
2023-06-20,Delhi_AnandVihar_2023-10-01_2023-11-30,49.246212121212125,133.02173913043478,61.653124999999996,15.579924242424243,1.7822916666666666,15.81388888888889,15.81388888888889
2023-06-20,Kolkata_Victoria_2023-10-01_2023-11-30,21.155555555555555,48.872569444444444,15.373576388888887,4.705694444444444,0.21881944444444446,24.502916666666668,24.502916666666668
2023-06-20,Mumbai_Bandra_2023-10-01_2023-11-30,,,,,,,
2023-06-21,Chennai_Alandur_2023-10-01_2023-11-30,39.69795138888889,61.057812500000004,59.66677083333334,2.496840277777778,2.2558333333333334,38.794583333333335,38.794583333333335
2023-06-21,Delhi_AnandVihar_2023-10-01_2023-11-30,41.40277777777778,135.30208333333334,97.24270833333333,15.328508771929824,2.0638888888888887,15.021527777777777,15.021527777777777
2023-06-21,Kolkata_Victoria_2023-10-01_2023-11-30,18.00486111111111,45.96145833333333,16.14638888888889,4.421666666666667,0.31038194444444445,23.91673611111111,23.91673611111111
2023-06-21,Mumbai_Bandra_2023-10-01_2023-11-30,,,,,,,
2023-06-22,Chennai_Alandur_2023-10-01_2023-11-30,55.85927083333333,85.93743055555557,78.14472222222223,3.071909722222222,1.6381944444444445,37.894375000000004,37.894375000000004
2023-06-22,Delhi_AnandVihar_2023-10-01_2023-11-30,59.794444444444444,224.51666666666668,113.37254901960785,14.6796875,2.1044444444444443,23.275000000000002,23.275000000000002
2023-06-22,Kolkata_Victoria_2023-10-01_2023-11-30,19.01159420289855,44.00036231884058,15.22086956521739,4.901770833333333,0.3052430555555556,22.640978260869563,22.640978260869563
2023-06-22,Mumbai_Bandra_2023-10-01_2023-11-30,,,,,,,
2023-06-23,Chennai_Alandur_2023-10-01_2023-11-30,47.259479166666665,72.70947916666667,69.78621527777777,2.7715625,1.8416666666666668,38.28256944444444,38.28256944444444
2023-06-23,Delhi_AnandVihar_2023-10-01_2023-11-30,56.97222222222222,196.20833333333334,97.21111111111111,14.507894736842104,2.682986111111111,15.881884057971016,15.881884057971016
2023-06-23,Kolkata_Victoria_2023-10-01_2023-11-30,12.129861111111111,24.66909722222222,13.077118055555557,4.476354166666667,0.2804513888888889,24.216631944444444,24.216631944444444
2023-06-23,Mumbai_Bandra_2023-10-01_2023-11-30,,,,,,,
2023-06-24,Chennai_Alandur_2023-10-01_2023-11-30,40.38538194444445,62.13065972222222,75.7226736111111,3.4427430555555554,1.4620138888888887,38.15135416666667,38.15135416666667
2023-06-24,Delhi_AnandVihar_2023-10-01_2023-11-30,49.325,162.82916666666668,79.62301587301587,21.828968253968256,2.1412500000000003,25.48412698412698,25.48412698412698
2023-06-24,Kolkata_Victoria_2023-10-01_2023-11-30,10.303819444444445,23.589583333333334,16.663854166666667,4.748055555555555,0.3514583333333334,23.280555555555555,23.280555555555555
2023-06-24,Mumbai_Bandra_2023-10-01_2023-11-30,,,,,,,
2023-06-25,Chennai_Alandur_2023-10-01_2023-11-30,53.56312500000001,82.40597222222222,68.79510416666666,2.8905902777777777,1.905347222222222,40.25229166666667,40.25229166666667
2023-06-25,Delhi_AnandVihar_2023-10-01_2023-11-30,34.729166666666664,61.0625,78.65208333333334,15.762152777777779,1.9312500000000001,19.414583333333333,19.414583333333333
2023-06-25,Kolkata_Victoria_2023-10-01_2023-11-30,7.078472222222222,22.579166666666666,11.631666666666668,4.636979166666667,0.3253819444444444,26.706145833333334,26.706145833333334
2023-06-25,Mumbai_Bandra_2023-10-01_2023-11-30,,,,,,,
2023-06-26,Chennai_Alandur_2023-10-01_2023-11-30,41.69253787878788,64.13545454545455,61.33992424242424,3.0294696969696973,1.7604166666666665,38.33655303030303,38.33655303030303
2023-06-26,Delhi_AnandVihar_2023-10-01_2023-11-30,54.98863636363637,130.11363636363637,64.24756944444444,16.740972222222222,2.4282608695652175,23.561111111111114,23.561111111111114
2023-06-26,Kolkata_Victoria_2023-10-01_2023-11-30,9.131597222222222,19.750694444444445,13.792499999999999,4.7676388888888885,0.36079861111111106,27.974722222222223,27.974722222222223
2023-06-26,Mumbai_Bandra_2023-10-01_2023-11-30,,,,,,,
2023-06-27,Chennai_Alandur_2023-10-01_2023-11-30,41.61177083333333,64.01923611111111,61.13715277777778,2.7914583333333334,2.201909722222222,39.33795138888889,39.33795138888889
2023-06-27,Delhi_AnandVihar_2023-10-01_2023-11-30,45.78125,131.05208333333334,75.2375,20.835069444444446,2.9277777777777776,18.84826388888889,18.84826388888889
2023-06-27,Kolkata_Victoria_2023-10-01_2023-11-30,8.88586956521739,23.767391304347825,11.590972222222222,4.905694444444444,0.31232638888888886,25.053397435897434,25.053397435897434
2023-06-27,Mumbai_Bandra_2023-10-01_2023-11-30,,,,,,,
2023-06-28,Chennai_Alandur_2023-10-01_2023-11-30,31.548958333333335,48.53576388888889,62.68965277777778,2.717777777777778,1.6480902777777777,38.343472222222225,38.343472222222225
2023-06-28,Delhi_AnandVihar_2023-10-01_2023-11-30,42.59027777777778,156.28125,125.50104166666667,15.924305555555556,3.2315972222222222,27.121875,27.121875
2023-06-28,Kolkata_Victoria_2023-10-01_2023-11-30,8.928125,26.504166666666666,12.693090277777777,4.5946875,0.3227777777777778,24.40833333333333,24.40833333333333
2023-06-28,Mumbai_Bandra_2023-10-01_2023-11-30,,,,,,,
2023-06-29,Chennai_Alandur_2023-10-01_2023-11-30,28.204340277777778,43.39072916666667,105.64069444444443,3.161159420289855,1.1855208333333334,38.95739583333333,38.95739583333333
2023-06-29,Delhi_AnandVihar_2023-10-01_2023-11-30,45.486111111111114,119.35416666666667,157.36006944444446,15.923611111111109,3.0788194444444446,22.052430555555556,22.052430555555556
2023-06-29,Kolkata_Victoria_2023-10-01_2023-11-30,14.330208333333333,43.699999999999996,11.156458333333333,4.493541666666666,0.3486458333333333,23.5684375,23.5684375
2023-06-29,Mumbai_Bandra_2023-10-01_2023-11-30,,,,,,,
2023-06-30,Chennai_Alandur_2023-10-01_2023-11-30,30.0540625,46.233958333333334,73.67916666666666,2.822536231884058,1.0039583333333333,38.80753472222222,38.80753472222222
2023-06-30,Delhi_AnandVihar_2023-10-01_2023-11-30,32.89236111111111,76.40625,159.95520833333333,13.663541666666667,3.0684027777777776,29.25326086956522,29.25326086956522
2023-06-30,Kolkata_Victoria_2023-10-01_2023-11-30,19.20277777777778,47.60902777777778,12.262152777777779,4.434965277777778,0.32819444444444446,24.925451388888888,24.925451388888888
2023-06-30,Mumbai_Bandra_2023-10-01_2023-11-30,,,,,,,
2023-07-01,Chennai_Alandur_2023-10-01_2023-11-30,38.26732638888889,58.85454861111111,61.53069444444444,2.831287878787879,1.5624652777777779,38.1690625,38.1690625
2023-07-01,Delhi_AnandVihar_2023-10-01_2023-11-30,30.904761904761905,99.75,143.51666666666665,16.875396825396827,2.6952380952380954,30.529583333333335,30.529583333333335
2023-07-01,Kolkata_Victoria_2023-10-01_2023-11-30,14.930902777777776,39.415625,11.961909722222222,4.528506944444445,0.3176736111111111,23.096388888888885,23.096388888888885
2023-07-01,Mumbai_Bandra_2023-10-01_2023-11-30,,,,,,,
2023-07-02,Chennai_Alandur_2023-10-01_2023-11-30,42.071041666666666,64.72760416666667,54.84604166666667,2.919791666666667,0.9007291666666667,38.37083333333333,38.37083333333333
2023-07-02,Delhi_AnandVihar_2023-10-01_2023-11-30,42.87847222222222,163.78125,194.74479166666666,18.70072463768116,1.7239583333333333,28.73229166666667,28.73229166666667
2023-07-02,Kolkata_Victoria_2023-10-01_2023-11-30,18.727430555555554,50.58090277777777,9.196041666666668,4.285347222222222,0.2602777777777778,32.48802083333333,32.48802083333333
2023-07-02,Mumbai_Bandra_2023-10-01_2023-11-30,,,,,,,
2023-07-03,Chennai_Alandur_2023-10-01_2023-11-30,38.850659722222225,59.77059027777778,51.20635416666667,3.4090624999999997,0.7324652777777777,38.469548611111115,38.469548611111115
2023-07-03,Delhi_AnandVihar_2023-10-01_2023-11-30,60.69444444444445,180.67708333333334,248.33124999999998,15.453125,2.227777777777778,23.243055555555554,23.243055555555554
2023-07-03,Kolkata_Victoria_2023-10-01_2023-11-30,15.01159420289855,42.8231884057971,9.483680555555555,4.6975378787878785,0.3290942028985507,23.90666666666667,23.90666666666667
2023-07-03,Mumbai_Bandra_2023-10-01_2023-11-30,,,,,,,
2023-07-04,Chennai_Alandur_2023-10-01_2023-11-30,37.989270833333336,58.443784722222226,58.121388888888895,3.0908333333333338,0.7594791666666666,38.15236111111111,38.15236111111111
2023-07-04,Delhi_AnandVihar_2023-10-01_2023-11-30,52.06597222222222,129.79166666666666,211.96944444444443,14.277651515151517,1.9086805555555555,15.3125,15.3125
2023-07-04,Kolkata_Victoria_2023-10-01_2023-11-30,10.886111111111111,33.43055555555556,10.719166666666666,5.033333333333333,0.3043402777777778,16.7409375,16.7409375
2023-07-04,Mumbai_Bandra_2023-10-01_2023-11-30,,,,,,,
2023-07-05,Chennai_Alandur_2023-10-01_2023-11-30,35.3257196969697,54.27284090909091,73.47488636363636,3.559810606060606,0.8193181818181817,37.88878787878787,37.88878787878787
2023-07-05,Delhi_AnandVihar_2023-10-01_2023-11-30,41.125,75.64473684210526,166.43159722222222,18.31060606060606,1.5215277777777778,24.398958333333336,24.398958333333336
2023-07-05,Kolkata_Victoria_2023-10-01_2023-11-30,8.333695652173914,27.134057971014496,11.876884057971015,5.1719202898550725,0.3260763888888889,16.628625,16.628625
2023-07-05,Mumbai_Bandra_2023-10-01_2023-11-30,,,,,,,
2023-07-06,Chennai_Alandur_2023-10-01_2023-11-30,36.55076388888889,56.233125,63.05767361111111,3.8108333333333335,0.7017013888888889,38.12996527777778,38.12996527777778
2023-07-06,Delhi_AnandVihar_2023-10-01_2023-11-30,32.67460317460317,,176.18174603174603,17.788425925925925,3.3361111111111112,14.774206349206349,14.774206349206349
2023-07-06,Kolkata_Victoria_2023-10-01_2023-11-30,8.43125,39.53854166666667,13.398506944444444,4.777326388888889,0.24100694444444445,12.81173076923077,12.81173076923077
2023-07-06,Mumbai_Bandra_2023-10-01_2023-11-30,,,,,,,
2023-07-07,Chennai_Alandur_2023-10-01_2023-11-30,43.37017361111111,66.72322916666667,117.38583333333334,3.2624305555555555,0.8664236111111111,38.61048611111111,38.61048611111111
2023-07-07,Delhi_AnandVihar_2023-10-01_2023-11-30,34.233333333333334,82.125,186.5875,16.207738095238096,1.5410714285714284,12.403571428571428,12.403571428571428
2023-07-07,Kolkata_Victoria_2023-10-01_2023-11-30,10.085416666666665,43.28333333333333,11.860347222222222,4.443611111111111,0.22934027777777777,16.813576388888887,16.813576388888887
2023-07-07,Mumbai_Bandra_2023-10-01_2023-11-30,,,,,,,
2023-07-08,Chennai_Alandur_2023-10-01_2023-11-30,42.09319444444444,64.75798611111111,73.07850694444444,3.844513888888889,0.9641319444444445,38.48204861111111,38.48204861111111
2023-07-08,Delhi_AnandVihar_2023-10-01_2023-11-30,30.15,56.24166666666666,192.85795454545453,17.857142857142858,1.847348484848485,24.413636363636364,24.413636363636364
2023-07-08,Kolkata_Victoria_2023-10-01_2023-11-30,8.498958333333333,40.85520833333333,10.064965277777778,5.225868055555556,0.18465277777777778,22.807326388888892,22.807326388888892
2023-07-08,Mumbai_Bandra_2023-10-01_2023-11-30,,,,,,,
2023-07-09,Chennai_Alandur_2023-10-01_2023-11-30,32.89256944444445,50.60496527777778,55.945625,2.9893750000000003,0.8363541666666667,41.25642361111111,41.25642361111111
2023-07-09,Delhi_AnandVihar_2023-10-01_2023-11-30,27.77777777777778,44.22727272727273,102.596875,15.931818181818182,1.320486111111111,17.330555555555556,17.330555555555556
2023-07-09,Kolkata_Victoria_2023-10-01_2023-11-30,16.612152777777776,53.253125000000004,8.206041666666666,5.319409722222223,0.1767361111111111,29.371284722222224,29.371284722222224
2023-07-09,Mumbai_Bandra_2023-10-01_2023-11-30,,,,,,,
2023-07-10,Chennai_Alandur_2023-10-01_2023-11-30,30.565381944444443,47.02079861111111,55.35177083333334,3.024652777777778,1.0117708333333333,39.902881944444445,39.902881944444445
2023-07-10,Delhi_AnandVihar_2023-10-01_2023-11-30,32.78125,52.489583333333336,114.56041666666665,22.523863636363636,1.6079861111111111,38.92644927536232,38.92644927536232
2023-07-10,Kolkata_Victoria_2023-10-01_2023-11-30,14.642857142857142,59.918749999999996,10.453888888888889,4.405243055555556,0.21020833333333333,27.390659722222225,27.390659722222225
2023-07-10,Mumbai_Bandra_2023-10-01_2023-11-30,,,,,,,
2023-07-11,Chennai_Alandur_2023-10-01_2023-11-30,39.105555555555554,60.161875,61.186909722222225,3.4843055555555558,1.044513888888889,37.67743055555555,37.67743055555555
2023-07-11,Delhi_AnandVihar_2023-10-01_2023-11-30,35.302083333333336,100.10416666666667,107.04270833333334,19.175694444444446,1.8989583333333335,18.413541666666667,18.413541666666667
2023-07-11,Kolkata_Victoria_2023-10-01_2023-11-30,18.25151515151515,43.01477272727273,9.706319444444444,5.186195652173913,0.17895833333333333,18.80815972222222,18.80815972222222
2023-07-11,Mumbai_Bandra_2023-10-01_2023-11-30,,,,,,,
2023-07-12,Chennai_Alandur_2023-10-01_2023-11-30,43.7790625,67.34965277777778,61.63854166666667,3.373194444444444,0.9727777777777779,39.01402777777778,39.01402777777778
2023-07-12,Delhi_AnandVihar_2023-10-01_2023-11-30,27.836805555555557,110.40625,74.05972222222222,18.01746031746032,3.365625,19.087500000000002,19.087500000000002
2023-07-12,Kolkata_Victoria_2023-10-01_2023-11-30,14.637500000000001,32.82986111111111,10.070555555555556,4.787638888888889,0.20604166666666668,14.15986111111111,14.15986111111111
2023-07-12,Mumbai_Bandra_2023-10-01_2023-11-30,,,,,,,
2023-07-13,Chennai_Alandur_2023-10-01_2023-11-30,36.5753125,56.27256944444445,134.24673611111112,3.4445833333333336,2.3901041666666667,39.10208333333333,39.10208333333333
2023-07-13,Delhi_AnandVihar_2023-10-01_2023-11-30,26.71875,93.96875,65.18472222222222,17.13088235294118,3.276851851851852,17.649537037037035,17.649537037037035
2023-07-13,Kolkata_Victoria_2023-10-01_2023-11-30,13.354166666666666,25.852083333333336,10.105659722222223,4.762152777777778,0.2229861111111111,15.219965277777776,15.219965277777776
2023-07-13,Mumbai_Bandra_2023-10-01_2023-11-30,,,,,,,
2023-07-14,Chennai_Alandur_2023-10-01_2023-11-30,40.55311594202899,62.38840579710145,102.28431159420289,3.2708333333333335,1.3611594202898551,38.69079710144928,38.69079710144928
2023-07-14,Delhi_AnandVihar_2023-10-01_2023-11-30,,,,,,,
2023-07-14,Kolkata_Victoria_2023-10-01_2023-11-30,24.95625,43.37083333333334,12.343090277777778,4.588854166666667,0.29333333333333333,24.129583333333333,24.129583333333333
2023-07-14,Mumbai_Bandra_2023-10-01_2023-11-30,,,,,,,
2023-07-15,Chennai_Alandur_2023-10-01_2023-11-30,39.730694444444445,61.123263888888886,104.43621527777778,3.4414583333333333,1.0415625,38.738437499999996,38.738437499999996
2023-07-15,Delhi_AnandVihar_2023-10-01_2023-11-30,,,,,,,
2023-07-15,Kolkata_Victoria_2023-10-01_2023-11-30,20.744444444444444,32.98888888888889,12.429083333333335,4.390740740740741,0.30833333333333335,15.1475,15.1475
2023-07-15,Mumbai_Bandra_2023-10-01_2023-11-30,,,,,,,
2023-07-16,Chennai_Alandur_2023-10-01_2023-11-30,42.820972222222224,65.86159722222222,89.11215277777778,2.825625,1.2584375,38.926944444444445,38.926944444444445
2023-07-16,Delhi_AnandVihar_2023-10-01_2023-11-30,,,,,,,
2023-07-16,Kolkata_Victoria_2023-10-01_2023-11-30,13.922222222222222,27.12048611111111,10.90625,4.7534374999999995,0.31892361111111106,20.47263888888889,20.47263888888889
2023-07-16,Mumbai_Bandra_2023-10-01_2023-11-30,,,,,,,
2023-07-17,Chennai_Alandur_2023-10-01_2023-11-30,48.10618055555556,74.0098611111111,97.1270486111111,3.4307986111111113,1.4991666666666665,38.80590277777778,38.80590277777778
2023-07-17,Delhi_AnandVihar_2023-10-01_2023-11-30,,,,,,,
2023-07-17,Kolkata_Victoria_2023-10-01_2023-11-30,14.838541666666666,27.065625,11.887465277777778,4.9521875,0.3680208333333333,18.15545138888889,18.15545138888889
2023-07-17,Mumbai_Bandra_2023-10-01_2023-11-30,,,,,,,
2023-07-18,Chennai_Alandur_2023-10-01_2023-11-30,56.34611111111111,86.63291666666667,109.06559027777779,3.103125,1.8635069444444445,38.64756944444444,38.64756944444444
2023-07-18,Delhi_AnandVihar_2023-10-01_2023-11-30,,,,,,,
2023-07-18,Kolkata_Victoria_2023-10-01_2023-11-30,13.716666666666667,28.960416666666664,10.251076388888889,4.589444444444444,0.3221527777777778,17.819375,17.819375
2023-07-18,Mumbai_Bandra_2023-10-01_2023-11-30,,,,,,,
2023-07-19,Chennai_Alandur_2023-10-01_2023-11-30,51.04447916666667,78.53368055555556,125.57420289855074,2.3120486111111114,1.1596527777777779,38.15197916666667,38.15197916666667
2023-07-19,Delhi_AnandVihar_2023-10-01_2023-11-30,,,,,,,
2023-07-19,Kolkata_Victoria_2023-10-01_2023-11-30,11.802651515151513,28.8625,11.099166666666667,4.255113636363636,0.3406439393939394,17.838863636363637,17.838863636363637
2023-07-19,Mumbai_Bandra_2023-10-01_2023-11-30,,,,,,,
2023-07-20,Chennai_Alandur_2023-10-01_2023-11-30,60.684895833333336,93.36149305555556,114.46520833333334,2.1312847222222224,1.0057291666666666,37.36868055555556,37.36868055555556
2023-07-20,Delhi_AnandVihar_2023-10-01_2023-11-30,43.416666666666664,120.2962962962963,75.64166666666667,16.572222222222223,2.5250000000000004,10.288888888888888,10.288888888888888
2023-07-20,Kolkata_Victoria_2023-10-01_2023-11-30,11.483333333333334,29.178985507246377,13.663257575757575,4.663623188405797,0.2754861111111111,18.16340579710145,18.16340579710145
2023-07-20,Mumbai_Bandra_2023-10-01_2023-11-30,,,,,,,
2023-07-21,Chennai_Alandur_2023-10-01_2023-11-30,63.188159722222224,97.21097222222222,107.0051736111111,1.9545138888888889,1.1854861111111112,37.51864583333333,37.51864583333333
2023-07-21,Delhi_AnandVihar_2023-10-01_2023-11-30,55.99122807017543,185.10526315789474,68.64920634920635,17.35674603174603,3.099206349206349,15.59875,15.59875
2023-07-21,Kolkata_Victoria_2023-10-01_2023-11-30,6.253125,26.936805555555555,13.24767361111111,4.715729166666667,0.29239583333333335,18.56545138888889,18.56545138888889
2023-07-21,Mumbai_Bandra_2023-10-01_2023-11-30,,,,,,,
2023-07-22,Chennai_Alandur_2023-10-01_2023-11-30,47.95260416666667,73.77204861111112,93.16069444444445,2.035902777777778,1.5078472222222221,37.10496527777778,37.10496527777778
2023-07-22,Delhi_AnandVihar_2023-10-01_2023-11-30,25.035714285714285,106.46428571428571,46.13333333333334,19.43125,0.8783333333333333,6.1049999999999995,6.1049999999999995
2023-07-22,Kolkata_Victoria_2023-10-01_2023-11-30,7.185416666666666,30.78090277777778,12.15545138888889,4.379166666666666,0.3178472222222222,15.5528125,15.5528125
2023-07-22,Mumbai_Bandra_2023-10-01_2023-11-30,,,,,,,
2023-07-23,Chennai_Alandur_2023-10-01_2023-11-30,29.944305555555555,46.067638888888894,57.921423611111116,2.452256944444444,1.3620833333333333,37.50770833333333,37.50770833333333
2023-07-23,Delhi_AnandVihar_2023-10-01_2023-11-30,30.71590909090909,79.08333333333333,84.22118055555556,14.658333333333333,1.6500000000000001,9.429166666666667,9.429166666666667
2023-07-23,Kolkata_Victoria_2023-10-01_2023-11-30,6.514236111111111,26.665625000000002,11.886249999999999,4.829305555555556,0.26163194444444443,17.946319444444445,17.946319444444445
2023-07-23,Mumbai_Bandra_2023-10-01_2023-11-30,,,,,,,
2023-07-24,Chennai_Alandur_2023-10-01_2023-11-30,33.28243055555556,51.19920138888889,84.1504861111111,2.362951388888889,0.9784722222222223,38.17135416666667,38.17135416666667
2023-07-24,Delhi_AnandVihar_2023-10-01_2023-11-30,26.097826086956523,73.67391304347827,64.12678571428572,13.480072463768117,1.558695652173913,8.758695652173913,8.758695652173913
2023-07-24,Kolkata_Victoria_2023-10-01_2023-11-30,8.167361111111111,30.88611111111111,15.667777777777777,4.7174652777777775,0.3527777777777778,15.965833333333334,15.965833333333334
2023-07-24,Mumbai_Bandra_2023-10-01_2023-11-30,,,,,,,
2023-07-25,Chennai_Alandur_2023-10-01_2023-11-30,25.20693181818182,38.80162878787879,89.63352272727273,2.483257575757576,0.980530303030303,36.91924242424243,36.91924242424243
2023-07-25,Delhi_AnandVihar_2023-10-01_2023-11-30,34.697916666666664,82.75,60.11666666666667,17.07638888888889,1.195,9.406884057971014,9.406884057971014
2023-07-25,Kolkata_Victoria_2023-10-01_2023-11-30,6.828472222222222,27.350347222222222,15.152534722222223,4.843368055555556,0.3095486111111111,14.331666666666665,14.331666666666665
2023-07-25,Mumbai_Bandra_2023-10-01_2023-11-30,,,,,,,
2023-07-26,Chennai_Alandur_2023-10-01_2023-11-30,32.336215277777775,49.74625,75.15409722222222,2.567951388888889,0.8469791666666667,37.055590277777775,37.055590277777775
2023-07-26,Delhi_AnandVihar_2023-10-01_2023-11-30,34.388888888888886,64.13636363636364,76.82875,14.341666666666667,2.498076923076923,15.445833333333333,15.445833333333333
2023-07-26,Kolkata_Victoria_2023-10-01_2023-11-30,8.534782608695652,39.4427536231884,13.939965277777778,4.305579710144928,0.3061805555555555,16.101485507246377,16.101485507246377
2023-07-26,Mumbai_Bandra_2023-10-01_2023-11-30,,,,,,,
2023-07-27,Chennai_Alandur_2023-10-01_2023-11-30,38.32145833333333,58.960347222222225,62.16975694444444,2.168715277777778,0.885798611111111,38.27534722222222,38.27534722222222
2023-07-27,Delhi_AnandVihar_2023-10-01_2023-11-30,46.18421052631579,158.72368421052633,99.39078947368421,15.480833333333333,,22.18421052631579,22.18421052631579
2023-07-27,Kolkata_Victoria_2023-10-01_2023-11-30,9.318402777777777,28.597916666666666,13.256388888888887,4.844062500000001,0.2682291666666667,19.282881944444444,19.282881944444444
2023-07-27,Mumbai_Bandra_2023-10-01_2023-11-30,,,,,,,
2023-07-28,Chennai_Alandur_2023-10-01_2023-11-30,50.32423611111111,77.42298611111111,124.91851449275363,2.9694696969696968,0.9751388888888889,36.82555555555555,36.82555555555555
2023-07-28,Delhi_AnandVihar_2023-10-01_2023-11-30,29.36111111111111,59.666666666666664,40.55833333333333,16.78055555555555,1.5833333333333333,15.631481481481481,15.631481481481481
2023-07-28,Kolkata_Victoria_2023-10-01_2023-11-30,6.097222222222222,23.632638888888888,14.137500000000001,4.819097222222222,0.3075347222222222,20.236458333333335,20.236458333333335
2023-07-28,Mumbai_Bandra_2023-10-01_2023-11-30,,,,,,,
2023-07-29,Chennai_Alandur_2023-10-01_2023-11-30,45.407222222222224,69.85253472222222,84.75635416666667,2.031485507246377,1.0569791666666666,37.781666666666666,37.781666666666666
2023-07-29,Delhi_AnandVihar_2023-10-01_2023-11-30,24.23913043478261,67.65217391304348,46.43208333333333,11.178125,1.2727272727272727,18.371031746031743,18.371031746031743
2023-07-29,Kolkata_Victoria_2023-10-01_2023-11-30,9.729861111111111,27.767013888888886,11.606736111111111,5.1831249999999995,0.38458333333333333,18.820555555555554,18.820555555555554
2023-07-29,Mumbai_Bandra_2023-10-01_2023-11-30,,,,,,,
2023-07-30,Chennai_Alandur_2023-10-01_2023-11-30,35.66704861111111,54.87444444444444,52.75211805555555,2.6819565217391306,0.9284722222222221,38.17715277777778,38.17715277777778
2023-07-30,Delhi_AnandVihar_2023-10-01_2023-11-30,35.40625,154.375,87.42604166666666,13.027777777777779,1.4659090909090908,10.097916666666666,10.097916666666666
2023-07-30,Kolkata_Victoria_2023-10-01_2023-11-30,10.176041666666666,31.333333333333332,13.81048611111111,4.850119047619048,0.2008333333333333,21.09673611111111,21.09673611111111
2023-07-30,Mumbai_Bandra_2023-10-01_2023-11-30,,,,,,,
2023-07-31,Chennai_Alandur_2023-10-01_2023-11-30,35.514201388888885,54.636631944444446,63.376805555555556,3.227310606060606,1.2422916666666668,38.60496527777778,38.60496527777778
2023-07-31,Delhi_AnandVihar_2023-10-01_2023-11-30,61.447916666666664,296.0520833333333,103.04062499999999,13.449305555555556,1.1772727272727272,10.178125,10.178125
2023-07-31,Kolkata_Victoria_2023-10-01_2023-11-30,20.899652777777778,48.74166666666667,16.28559027777778,4.940659722222223,0.28399305555555554,26.88611111111111,26.88611111111111
2023-07-31,Mumbai_Bandra_2023-10-01_2023-11-30,,,,,,,
2023-08-01,Chennai_Alandur_2023-10-01_2023-11-30,43.60836805555556,67.08989583333333,84.19315972222222,2.322013888888889,1.100451388888889,37.32378472222222,37.32378472222222
2023-08-01,Delhi_AnandVihar_2023-10-01_2023-11-30,43.03125,272.6979166666667,93.04340277777777,15.50798611111111,1.1871527777777777,9.382291666666667,9.382291666666667
2023-08-01,Kolkata_Victoria_2023-10-01_2023-11-30,13.225,30.248611111111114,16.63715277777778,4.699618055555556,0.2714236111111111,26.023506944444446,26.023506944444446
2023-08-01,Mumbai_Bandra_2023-10-01_2023-11-30,,,,,,,
2023-08-02,Chennai_Alandur_2023-10-01_2023-11-30,50.41621527777778,77.56072916666666,93.39055555555557,2.23375,0.8470138888888888,37.30916666666666,37.30916666666666
2023-08-02,Delhi_AnandVihar_2023-10-01_2023-11-30,40.69927536231884,285.0652173913044,91.8891304347826,15.004710144927538,0.9138888888888889,7.690972222222222,7.690972222222222
2023-08-02,Kolkata_Victoria_2023-10-01_2023-11-30,10.003409090909091,21.717424242424244,14.404722222222222,4.511780303030303,0.18264492753623185,18.777644927536233,18.777644927536233
2023-08-02,Mumbai_Bandra_2023-10-01_2023-11-30,,,,,,,
2023-08-03,Chennai_Alandur_2023-10-01_2023-11-30,56.09607638888889,86.30055555555555,69.00194444444445,3.2511231884057974,1.5325694444444444,37.268269230769235,37.268269230769235
2023-08-03,Delhi_AnandVihar_2023-10-01_2023-11-30,55.911458333333336,361.7760416666667,94.00364583333334,17.284375,1.10625,11.866666666666667,11.866666666666667
2023-08-03,Kolkata_Victoria_2023-10-01_2023-11-30,15.986111111111112,41.90694444444444,16.68607638888889,4.594305555555556,0.18809027777777776,21.4525,21.4525
2023-08-03,Mumbai_Bandra_2023-10-01_2023-11-30,,,,,,,
2023-08-04,Chennai_Alandur_2023-10-01_2023-11-30,42.29423611111111,65.07166666666667,52.00694444444445,4.0510069444444445,2.7681597222222223,,
2023-08-04,Delhi_AnandVihar_2023-10-01_2023-11-30,44.708333333333336,179.81944444444446,74.2671568627451,13.329901960784312,0.8661764705882353,,
2023-08-04,Kolkata_Victoria_2023-10-01_2023-11-30,17.907291666666666,51.942708333333336,20.615069444444444,4.764826388888889,0.18704861111111112,24.532534722222223,24.532534722222223
2023-08-04,Mumbai_Bandra_2023-10-01_2023-11-30,,,,,,,
2023-08-05,Chennai_Alandur_2023-10-01_2023-11-30,43.845625000000005,67.4540625,47.89611111111111,3.357291666666667,1.5397569444444443,37.912371794871795,37.912371794871795
2023-08-05,Delhi_AnandVihar_2023-10-01_2023-11-30,53.458333333333336,171.5,83.69398148148149,14.838425925925925,1.0921296296296295,,
2023-08-05,Kolkata_Victoria_2023-10-01_2023-11-30,19.633333333333333,52.54027777777778,16.776284722222222,4.680798611111111,0.2273263888888889,26.421770833333337,26.421770833333337
2023-08-05,Mumbai_Bandra_2023-10-01_2023-11-30,,,,,,,
2023-08-06,Chennai_Alandur_2023-10-01_2023-11-30,43.43385416666666,66.82135416666667,21.699305555555554,3.663854166666667,1.5375347222222222,31.612708333333334,31.612708333333334
2023-08-06,Delhi_AnandVihar_2023-10-01_2023-11-30,43.93055555555555,201.21875,80.41666666666667,14.55347222222222,1.2078703703703704,,
2023-08-06,Kolkata_Victoria_2023-10-01_2023-11-30,22.533680555555552,47.911458333333336,16.390520833333333,4.8388888888888895,0.25680555555555556,20.344965277777778,20.344965277777778
2023-08-06,Mumbai_Bandra_2023-10-01_2023-11-30,,,,,,,
2023-08-07,Chennai_Alandur_2023-10-01_2023-11-30,43.150312500000005,66.32270833333332,25.436562499999997,4.048484848484848,1.9147569444444443,31.36791666666667,31.36791666666667
2023-08-07,Delhi_AnandVihar_2023-10-01_2023-11-30,35.38636363636363,204.6590909090909,62.8325,16.1,0.475,,
2023-08-07,Kolkata_Victoria_2023-10-01_2023-11-30,22.70798611111111,45.40590277777778,18.56152777777778,4.613368055555555,0.31020833333333336,18.166354166666668,18.166354166666668
2023-08-07,Mumbai_Bandra_2023-10-01_2023-11-30,,,,,,,
2023-08-08,Chennai_Alandur_2023-10-01_2023-11-30,45.04826388888889,69.30447916666667,24.9328125,4.560104166666666,1.5524305555555555,30.691631944444442,30.691631944444442
2023-08-08,Delhi_AnandVihar_2023-10-01_2023-11-30,,,,,,,
2023-08-08,Kolkata_Victoria_2023-10-01_2023-11-30,28.32159090909091,58.993181818181824,23.16409722222222,4.711215277777778,0.34795138888888894,19.03802083333333,19.03802083333333
2023-08-08,Mumbai_Bandra_2023-10-01_2023-11-30,,,,,,,
2023-08-09,Chennai_Alandur_2023-10-01_2023-11-30,54.202777777777776,83.3865625,31.570381944444446,3.224340277777778,2.3943749999999997,31.670972222222222,31.670972222222222
2023-08-09,Delhi_AnandVihar_2023-10-01_2023-11-30,,,1.5812499999999998,0.775,1.9749999999999999,11.175,11.175
2023-08-09,Kolkata_Victoria_2023-10-01_2023-11-30,37.02708333333333,87.03020833333333,24.58704861111111,4.973020833333334,0.6326041666666667,21.669583333333335,21.669583333333335
2023-08-09,Mumbai_Bandra_2023-10-01_2023-11-30,,,,,,,
2023-08-10,Chennai_Alandur_2023-10-01_2023-11-30,41.780451388888885,64.27270833333334,40.13097222222222,3.8313194444444445,1.7819097222222222,28.474375,28.474375
2023-08-10,Delhi_AnandVihar_2023-10-01_2023-11-30,,,1.3197916666666667,0.8000000000000002,0.03,60.67604166666666,60.67604166666666
2023-08-10,Kolkata_Victoria_2023-10-01_2023-11-30,47.58020833333333,101.359375,28.352048611111112,5.000277777777778,0.5053472222222222,21.220555555555556,21.220555555555556
2023-08-10,Mumbai_Bandra_2023-10-01_2023-11-30,,,,,,,
2023-08-11,Chennai_Alandur_2023-10-01_2023-11-30,43.93295138888889,67.58916666666667,37.10427083333334,3.4010416666666665,1.4365277777777778,29.815729166666667,29.815729166666667
2023-08-11,Delhi_AnandVihar_2023-10-01_2023-11-30,,,1.348076923076923,0.8,0.030000000000000002,59.766666666666666,59.766666666666666
2023-08-11,Kolkata_Victoria_2023-10-01_2023-11-30,34.93333333333333,66.6125,20.789375,4.923784722222222,0.3345833333333333,34.24552083333334,34.24552083333334
2023-08-11,Mumbai_Bandra_2023-10-01_2023-11-30,,,,,,,
2023-08-12,Chennai_Alandur_2023-10-01_2023-11-30,40.81836805555556,62.798923611111114,40.26989583333333,3.4170486111111114,2.3453125,28.777395833333333,28.777395833333333
2023-08-12,Delhi_AnandVihar_2023-10-01_2023-11-30,64.68571428571428,398.0,63.739999999999995,7.158333333333333,1.2402777777777778,2.9666666666666663,2.9666666666666663
2023-08-12,Kolkata_Victoria_2023-10-01_2023-11-30,32.01354166666667,65.79375,18.640451388888888,4.807743055555556,0.3913194444444445,26.285694444444445,26.285694444444445
2023-08-12,Mumbai_Bandra_2023-10-01_2023-11-30,,,,,,,
2023-08-13,Chennai_Alandur_2023-10-01_2023-11-30,49.67965277777778,76.42930555555556,47.58711805555556,3.1401449275362316,1.7344791666666666,29.382743055555554,29.382743055555554
2023-08-13,Delhi_AnandVihar_2023-10-01_2023-11-30,127.66666666666667,86.2,55.265,12.584999999999999,1.6275,24.1275,24.1275
2023-08-13,Kolkata_Victoria_2023-10-01_2023-11-30,27.266666666666666,55.890625,16.526354166666668,4.869756944444444,0.3763888888888889,26.81652777777778,26.81652777777778
2023-08-13,Mumbai_Bandra_2023-10-01_2023-11-30,,,,,,,
2023-08-14,Chennai_Alandur_2023-10-01_2023-11-30,29.778611111111115,45.76618055555556,33.41854166666666,4.4236458333333335,1.7432638888888887,28.90125,28.90125
2023-08-14,Delhi_AnandVihar_2023-10-01_2023-11-30,147.0,,15.667083333333332,20.63888888888889,1.6520833333333333,29.520833333333332,29.520833333333332
2023-08-14,Kolkata_Victoria_2023-10-01_2023-11-30,36.3177536231884,78.3518115942029,15.985798611111113,4.957013888888889,0.3877777777777778,30.532013888888887,30.532013888888887
2023-08-14,Mumbai_Bandra_2023-10-01_2023-11-30,,,,,,,
2023-08-15,Chennai_Alandur_2023-10-01_2023-11-30,40.234027777777776,61.899375,26.630243055555553,3.2589583333333336,2.118611111111111,28.578333333333333,28.578333333333333
2023-08-15,Delhi_AnandVihar_2023-10-01_2023-11-30,95.28333333333333,219.8181818181818,2.0298611111111113,14.225,1.5972222222222223,39.53977272727273,39.53977272727273
2023-08-15,Kolkata_Victoria_2023-10-01_2023-11-30,40.63854166666666,83.35104166666666,19.520381944444445,5.412222222222223,0.5166319444444444,28.613472222222224,28.613472222222224
2023-08-15,Mumbai_Bandra_2023-10-01_2023-11-30,,,,,,,
2023-08-16,Chennai_Alandur_2023-10-01_2023-11-30,47.75951388888888,73.47864583333333,28.914305555555558,3.2196180555555554,2.0305208333333336,29.28503472222222,29.28503472222222
2023-08-16,Delhi_AnandVihar_2023-10-01_2023-11-30,80.61111111111111,370.6701388888889,2.2733333333333334,19.6125,1.7034090909090909,31.54375,31.54375
2023-08-16,Kolkata_Victoria_2023-10-01_2023-11-30,36.26770833333333,61.552083333333336,25.603055555555557,4.744270833333333,0.4439583333333333,26.33482638888889,26.33482638888889
2023-08-16,Mumbai_Bandra_2023-10-01_2023-11-30,,,,,,,
2023-08-17,Chennai_Alandur_2023-10-01_2023-11-30,42.26861111111111,65.02697916666666,28.341111111111115,3.443125,2.2113888888888886,28.573576388888892,28.573576388888892
2023-08-17,Delhi_AnandVihar_2023-10-01_2023-11-30,60.520833333333336,364.8020833333333,,17.59826388888889,1.8055555555555554,34.16458333333333,34.16458333333333
2023-08-17,Kolkata_Victoria_2023-10-01_2023-11-30,23.870833333333334,60.94479166666667,20.95347222222222,5.268611111111111,0.46086805555555554,24.15427083333333,24.15427083333333
2023-08-17,Mumbai_Bandra_2023-10-01_2023-11-30,,,,,,,
2023-08-18,Chennai_Alandur_2023-10-01_2023-11-30,35.86985507246377,55.18090579710145,44.45963768115942,2.780189393939394,3.693586956521739,29.709927536231884,29.709927536231884
2023-08-18,Delhi_AnandVihar_2023-10-01_2023-11-30,68.12847222222221,354.4270833333333,0.8,12.265277777777778,2.372916666666667,28.508695652173916,28.508695652173916
2023-08-18,Kolkata_Victoria_2023-10-01_2023-11-30,18.034420289855074,38.619565217391305,14.300590277777777,4.574409722222222,0.25350694444444444,24.394618055555554,24.394618055555554
2023-08-18,Mumbai_Bandra_2023-10-01_2023-11-30,,,,,,,
2023-08-19,Chennai_Alandur_2023-10-01_2023-11-30,51.54215277777778,79.35340277777779,40.7803125,3.729409722222222,1.7542708333333332,28.89357638888889,28.89357638888889
2023-08-19,Delhi_AnandVihar_2023-10-01_2023-11-30,58.920138888888886,174.0034722222222,2.15,14.482638888888888,1.9232638888888889,75.62916666666666,75.62916666666666
2023-08-19,Kolkata_Victoria_2023-10-01_2023-11-30,11.420238095238094,27.71309523809524,12.683514492753622,4.883730158730159,0.1453030303030303,27.6425,27.6425
2023-08-19,Mumbai_Bandra_2023-10-01_2023-11-30,,,,,,,
2023-08-20,Chennai_Alandur_2023-10-01_2023-11-30,38.580416666666665,59.35725694444445,43.66149305555555,5.394340277777778,0.8014930555555555,29.343263888888888,29.343263888888888
2023-08-20,Delhi_AnandVihar_2023-10-01_2023-11-30,42.8125,119.90625,,14.244444444444445,0.7261363636363636,50.605952380952374,50.605952380952374
2023-08-20,Kolkata_Victoria_2023-10-01_2023-11-30,24.4375,59.62708333333333,11.301701388888889,4.708506944444444,0.10746527777777777,30.167256944444446,30.167256944444446
2023-08-20,Mumbai_Bandra_2023-10-01_2023-11-30,,,,,,,
2023-08-21,Chennai_Alandur_2023-10-01_2023-11-30,29.5421875,81.67162280701754,39.160041666666665,4.967460317460318,2.0927314814814815,15.758124999999998,15.758124999999998
2023-08-21,Delhi_AnandVihar_2023-10-01_2023-11-30,47.927083333333336,174.8125,19.769444444444446,18.54201388888889,0.86875,48.05381944444445,48.05381944444445
2023-08-21,Kolkata_Victoria_2023-10-01_2023-11-30,20.75486111111111,49.30277777777778,12.938541666666666,4.467881944444445,0.1446875,30.06458333333333,30.06458333333333
2023-08-21,Mumbai_Bandra_2023-10-01_2023-11-30,,,,,,,
2023-08-22,Chennai_Alandur_2023-10-01_2023-11-30,,92.7,59.95000000000001,6.45,2.32,4.41,4.41
2023-08-22,Delhi_AnandVihar_2023-10-01_2023-11-30,53.489583333333336,254.20833333333334,14.007291666666667,15.258680555555555,1.1135416666666667,44.21145833333333,44.21145833333333
2023-08-22,Kolkata_Victoria_2023-10-01_2023-11-30,23.228472222222223,55.769444444444446,13.036770833333334,4.918159722222222,0.16826388888888888,31.128090277777776,31.128090277777776
2023-08-22,Mumbai_Bandra_2023-10-01_2023-11-30,,,,,,,
2023-08-23,Chennai_Alandur_2023-10-01_2023-11-30,,102.42812500000001,61.382395833333334,5.963333333333334,1.6102083333333332,4.3168750000000005,4.3168750000000005
2023-08-23,Delhi_AnandVihar_2023-10-01_2023-11-30,35.802083333333336,90.4375,16.446428571428573,13.793750000000001,1.4145833333333335,43.57083333333333,43.57083333333333
2023-08-23,Kolkata_Victoria_2023-10-01_2023-11-30,20.956818181818182,46.11363636363637,14.935833333333333,4.630530303030303,0.2307986111111111,24.327282608695654,24.327282608695654
2023-08-23,Mumbai_Bandra_2023-10-01_2023-11-30,,,,,,,
2023-08-24,Chennai_Alandur_2023-10-01_2023-11-30,,107.28295138888889,58.0271875,4.521284722222222,1.0908680555555554,9.048819444444444,9.048819444444444
2023-08-24,Delhi_AnandVihar_2023-10-01_2023-11-30,51.708333333333336,228.01041666666666,1.2271929824561403,18.587847222222223,1.3875,25.843055555555555,25.843055555555555
2023-08-24,Kolkata_Victoria_2023-10-01_2023-11-30,18.309375,35.88159722222222,12.344270833333333,4.846597222222222,0.16961805555555554,25.74888888888889,25.74888888888889
2023-08-24,Mumbai_Bandra_2023-10-01_2023-11-30,,,,,,,
2023-08-25,Chennai_Alandur_2023-10-01_2023-11-30,,75.29194444444444,50.033229166666665,4.230104166666667,3.1802083333333333,14.834756944444445,14.834756944444445
2023-08-25,Delhi_AnandVihar_2023-10-01_2023-11-30,62.375,396.7708333333333,16.773958333333333,16.62456140350877,1.315625,9.169907407407408,9.169907407407408
2023-08-25,Kolkata_Victoria_2023-10-01_2023-11-30,18.18715277777778,36.140625,15.745069444444445,4.571909722222222,0.3030555555555556,16.438680555555553,16.438680555555553
2023-08-25,Mumbai_Bandra_2023-10-01_2023-11-30,,,,,,,
2023-08-26,Chennai_Alandur_2023-10-01_2023-11-30,,68.86315972222222,44.23555555555556,4.627638888888889,2.0296180555555554,15.081215277777778,15.081215277777778
2023-08-26,Delhi_AnandVihar_2023-10-01_2023-11-30,89.6875,582.5416666666666,33.362500000000004,6.338888888888889,1.1226190476190476,9.684375000000001,9.684375000000001
2023-08-26,Kolkata_Victoria_2023-10-01_2023-11-30,23.889236111111114,53.057291666666664,12.478923611111112,5.013715277777778,0.3408333333333333,21.39142361111111,21.39142361111111
2023-08-26,Mumbai_Bandra_2023-10-01_2023-11-30,,,,,,,
2023-08-27,Chennai_Alandur_2023-10-01_2023-11-30,,61.389965277777776,77.34489583333334,3.4152430555555555,2.075173611111111,13.905416666666667,13.905416666666667
2023-08-27,Delhi_AnandVihar_2023-10-01_2023-11-30,97.62719298245615,570.5041666666667,11.630555555555555,5.074583333333333,1.20125,10.6325,10.6325
2023-08-27,Kolkata_Victoria_2023-10-01_2023-11-30,41.42361111111111,101.50243055555556,13.178402777777777,5.0740625,0.2748611111111111,32.78003472222222,32.78003472222222
2023-08-27,Mumbai_Bandra_2023-10-01_2023-11-30,,,,,,,
2023-08-28,Chennai_Alandur_2023-10-01_2023-11-30,,48.2253125,60.78958333333333,4.695972222222222,3.799722222222222,15.146631944444444,15.146631944444444
2023-08-28,Delhi_AnandVihar_2023-10-01_2023-11-30,79.56944444444444,450.30902777777777,17.807608695652174,6.927777777777778,0.9989583333333333,18.07361111111111,18.07361111111111
2023-08-28,Kolkata_Victoria_2023-10-01_2023-11-30,62.08645833333333,156.6326388888889,16.366354166666667,5.101527777777778,0.5488194444444444,31.250486111111112,31.250486111111112
2023-08-28,Mumbai_Bandra_2023-10-01_2023-11-30,,,,,,,
2023-08-29,Chennai_Alandur_2023-10-01_2023-11-30,,33.622083333333336,84.1796875,4.3275347222222225,3.9503125000000003,16.322222222222223,16.322222222222223
2023-08-29,Delhi_AnandVihar_2023-10-01_2023-11-30,79.59722222222221,428.25,23.78840579710145,7.456159420289856,0.6726190476190477,14.636458333333332,14.636458333333332
2023-08-29,Kolkata_Victoria_2023-10-01_2023-11-30,70.07187499999999,170.93368055555558,21.329618055555553,4.708125,0.8417013888888888,22.039236111111112,22.039236111111112
2023-08-29,Mumbai_Bandra_2023-10-01_2023-11-30,,,,,,,
2023-08-30,Chennai_Alandur_2023-10-01_2023-11-30,,35.46590277777778,89.81479166666666,3.9029166666666666,2.6332971014492754,17.138159722222223,17.138159722222223
2023-08-30,Delhi_AnandVihar_2023-10-01_2023-11-30,79.11805555555556,397.1875,1.838888888888889,3.5846153846153848,1.3741666666666668,11.7875,11.7875
2023-08-30,Kolkata_Victoria_2023-10-01_2023-11-30,69.01547619047619,153.95793650793652,19.331190476190475,4.890797101449275,0.8700694444444445,24.40594202898551,24.40594202898551
2023-08-30,Mumbai_Bandra_2023-10-01_2023-11-30,,,,,,,
2023-08-31,Chennai_Alandur_2023-10-01_2023-11-30,,32.88333333333333,82.31545138888889,3.4933333333333336,1.1293055555555556,14.416284722222223,14.416284722222223
2023-08-31,Delhi_AnandVihar_2023-10-01_2023-11-30,74.72916666666667,426.9479166666667,15.122499999999999,5.6342592592592595,1.9902173913043477,10.755555555555555,10.755555555555555
2023-08-31,Kolkata_Victoria_2023-10-01_2023-11-30,61.83576388888889,134.44131944444445,17.228333333333335,4.980381944444445,0.7969791666666667,28.662777777777777,28.662777777777777
2023-08-31,Mumbai_Bandra_2023-10-01_2023-11-30,,,,,,,
2023-09-01,Chennai_Alandur_2023-10-01_2023-11-30,,105.56117647058824,67.25253472222222,3.6331597222222225,0.7772916666666667,15.42,15.42
2023-09-01,Delhi_AnandVihar_2023-10-01_2023-11-30,58.00694444444445,392.1458333333333,26.844565217391303,3.6768939393939393,1.7365942028985508,5.734375,5.734375
2023-09-01,Kolkata_Victoria_2023-10-01_2023-11-30,59.46666666666667,117.60486111111112,15.697777777777778,4.228402777777778,0.6170486111111111,29.250069444444446,29.250069444444446
2023-09-01,Mumbai_Bandra_2023-10-01_2023-11-30,,,,,,,
2023-09-02,Chennai_Alandur_2023-10-01_2023-11-30,,53.55506944444445,75.41680555555556,3.3959375,0.8073611111111111,16.05076388888889,16.05076388888889
2023-09-02,Delhi_AnandVihar_2023-10-01_2023-11-30,64.495,280.0701754385965,23.91759259259259,3.936666666666667,1.6074074074074074,6.287280701754386,6.287280701754386
2023-09-02,Kolkata_Victoria_2023-10-01_2023-11-30,50.6554347826087,93.75144927536232,15.156666666666666,5.330326086956521,0.6768055555555555,26.375434782608696,26.375434782608696
2023-09-02,Mumbai_Bandra_2023-10-01_2023-11-30,,,,,,,
2023-09-03,Chennai_Alandur_2023-10-01_2023-11-30,,36.954166666666666,64.88190972222223,3.6982291666666662,1.5611458333333335,14.0146875,14.0146875
2023-09-03,Delhi_AnandVihar_2023-10-01_2023-11-30,52.65972222222222,388.3369565217391,26.128125,1.9534722222222223,8.707407407407407,6.582291666666666,6.582291666666666
2023-09-03,Kolkata_Victoria_2023-10-01_2023-11-30,35.875,65.65833333333333,14.149444444444443,4.98625,0.6945833333333332,23.348020833333333,23.348020833333333
2023-09-03,Mumbai_Bandra_2023-10-01_2023-11-30,,,,,,,
2023-09-04,Chennai_Alandur_2023-10-01_2023-11-30,,51.51215277777778,101.09409722222222,4.7501388888888885,0.7276041666666666,14.532708333333334,14.532708333333334
2023-09-04,Delhi_AnandVihar_2023-10-01_2023-11-30,46.46180555555555,212.17708333333334,30.018560606060603,2.1893939393939394,1.0699999999999998,6.211363636363637,6.211363636363637
2023-09-04,Kolkata_Victoria_2023-10-01_2023-11-30,17.87152777777778,38.626041666666666,11.448715277777778,4.9754861111111115,0.5693402777777777,16.47329861111111,16.47329861111111
2023-09-04,Mumbai_Bandra_2023-10-01_2023-11-30,,,,,,,
2023-09-05,Chennai_Alandur_2023-10-01_2023-11-30,,63.91565972222222,99.61625,4.076006944444445,0.3922569444444444,14.2728125,14.2728125
2023-09-05,Delhi_AnandVihar_2023-10-01_2023-11-30,47.729166666666664,162.70833333333334,27.224999999999998,2.1069444444444443,1.221875,17.214583333333334,17.214583333333334
2023-09-05,Kolkata_Victoria_2023-10-01_2023-11-30,12.834782608695651,26.116666666666664,12.731076388888889,4.508993055555556,0.47885416666666664,16.978333333333335,16.978333333333335
2023-09-05,Mumbai_Bandra_2023-10-01_2023-11-30,,,,,,,
2023-09-06,Chennai_Alandur_2023-10-01_2023-11-30,,48.99597222222223,60.15854166666667,3.4780208333333333,1.3986458333333334,14.840104166666665,14.840104166666665
2023-09-06,Delhi_AnandVihar_2023-10-01_2023-11-30,39.56597222222222,128.27173913043478,27.782291666666666,2.967013888888889,1.1875,13.549999999999999,13.549999999999999
2023-09-06,Kolkata_Victoria_2023-10-01_2023-11-30,10.633333333333333,23.059420289855073,17.5540625,4.874791666666667,0.3256597222222222,17.691215277777776,17.691215277777776
2023-09-06,Mumbai_Bandra_2023-10-01_2023-11-30,,,,,,,
2023-09-07,Chennai_Alandur_2023-10-01_2023-11-30,,45.66690972222222,76.44055555555555,3.301076388888889,1.718923611111111,15.106180555555556,15.106180555555556
2023-09-07,Delhi_AnandVihar_2023-10-01_2023-11-30,48.291666666666664,159.46875,38.157291666666666,2.3000000000000003,1.2055555555555555,18.231944444444444,18.231944444444444
2023-09-07,Kolkata_Victoria_2023-10-01_2023-11-30,9.355555555555556,22.36388888888889,11.334166666666667,4.6781250000000005,0.41930555555555554,21.36763888888889,21.36763888888889
2023-09-07,Mumbai_Bandra_2023-10-01_2023-11-30,,,,,,,
2023-09-08,Chennai_Alandur_2023-10-01_2023-11-30,,41.560972222222226,58.16763888888889,4.629861111111111,1.2712847222222223,14.134236111111113,14.134236111111113
2023-09-08,Delhi_AnandVihar_2023-10-01_2023-11-30,27.899305555555557,83.92708333333333,16.492708333333333,4.878819444444445,,5.2625,5.2625
2023-09-08,Kolkata_Victoria_2023-10-01_2023-11-30,12.431597222222223,28.961805555555557,11.62732638888889,4.798611111111112,0.5090277777777777,19.047743055555554,19.047743055555554
2023-09-08,Mumbai_Bandra_2023-10-01_2023-11-30,,,,,,,
2023-09-09,Chennai_Alandur_2023-10-01_2023-11-30,,52.93871527777778,64.91173611111111,4.363229166666667,1.0310069444444443,13.994583333333333,13.994583333333333
2023-09-09,Delhi_AnandVihar_2023-10-01_2023-11-30,39.09782608695652,62.20652173913044,10.826041666666667,3.293402777777778,1.1,6.659027777777777,6.659027777777777
2023-09-09,Kolkata_Victoria_2023-10-01_2023-11-30,13.345138888888888,34.43402777777778,10.0284375,4.331875,0.4050694444444445,21.95986111111111,21.95986111111111
2023-09-09,Mumbai_Bandra_2023-10-01_2023-11-30,,,,,,,
2023-09-10,Chennai_Alandur_2023-10-01_2023-11-30,,51.346875000000004,78.43138888888889,4.324305555555555,1.1396875,13.184652777777778,13.184652777777778
2023-09-10,Delhi_AnandVihar_2023-10-01_2023-11-30,33.13768115942029,64.0625,11.755208333333334,2.28125,1.1,5.327083333333333,5.327083333333333
2023-09-10,Kolkata_Victoria_2023-10-01_2023-11-30,17.710763888888888,38.22291666666667,8.87076388888889,4.757916666666667,0.43944444444444447,25.508680555555557,25.508680555555557
2023-09-10,Mumbai_Bandra_2023-10-01_2023-11-30,,,,,,,
2023-09-11,Chennai_Alandur_2023-10-01_2023-11-30,,53.058819444444445,56.8940625,4.669305555555556,0.6935763888888888,14.096666666666666,14.096666666666666
2023-09-11,Delhi_AnandVihar_2023-10-01_2023-11-30,43.645833333333336,117.32291666666667,14.501041666666666,3.3163194444444444,1.5,4.7093750000000005,4.7093750000000005
2023-09-11,Kolkata_Victoria_2023-10-01_2023-11-30,15.236805555555556,36.677083333333336,7.471840277777777,4.427118055555556,0.47975694444444444,21.944097222222222,21.944097222222222
2023-09-11,Mumbai_Bandra_2023-10-01_2023-11-30,,,,,,,
2023-09-12,Chennai_Alandur_2023-10-01_2023-11-30,,54.08829861111111,52.21309027777778,4.542638888888889,0.5292708333333334,14.360868055555557,14.360868055555557
2023-09-12,Delhi_AnandVihar_2023-10-01_2023-11-30,50.260416666666664,163.29166666666666,18.2625,2.936458333333333,1.025,4.555902777777778,4.555902777777778
2023-09-12,Kolkata_Victoria_2023-10-01_2023-11-30,21.15,44.39746376811594,6.671666666666667,4.5612152777777775,0.7837152777777777,16.153368055555557,16.153368055555557
2023-09-12,Mumbai_Bandra_2023-10-01_2023-11-30,,,,,,,
2023-09-13,Chennai_Alandur_2023-10-01_2023-11-30,36.37952380952381,60.2190625,66.29302083333333,3.7888194444444445,1.1772569444444445,13.403472222222222,13.403472222222222
2023-09-13,Delhi_AnandVihar_2023-10-01_2023-11-30,53.387681159420296,119.43478260869566,17.875,3.0631944444444446,1.3392857142857142,3.6715277777777775,3.6715277777777775
2023-09-13,Kolkata_Victoria_2023-10-01_2023-11-30,15.521527777777777,35.29027777777778,7.170069444444445,4.936111111111111,0.5491666666666667,19.045034722222223,19.045034722222223
2023-09-13,Mumbai_Bandra_2023-10-01_2023-11-30,,,,,,,
2023-09-14,Chennai_Alandur_2023-10-01_2023-11-30,20.61125,48.85467391304348,63.71923611111111,2.9784722222222224,1.686388888888889,12.586006944444444,12.586006944444444
2023-09-14,Delhi_AnandVihar_2023-10-01_2023-11-30,61.03787878787878,131.59782608695653,16.385416666666668,3.490416666666667,1.0616666666666668,2.935763888888889,2.935763888888889
2023-09-14,Kolkata_Victoria_2023-10-01_2023-11-30,8.632291666666667,23.724652777777777,7.367013888888889,4.90875,0.4993402777777778,21.9915625,21.9915625
2023-09-14,Mumbai_Bandra_2023-10-01_2023-11-30,,,,,,,
2023-09-15,Chennai_Alandur_2023-10-01_2023-11-30,,51.33177083333334,61.99322916666667,3.9062847222222223,0.8952083333333333,13.592395833333333,13.592395833333333
2023-09-15,Delhi_AnandVihar_2023-10-01_2023-11-30,50.3768115942029,112.40625,16.675757575757576,3.4135416666666667,1.1097222222222223,4.897826086956522,4.897826086956522
2023-09-15,Kolkata_Victoria_2023-10-01_2023-11-30,13.867708333333333,34.88888888888889,7.272534722222222,5.116493055555556,0.5920486111111111,20.320520833333333,20.320520833333333
2023-09-15,Mumbai_Bandra_2023-10-01_2023-11-30,,,,,,,
2023-09-16,Chennai_Alandur_2023-10-01_2023-11-30,,41.346354166666664,55.05392361111111,2.3696875,3.301006944444445,12.076354166666667,12.076354166666667
2023-09-16,Delhi_AnandVihar_2023-10-01_2023-11-30,37.31597222222222,80.48958333333333,16.854166666666668,1.5864583333333335,1.1388888888888888,6.32361111111111,6.32361111111111
2023-09-16,Kolkata_Victoria_2023-10-01_2023-11-30,18.267013888888886,35.93402777777778,8.366631944444444,4.660347222222222,0.5475347222222222,22.476354166666667,22.476354166666667
2023-09-16,Mumbai_Bandra_2023-10-01_2023-11-30,,,,,,,
2023-09-17,Chennai_Alandur_2023-10-01_2023-11-30,,29.086354166666666,51.35940972222222,3.2864930555555554,1.6573263888888887,18.46382575757576,18.46382575757576
2023-09-17,Delhi_AnandVihar_2023-10-01_2023-11-30,23.614583333333332,56.03125,10.067708333333334,3.6492753623188405,1.0,4.625724637681159,4.625724637681159
2023-09-17,Kolkata_Victoria_2023-10-01_2023-11-30,18.40798611111111,38.86493055555555,8.250868055555555,4.727708333333333,0.6222916666666667,20.611944444444443,20.611944444444443
2023-09-17,Mumbai_Bandra_2023-10-01_2023-11-30,,,,,,,
2023-09-18,Chennai_Alandur_2023-10-01_2023-11-30,,31.206631944444442,52.63902777777778,2.8794444444444447,2.17731884057971,10.365,10.365
2023-09-18,Delhi_AnandVihar_2023-10-01_2023-11-30,21.885416666666668,58.864583333333336,10.09375,2.328623188405797,1.0833333333333335,3.9291666666666667,3.9291666666666667
2023-09-18,Kolkata_Victoria_2023-10-01_2023-11-30,18.940277777777776,41.066319444444446,7.263333333333333,4.8261111111111115,0.6863541666666667,21.257881944444446,21.257881944444446
2023-09-18,Mumbai_Bandra_2023-10-01_2023-11-30,,,,,,,
2023-09-19,Chennai_Alandur_2023-10-01_2023-11-30,,41.091006944444445,62.31920138888889,2.7188541666666666,1.8485763888888889,12.783055555555556,12.783055555555556
2023-09-19,Delhi_AnandVihar_2023-10-01_2023-11-30,34.97826086956522,96.15217391304348,12.857916666666668,3.9153508771929824,1.05,4.011956521739131,4.011956521739131
2023-09-19,Kolkata_Victoria_2023-10-01_2023-11-30,10.06590909090909,23.15909090909091,7.570381944444445,4.990243055555555,0.4327430555555556,16.745416666666667,16.745416666666667
2023-09-19,Mumbai_Bandra_2023-10-01_2023-11-30,,,,,,,
2023-09-20,Chennai_Alandur_2023-10-01_2023-11-30,,48.31913194444444,73.580625,2.6674652777777776,0.63625,13.528958333333334,13.528958333333334
2023-09-20,Delhi_AnandVihar_2023-10-01_2023-11-30,69.17592592592592,228.74603174603175,36.8675,6.718055555555555,1.5342592592592592,5.059259259259259,5.059259259259259
2023-09-20,Kolkata_Victoria_2023-10-01_2023-11-30,11.432291666666666,27.2375,6.461423611111111,4.671180555555556,0.235,16.785486111111112,16.785486111111112
2023-09-20,Mumbai_Bandra_2023-10-01_2023-11-30,,,,,,,
2023-09-21,Chennai_Alandur_2023-10-01_2023-11-30,,36.23430555555556,93.9996875,2.724826388888889,1.9444791666666665,12.1709375,12.1709375
2023-09-21,Delhi_AnandVihar_2023-10-01_2023-11-30,51.50694444444445,190.95833333333334,24.160119047619048,4.2125,1.1694444444444445,4.405681818181818,4.405681818181818
2023-09-21,Kolkata_Victoria_2023-10-01_2023-11-30,13.7,37.253571428571426,6.7225362318840585,4.887380952380953,0.24931159420289856,21.98125,21.98125
2023-09-21,Mumbai_Bandra_2023-10-01_2023-11-30,,,,,,,
2023-09-22,Chennai_Alandur_2023-10-01_2023-11-30,23.195535714285715,42.80538194444444,48.927812499999995,3.2871527777777776,0.759201388888889,11.725347222222224,11.725347222222224
2023-09-22,Delhi_AnandVihar_2023-10-01_2023-11-30,63.06597222222222,170.5,20.354761904761904,1.2722222222222221,1.1065476190476191,5.559027777777778,5.559027777777778
2023-09-22,Kolkata_Victoria_2023-10-01_2023-11-30,14.730555555555556,36.06597222222222,8.797717391304348,4.4302777777777775,0.2225,20.31767361111111,20.31767361111111
2023-09-22,Mumbai_Bandra_2023-10-01_2023-11-30,,,,,,,
2023-09-23,Chennai_Alandur_2023-10-01_2023-11-30,17.915381944444444,45.020833333333336,43.96937499999999,2.9166666666666665,1.2268402777777778,11.51170138888889,11.51170138888889
2023-09-23,Delhi_AnandVihar_2023-10-01_2023-11-30,56.645833333333336,122.43181818181819,18.01228070175439,4.034027777777777,1.7026315789473685,4.7124999999999995,4.7124999999999995
2023-09-23,Kolkata_Victoria_2023-10-01_2023-11-30,14.373263888888888,32.14791666666667,6.049652777777777,5.082326388888889,0.21465277777777778,20.164930555555554,20.164930555555554
2023-09-23,Mumbai_Bandra_2023-10-01_2023-11-30,,,,,,,
2023-09-24,Chennai_Alandur_2023-10-01_2023-11-30,10.4846875,31.43041666666667,57.41934027777777,3.006215277777778,1.2914236111111113,11.5234375,11.5234375
2023-09-24,Delhi_AnandVihar_2023-10-01_2023-11-30,89.8125,184.90625,22.089583333333334,5.011458333333334,1.7750000000000001,6.5687500000000005,6.5687500000000005
2023-09-24,Kolkata_Victoria_2023-10-01_2023-11-30,18.163888888888888,37.5375,4.435798611111111,4.631631944444444,0.24270833333333333,22.193854166666668,22.193854166666668
2023-09-24,Mumbai_Bandra_2023-10-01_2023-11-30,,,,,,,
2023-09-25,Chennai_Alandur_2023-10-01_2023-11-30,10.540833333333333,31.532083333333333,75.77260416666667,3.0644444444444443,1.4810069444444445,11.22826388888889,11.22826388888889
2023-09-25,Delhi_AnandVihar_2023-10-01_2023-11-30,76.05208333333333,183.97916666666666,36.0625,,1.2683333333333333,11.282986111111112,11.282986111111112
2023-09-25,Kolkata_Victoria_2023-10-01_2023-11-30,16.86111111111111,36.795833333333334,4.684027777777778,4.270034722222222,0.25555555555555554,25.20486111111111,25.20486111111111
2023-09-25,Mumbai_Bandra_2023-10-01_2023-11-30,,,,,,,
2023-09-26,Chennai_Alandur_2023-10-01_2023-11-30,13.380069444444445,36.727222222222224,65.143125,3.2042361111111113,1.3721180555555554,11.77125,11.77125
2023-09-26,Delhi_AnandVihar_2023-10-01_2023-11-30,89.28125,239.6875,36.29756944444444,,1.128030303030303,14.064583333333333,14.064583333333333
2023-09-26,Kolkata_Victoria_2023-10-01_2023-11-30,15.36076388888889,40.08715277777778,2.868611111111111,4.472013888888889,0.20663194444444444,21.47690972222222,21.47690972222222
2023-09-26,Mumbai_Bandra_2023-10-01_2023-11-30,,,,,,,
2023-09-27,Chennai_Alandur_2023-10-01_2023-11-30,13.304131944444444,36.586875,73.65666666666667,3.142361111111111,1.022361111111111,11.751423611111113,11.751423611111113
2023-09-27,Delhi_AnandVihar_2023-10-01_2023-11-30,63.079861111111114,203.625,26.38854166666667,1.925,1.1416666666666666,4.835416666666666,4.835416666666666
2023-09-27,Kolkata_Victoria_2023-10-01_2023-11-30,21.48888888888889,58.33541666666667,2.2032291666666666,4.518506944444444,0.3283333333333333,21.018159722222222,21.018159722222222
2023-09-27,Mumbai_Bandra_2023-10-01_2023-11-30,,,,,,,
2023-09-28,Chennai_Alandur_2023-10-01_2023-11-30,13.9509375,37.770069444444445,76.46770833333333,3.5727083333333334,0.7926041666666667,11.244618055555556,11.244618055555556
2023-09-28,Delhi_AnandVihar_2023-10-01_2023-11-30,62.53125,200.28125,36.572916666666664,2.8854166666666665,2.228125,6.004347826086956,6.004347826086956
2023-09-28,Kolkata_Victoria_2023-10-01_2023-11-30,29.981159420289856,63.97355072463768,2.088659420289855,4.591702898550724,0.5443749999999999,23.511423611111113,23.511423611111113
2023-09-28,Mumbai_Bandra_2023-10-01_2023-11-30,,,,,,,
2023-09-29,Chennai_Alandur_2023-10-01_2023-11-30,13.218819444444444,36.438159722222224,86.52868055555557,3.821284722222222,1.5760416666666668,12.53875,12.53875
2023-09-29,Delhi_AnandVihar_2023-10-01_2023-11-30,79.70652173913044,219.72826086956522,43.41742424242424,4.132352941176471,1.8800724637681159,6.993115942028986,6.993115942028986
2023-09-29,Kolkata_Victoria_2023-10-01_2023-11-30,40.58645833333333,95.01631944444445,1.4897569444444443,4.695208333333333,0.9582986111111111,18.42215277777778,18.42215277777778
2023-09-29,Mumbai_Bandra_2023-10-01_2023-11-30,,,,,,,
2023-09-30,Chennai_Alandur_2023-10-01_2023-11-30,12.368506944444446,34.874652777777776,81.25631944444444,3.051449275362319,1.5239236111111112,15.06236111111111,15.06236111111111
2023-09-30,Delhi_AnandVihar_2023-10-01_2023-11-30,81.14583333333333,206.70486111111111,35.07395833333333,8.980128205128207,1.595486111111111,6.211458333333334,6.211458333333334
2023-09-30,Kolkata_Victoria_2023-10-01_2023-11-30,15.641666666666666,38.766666666666666,1.2593750000000001,5.066493055555555,0.4911111111111111,18.033993055555555,18.033993055555555
2023-09-30,Mumbai_Bandra_2023-10-01_2023-11-30,,,,,,,
2023-10-01,Chennai_Alandur_2023-10-01_2023-11-30,9.248263888888888,29.166805555555555,83.13545138888888,2.8210416666666664,1.1654166666666665,11.005243055555555,11.005243055555555
2023-10-01,Delhi_AnandVihar_2023-10-01_2023-11-30,72.55208333333333,189.72916666666666,30.121875,3.440972222222222,1.6913194444444446,6.297916666666667,6.297916666666667
2023-10-01,Kolkata_Victoria_2023-10-01_2023-11-30,6.348958333333333,29.664583333333336,1.046111111111111,5.0053125,0.4444791666666667,26.62597222222222,26.62597222222222
2023-10-01,Mumbai_Bandra_2023-10-01_2023-11-30,,,,,,,
2023-10-02,Chennai_Alandur_2023-10-01_2023-11-30,10.588854166666666,31.620381944444446,61.79298611111111,2.9135069444444444,1.1064930555555554,11.784930555555555,11.784930555555555
2023-10-02,Delhi_AnandVihar_2023-10-01_2023-11-30,68.30208333333333,182.41666666666666,32.09404761904762,4.995486111111111,1.8333333333333333,6.569791666666667,6.569791666666667
2023-10-02,Kolkata_Victoria_2023-10-01_2023-11-30,2.0,35.78787878787879,1.918576388888889,4.517118055555556,0.5711805555555556,24.50305555555556,24.50305555555556
2023-10-02,Mumbai_Bandra_2023-10-01_2023-11-30,,,,,,,
2023-10-03,Chennai_Alandur_2023-10-01_2023-11-30,14.375451388888889,38.54739583333333,78.49222222222222,2.7706250000000003,1.3989930555555556,12.18597222222222,12.18597222222222
2023-10-03,Delhi_AnandVihar_2023-10-01_2023-11-30,70.32971014492753,215.1086956521739,,6.675,1.8199999999999998,7.188750000000001,7.188750000000001
2023-10-03,Kolkata_Victoria_2023-10-01_2023-11-30,8.12375,30.009166666666665,3.457,4.3565625,0.539375,24.140471014492753,24.140471014492753
2023-10-03,Mumbai_Bandra_2023-10-01_2023-11-30,,,,,,,
2023-10-04,Chennai_Alandur_2023-10-01_2023-11-30,15.966284722222222,41.454166666666666,72.00930555555556,3.9021875,0.7961111111111111,12.148854166666666,12.148854166666666
2023-10-04,Delhi_AnandVihar_2023-10-01_2023-11-30,81.02083333333333,210.7534722222222,2.0234848484848484,5.835714285714286,1.312719298245614,8.392307692307693,8.392307692307693
2023-10-04,Kolkata_Victoria_2023-10-01_2023-11-30,10.779513888888888,25.758680555555557,19.942745098039218,4.924722222222222,0.6450347222222222,22.865868055555556,22.865868055555556
2023-10-04,Mumbai_Bandra_2023-10-01_2023-11-30,,,,,,,
2023-10-05,Chennai_Alandur_2023-10-01_2023-11-30,12.786388888888888,35.639652777777776,70.65548611111112,4.685451388888889,0.8058680555555555,12.274444444444443,12.274444444444443
2023-10-05,Delhi_AnandVihar_2023-10-01_2023-11-30,93.87152777777777,255.71875,1.4468750000000001,5.3277777777777775,2.326041666666667,6.6875,6.6875
2023-10-05,Kolkata_Victoria_2023-10-01_2023-11-30,27.514583333333334,59.51527777777778,9.694166666666666,4.685798611111111,0.7067013888888889,33.031701388888884,33.031701388888884
2023-10-05,Mumbai_Bandra_2023-10-01_2023-11-30,,,,,,,
2023-10-06,Chennai_Alandur_2023-10-01_2023-11-30,14.701979166666668,39.14451388888889,86.92274305555556,4.415694444444444,1.057361111111111,12.163333333333334,12.163333333333334
2023-10-06,Delhi_AnandVihar_2023-10-01_2023-11-30,130.70833333333334,317.5833333333333,1.25,3.229166666666667,2.4555555555555557,12.348611111111111,12.348611111111111
2023-10-06,Kolkata_Victoria_2023-10-01_2023-11-30,27.899652777777778,57.182291666666664,7.763472222222222,4.716597222222222,0.9791666666666666,24.425868055555554,24.425868055555554
2023-10-06,Mumbai_Bandra_2023-10-01_2023-11-30,,,,,,,
2023-10-07,Chennai_Alandur_2023-10-01_2023-11-30,17.628576388888888,44.497951388888886,53.94538194444445,4.866840277777778,1.0534375,10.42138888888889,10.42138888888889
2023-10-07,Delhi_AnandVihar_2023-10-01_2023-11-30,108.7420634920635,301.6842105263158,10.061666666666667,5.276282051282052,1.8739583333333334,19.290151515151514,19.290151515151514
2023-10-07,Kolkata_Victoria_2023-10-01_2023-11-30,37.67118055555556,75.99409722222222,7.5051041666666665,4.530798611111111,1.0818402777777778,24.9790625,24.9790625
2023-10-07,Mumbai_Bandra_2023-10-01_2023-11-30,,,,,,,
2023-10-08,Chennai_Alandur_2023-10-01_2023-11-30,6.2522569444444445,23.686041666666668,63.06496527777778,4.405520833333333,1.1454513888888889,10.899201388888889,10.899201388888889
2023-10-08,Delhi_AnandVihar_2023-10-01_2023-11-30,79.01315789473684,256.4868421052632,40.55,7.563888888888889,1.1131578947368421,9.475,9.475
2023-10-08,Kolkata_Victoria_2023-10-01_2023-11-30,46.62465277777778,93.12256944444444,6.898958333333333,5.152951388888889,1.0541666666666667,32.664861111111115,32.664861111111115
2023-10-08,Mumbai_Bandra_2023-10-01_2023-11-30,,,,,,,
2023-10-09,Chennai_Alandur_2023-10-01_2023-11-30,5.239027777777777,21.831597222222225,53.14069444444444,4.302465277777777,0.9890972222222222,11.396006944444444,11.396006944444444
2023-10-09,Delhi_AnandVihar_2023-10-01_2023-11-30,97.03472222222223,250.64583333333334,43.994791666666664,6.406944444444445,1.3645833333333333,17.391666666666666,17.391666666666666
2023-10-09,Kolkata_Victoria_2023-10-01_2023-11-30,56.27065217391304,110.20217391304348,7.63322463768116,4.5210869565217395,1.0735069444444445,34.71826388888889,34.71826388888889
2023-10-09,Mumbai_Bandra_2023-10-01_2023-11-30,,,,,,,
2023-10-10,Chennai_Alandur_2023-10-01_2023-11-30,7.793541666666666,26.50510416666667,70.04142361111111,3.5314492753623186,1.5450694444444444,11.105243055555555,11.105243055555555
2023-10-10,Delhi_AnandVihar_2023-10-01_2023-11-30,93.78125,269.46875,45.03958333333333,6.998958333333333,1.1864583333333334,13.854166666666666,13.854166666666666
2023-10-10,Kolkata_Victoria_2023-10-01_2023-11-30,62.69236111111112,141.16006944444445,7.318541666666667,4.824166666666667,1.2962847222222222,35.08795138888889,35.08795138888889
2023-10-10,Mumbai_Bandra_2023-10-01_2023-11-30,,,,,,,
2023-10-11,Chennai_Alandur_2023-10-01_2023-11-30,9.714305555555555,30.02125,75.9590625,2.566145833333333,0.8570138888888889,12.600659722222224,12.600659722222224
2023-10-11,Delhi_AnandVihar_2023-10-01_2023-11-30,85.50694444444444,193.97569444444446,39.05681818181818,6.917424242424243,0.8363636363636363,6.274621212121212,6.274621212121212
2023-10-11,Kolkata_Victoria_2023-10-01_2023-11-30,71.33090277777778,166.38541666666666,10.492118055555556,5.112708333333333,1.6003125,31.924722222222226,31.924722222222226
2023-10-11,Mumbai_Bandra_2023-10-01_2023-11-30,,,,,,,
2023-10-12,Chennai_Alandur_2023-10-01_2023-11-30,6.871701388888888,24.820243055555554,81.25006944444443,2.7380208333333336,0.9388194444444444,13.181527777777779,13.181527777777779
2023-10-12,Delhi_AnandVihar_2023-10-01_2023-11-30,154.96180555555557,292.9479166666667,51.33369565217391,2.3979166666666667,1.2854166666666667,7.577083333333333,7.577083333333333
2023-10-12,Kolkata_Victoria_2023-10-01_2023-11-30,73.29826388888888,164.25555555555556,12.944166666666668,5.1828125,1.5923958333333335,28.83736111111111,28.83736111111111
2023-10-12,Mumbai_Bandra_2023-10-01_2023-11-30,,,,,,,
2023-10-13,Chennai_Alandur_2023-10-01_2023-11-30,10.802013888888888,32.00975694444444,75.94482638888888,2.774201388888889,1.494027777777778,13.051319444444445,13.051319444444445
2023-10-13,Delhi_AnandVihar_2023-10-01_2023-11-30,193.9318181818182,417.4345238095238,66.478125,5.033695652173913,1.3905797101449275,16.632246376811594,16.632246376811594
2023-10-13,Kolkata_Victoria_2023-10-01_2023-11-30,62.98645833333333,139.2642361111111,14.18857638888889,6.258159722222222,1.486111111111111,31.698784722222225,31.698784722222225
2023-10-13,Mumbai_Bandra_2023-10-01_2023-11-30,,,,,,,
2023-10-14,Chennai_Alandur_2023-10-01_2023-11-30,10.917222222222222,32.22006944444444,103.8748611111111,2.5980208333333334,1.6965277777777779,11.830555555555556,11.830555555555556
2023-10-14,Delhi_AnandVihar_2023-10-01_2023-11-30,135.23958333333334,444.6770833333333,55.98854166666666,4.204513888888889,2.1552083333333334,10.692013888888889,10.692013888888889
2023-10-14,Kolkata_Victoria_2023-10-01_2023-11-30,65.13229166666666,133.31527777777777,12.735277777777776,5.520347222222223,1.593125,28.986215277777777,28.986215277777777
2023-10-14,Mumbai_Bandra_2023-10-01_2023-11-30,,,,,,,
2023-10-15,Chennai_Alandur_2023-10-01_2023-11-30,12.432604166666666,34.917291666666664,79.28388888888888,2.6856597222222223,2.1746875,12.556805555555556,12.556805555555556
2023-10-15,Delhi_AnandVihar_2023-10-01_2023-11-30,103.4861111111111,391.95652173913044,46.30625,9.725694444444445,1.65625,51.84605263157895,51.84605263157895
2023-10-15,Kolkata_Victoria_2023-10-01_2023-11-30,62.79652777777778,130.17534722222223,14.492291666666667,5.108923611111111,1.234513888888889,46.91159722222222,46.91159722222222
2023-10-15,Mumbai_Bandra_2023-10-01_2023-11-30,,,,,,,
2023-10-16,Chennai_Alandur_2023-10-01_2023-11-30,11.187048611111111,32.713368055555556,100.85784722222222,3.7490625000000004,2.7716666666666665,11.109027777777778,11.109027777777778
2023-10-16,Delhi_AnandVihar_2023-10-01_2023-11-30,73.25,287.5652173913044,30.47065217391304,5.842391304347826,0.7434782608695653,30.330797101449274,30.330797101449274
2023-10-16,Kolkata_Victoria_2023-10-01_2023-11-30,76.98993055555556,161.26666666666668,15.733020833333335,5.024375,1.6380208333333333,41.81444444444444,41.81444444444444
2023-10-16,Mumbai_Bandra_2023-10-01_2023-11-30,,,,,,,
2023-10-17,Chennai_Alandur_2023-10-01_2023-11-30,12.152395833333335,34.44694444444445,100.78524305555555,4.2652777777777775,2.070694444444445,12.330381944444445,12.330381944444445
2023-10-17,Delhi_AnandVihar_2023-10-01_2023-11-30,48.208333333333336,182.5,35.670833333333334,8.895833333333334,0.8916666666666666,65.76666666666667,65.76666666666667
2023-10-17,Kolkata_Victoria_2023-10-01_2023-11-30,93.50144927536232,188.89021739130436,15.705868055555555,5.348152173913043,1.7239930555555556,28.949652777777775,28.949652777777775
2023-10-17,Mumbai_Bandra_2023-10-01_2023-11-30,,,,,,,
2023-10-18,Chennai_Alandur_2023-10-01_2023-11-30,16.984444444444446,43.31954861111111,104.3626388888889,4.161597222222222,3.2987847222222224,13.17138888888889,13.17138888888889
2023-10-18,Delhi_AnandVihar_2023-10-01_2023-11-30,49.03333333333334,200.41666666666666,39.72222222222222,4.608333333333333,0.960185185185185,8.349074074074075,8.349074074074075
2023-10-18,Kolkata_Victoria_2023-10-01_2023-11-30,76.06423611111111,139.45000000000002,14.354375,4.482395833333333,1.0052083333333333,37.151805555555555,37.151805555555555
2023-10-18,Mumbai_Bandra_2023-10-01_2023-11-30,,,,,,,
2023-10-19,Chennai_Alandur_2023-10-01_2023-11-30,20.001180555555553,48.836909722222224,81.50743055555556,4.151597222222223,4.173368055555556,13.451909722222224,13.451909722222224
2023-10-19,Delhi_AnandVihar_2023-10-01_2023-11-30,73.703125,223.5625,39.5203125,3.7776041666666664,1.3296875,6.29375,6.29375
2023-10-19,Kolkata_Victoria_2023-10-01_2023-11-30,53.25347222222222,97.87013888888889,15.101840277777777,4.907395833333333,0.9936805555555556,41.651944444444446,41.651944444444446
2023-10-19,Mumbai_Bandra_2023-10-01_2023-11-30,,,,,,,
2023-10-20,Chennai_Alandur_2023-10-01_2023-11-30,12.987430555555555,36.00649305555556,102.90086805555556,4.756631944444444,2.3070486111111115,13.020312500000001,13.020312500000001
2023-10-20,Delhi_AnandVihar_2023-10-01_2023-11-30,122.11363636363636,287.67045454545456,32.175,5.790079365079365,1.2353174603174604,9.369047619047619,9.369047619047619
2023-10-20,Kolkata_Victoria_2023-10-01_2023-11-30,47.90625,93.73854166666666,16.049479166666668,4.874375,0.9823958333333334,45.846666666666664,45.846666666666664
2023-10-20,Mumbai_Bandra_2023-10-01_2023-11-30,,,,,,,
2023-10-21,Chennai_Alandur_2023-10-01_2023-11-30,16.40496031746032,42.1734126984127,98.99479166666667,5.123194444444445,1.8120138888888888,14.062881944444444,14.062881944444444
2023-10-21,Delhi_AnandVihar_2023-10-01_2023-11-30,185.26984126984127,440.13888888888886,,5.895634920634921,2.18531746031746,12.746031746031747,12.746031746031747
2023-10-21,Kolkata_Victoria_2023-10-01_2023-11-30,48.75277777777777,98.18784722222222,14.867881944444443,5.176527777777777,0.9732986111111112,40.6728125,40.6728125
2023-10-21,Mumbai_Bandra_2023-10-01_2023-11-30,,,,,,,
2023-10-22,Chennai_Alandur_2023-10-01_2023-11-30,14.3509375,38.500729166666666,74.01927083333334,4.287916666666667,1.0218402777777778,13.331180555555555,13.331180555555555
2023-10-22,Delhi_AnandVihar_2023-10-01_2023-11-30,260.1794871794872,485.69642857142856,,3.9973958333333335,2.8046875,9.288541666666667,9.288541666666667
2023-10-22,Kolkata_Victoria_2023-10-01_2023-11-30,42.29236111111111,88.60347222222224,13.962083333333332,4.737951388888889,0.7128819444444444,37.18534722222223,37.18534722222223
2023-10-22,Mumbai_Bandra_2023-10-01_2023-11-30,,,,,,,
2023-10-23,Chennai_Alandur_2023-10-01_2023-11-30,13.197291666666667,36.39184027777778,87.2170138888889,4.170347222222222,1.1420138888888889,14.176875,14.176875
2023-10-23,Delhi_AnandVihar_2023-10-01_2023-11-30,112.95,294.75,,1.2285714285714284,1.467857142857143,6.591071428571429,6.591071428571429
2023-10-23,Kolkata_Victoria_2023-10-01_2023-11-30,35.94583333333333,70.85625,13.214027777777778,4.637465277777777,0.42250000000000004,25.427222222222223,25.427222222222223
2023-10-23,Mumbai_Bandra_2023-10-01_2023-11-30,,,,,,,
2023-10-24,Chennai_Alandur_2023-10-01_2023-11-30,17.21757575757576,43.74655303030303,111.05136363636365,4.2525,1.3894696969696971,14.871818181818183,14.871818181818183
2023-10-24,Delhi_AnandVihar_2023-10-01_2023-11-30,137.19444444444443,304.2083333333333,,2.9947916666666665,1.4645833333333333,7.6968749999999995,7.6968749999999995
2023-10-24,Kolkata_Victoria_2023-10-01_2023-11-30,18.338194444444444,34.27152777777778,12.035312500000002,5.336562499999999,0.19034722222222222,20.319756944444446,20.319756944444446
2023-10-24,Mumbai_Bandra_2023-10-01_2023-11-30,,,,,,,
2023-10-25,Chennai_Alandur_2023-10-01_2023-11-30,14.160104166666665,38.1528125,87.88,4.010451388888889,1.5355208333333332,14.787916666666668,14.787916666666668
2023-10-25,Delhi_AnandVihar_2023-10-01_2023-11-30,136.38541666666666,322.703125,,4.091145833333333,1.646875,9.327604166666667,9.327604166666667
2023-10-25,Kolkata_Victoria_2023-10-01_2023-11-30,37.09375,63.69618055555555,11.247361111111111,4.910694444444444,0.3595652173913043,21.95520833333333,21.95520833333333
2023-10-25,Mumbai_Bandra_2023-10-01_2023-11-30,,,,,,,
2023-10-26,Chennai_Alandur_2023-10-01_2023-11-30,14.357222222222221,38.513020833333336,75.62475694444444,3.5762152777777776,0.8681597222222223,14.408298611111112,14.408298611111112
2023-10-26,Delhi_AnandVihar_2023-10-01_2023-11-30,188.2644927536232,410.4166666666667,,2.1295833333333336,1.8344202898550726,8.726449275362318,8.726449275362318
2023-10-26,Kolkata_Victoria_2023-10-01_2023-11-30,53.32717391304348,102.7,20.65852564102564,4.35036231884058,0.4278472222222222,25.091111111111115,25.091111111111115
2023-10-26,Mumbai_Bandra_2023-10-01_2023-11-30,,,,,,,
2023-10-27,Chennai_Alandur_2023-10-01_2023-11-30,14.227881944444446,38.27690972222222,88.01187499999999,3.5865625,0.5931597222222222,11.901909722222221,11.901909722222221
2023-10-27,Delhi_AnandVihar_2023-10-01_2023-11-30,210.47826086956522,384.63157894736844,,4.344565217391304,2.4221014492753623,9.315579710144927,9.315579710144927
2023-10-27,Kolkata_Victoria_2023-10-01_2023-11-30,66.79479166666667,110.65555555555557,19.634756944444444,5.239236111111111,0.39510416666666665,25.254722222222224,25.254722222222224
2023-10-27,Mumbai_Bandra_2023-10-01_2023-11-30,,,,,,,
2023-10-28,Chennai_Alandur_2023-10-01_2023-11-30,9.92576388888889,30.40607638888889,103.9840625,3.8810416666666665,0.7621875,11.566458333333335,11.566458333333335
2023-10-28,Delhi_AnandVihar_2023-10-01_2023-11-30,240.96052631578948,426.59375,,1.3366666666666667,2.588888888888889,24.498245614035085,24.498245614035085
2023-10-28,Kolkata_Victoria_2023-10-01_2023-11-30,81.925,140.89895833333333,22.782465277777778,5.005868055555555,0.44236111111111115,35.882638888888884,35.882638888888884
2023-10-28,Mumbai_Bandra_2023-10-01_2023-11-30,,,,,,,
2023-10-29,Chennai_Alandur_2023-10-01_2023-11-30,13.985624999999999,37.83107638888889,100.52725694444445,3.7686458333333337,0.7110069444444443,11.746666666666668,11.746666666666668
2023-10-29,Delhi_AnandVihar_2023-10-01_2023-11-30,198.78571428571428,437.92857142857144,,4.894047619047619,1.1775641025641026,47.76130952380952,47.76130952380952
2023-10-29,Kolkata_Victoria_2023-10-01_2023-11-30,75.86666666666666,124.40520833333333,20.027604166666666,5.610798611111111,0.5138194444444445,38.0553125,38.0553125
2023-10-29,Mumbai_Bandra_2023-10-01_2023-11-30,,,,,,,
2023-10-30,Chennai_Alandur_2023-10-01_2023-11-30,9.62920138888889,29.864826388888886,87.85052083333333,3.6053472222222225,1.1309027777777778,12.8184375,12.8184375
2023-10-30,Delhi_AnandVihar_2023-10-01_2023-11-30,243.62280701754383,550.0964912280702,90.1,5.693055555555556,1.8,64.65666666666667,64.65666666666667
2023-10-30,Kolkata_Victoria_2023-10-01_2023-11-30,68.18854166666667,117.10000000000001,22.172777777777778,5.497881944444444,0.49906249999999996,38.86201388888889,38.86201388888889
2023-10-30,Mumbai_Bandra_2023-10-01_2023-11-30,,,,,,,
2023-10-31,Chennai_Alandur_2023-10-01_2023-11-30,10.424513888888889,31.31809027777778,108.6721875,3.5175,0.9898958333333333,11.853958333333333,11.853958333333333
2023-10-31,Delhi_AnandVihar_2023-10-01_2023-11-30,270.0625,587.5125,63.85000000000001,5.35625,1.8858333333333335,60.29705882352941,60.29705882352941
2023-10-31,Kolkata_Victoria_2023-10-01_2023-11-30,71.64270833333333,127.69375000000001,21.437881944444445,5.648159722222222,0.5515972222222222,32.18836805555556,32.18836805555556
2023-10-31,Mumbai_Bandra_2023-10-01_2023-11-30,,,,,,,
2023-11-01,Chennai_Alandur_2023-10-01_2023-11-30,9.502916666666666,29.633958333333336,119.05618055555556,3.8396875,1.119027777777778,11.747222222222222,11.747222222222222
2023-11-01,Delhi_AnandVihar_2023-10-01_2023-11-30,266.10526315789474,545.7280701754386,50.46136363636364,4.2875,1.6592105263157895,59.32175925925927,59.32175925925927
2023-11-01,Kolkata_Victoria_2023-10-01_2023-11-30,69.86874999999999,115.140625,22.8478125,4.928297101449275,0.24173611111111112,34.19,34.19
2023-11-01,Mumbai_Bandra_2023-10-01_2023-11-30,,,,,,,
2023-11-02,Chennai_Alandur_2023-10-01_2023-11-30,9.298055555555555,29.258194444444445,101.689375,3.666701388888889,0.8635416666666668,11.721840277777778,11.721840277777778
2023-11-02,Delhi_AnandVihar_2023-10-01_2023-11-30,398.5381944444444,693.7986111111112,60.05833333333334,6.602777777777778,2.6322916666666667,26.80652173913043,26.80652173913043
2023-11-02,Kolkata_Victoria_2023-10-01_2023-11-30,70.22708333333334,124.68020833333333,23.037118055555556,5.658993055555555,0.3475,34.45434027777778,34.45434027777778
2023-11-02,Mumbai_Bandra_2023-10-01_2023-11-30,,,,,,,
2023-11-03,Chennai_Alandur_2023-10-01_2023-11-30,10.10388888888889,30.73277777777778,105.64965277777777,2.989722222222222,0.8278819444444444,11.667222222222222,11.667222222222222
2023-11-03,Delhi_AnandVihar_2023-10-01_2023-11-30,347.0625,627.9479166666666,64.845,2.398888888888889,3.05,22.68166666666667,22.68166666666667
2023-11-03,Kolkata_Victoria_2023-10-01_2023-11-30,98.534375,172.90937499999998,19.240555555555556,6.324340277777778,0.559875,34.16034722222222,34.16034722222222
2023-11-03,Mumbai_Bandra_2023-10-01_2023-11-30,,,,,,,
2023-11-04,Chennai_Alandur_2023-10-01_2023-11-30,7.203297101449276,24.877638888888892,85.92312499999998,3.976701388888889,0.6901388888888889,13.772173913043478,13.772173913043478
2023-11-04,Delhi_AnandVihar_2023-10-01_2023-11-30,422.3697916666667,726.4739583333334,63.269642857142856,1.5791666666666666,3.2410714285714284,9.346666666666666,9.346666666666666
2023-11-04,Kolkata_Victoria_2023-10-01_2023-11-30,56.115625,102.76666666666667,19.548784722222223,6.1279861111111105,0.11571969696969697,28.86003472222222,28.86003472222222
2023-11-04,Mumbai_Bandra_2023-10-01_2023-11-30,,,,,,,
2023-11-05,Chennai_Alandur_2023-10-01_2023-11-30,5.694305555555555,22.66604166666667,15.06017361111111,5.1717361111111115,0.7673958333333334,11.67579861111111,11.67579861111111
2023-11-05,Delhi_AnandVihar_2023-10-01_2023-11-30,308.18055555555554,607.7083333333334,59.798611111111114,0.6166666666666666,3.090277777777778,12.8375,12.8375
2023-11-05,Kolkata_Victoria_2023-10-01_2023-11-30,79.30312500000001,138.92083333333332,18.168645833333333,5.580902777777777,0.10820833333333332,37.682743055555555,37.682743055555555
2023-11-05,Mumbai_Bandra_2023-10-01_2023-11-30,,,,,,,
2023-11-06,Chennai_Alandur_2023-10-01_2023-11-30,8.541944444444445,27.875243055555558,28.886180555555555,4.703680555555556,0.8691666666666666,18.349479166666665,18.349479166666665
2023-11-06,Delhi_AnandVihar_2023-10-01_2023-11-30,358.6375,567.8035714285714,71.16666666666667,5.5962962962962965,3.4402777777777778,61.01527777777778,61.01527777777778
2023-11-06,Kolkata_Victoria_2023-10-01_2023-11-30,84.19021739130434,139.62898550724637,24.901376811594204,5.6866666666666665,0.7253623188405797,47.179409722222225,47.179409722222225
2023-11-06,Mumbai_Bandra_2023-10-01_2023-11-30,,,,,,,
2023-11-07,Chennai_Alandur_2023-10-01_2023-11-30,12.895868055555555,35.83927083333334,87.91229166666666,5.005069444444445,1.1348684210526316,18.419756944444444,18.419756944444444
2023-11-07,Delhi_AnandVihar_2023-10-01_2023-11-30,354.1666666666667,612.0795454545455,63.41423611111111,2.7008771929824564,3.3586805555555554,37.235416666666666,37.235416666666666
2023-11-07,Kolkata_Victoria_2023-10-01_2023-11-30,102.99444444444445,180.51284722222223,21.455659722222222,5.866944444444445,0.9845138888888889,37.018680555555555,37.018680555555555
2023-11-07,Mumbai_Bandra_2023-10-01_2023-11-30,,,,,,,
2023-11-08,Chennai_Alandur_2023-10-01_2023-11-30,12.089583333333332,34.36697916666667,42.82423611111111,4.746006944444445,1.3193750000000002,17.980104166666667,17.980104166666667
2023-11-08,Delhi_AnandVihar_2023-10-01_2023-11-30,326.3645833333333,600.6041666666666,57.64895833333333,5.297916666666667,3.3625000000000003,9.4,9.4
2023-11-08,Kolkata_Victoria_2023-10-01_2023-11-30,111.36388888888888,196.83715277777776,16.42454861111111,7.873680555555556,1.3741666666666668,42.098576388888894,42.098576388888894
2023-11-08,Mumbai_Bandra_2023-10-01_2023-11-30,,,,,,,
2023-11-09,Chennai_Alandur_2023-10-01_2023-11-30,13.123402777777777,36.254201388888895,44.979513888888896,4.5028125,1.3140625000000001,18.14739583333333,18.14739583333333
2023-11-09,Delhi_AnandVihar_2023-10-01_2023-11-30,404.9479166666667,661.4427083333334,62.079166666666666,2.2961538461538464,3.6142857142857143,16.87291666666667,16.87291666666667
2023-11-09,Kolkata_Victoria_2023-10-01_2023-11-30,131.95069444444445,234.6996527777778,9.395104166666668,7.173194444444444,1.4959027777777776,44.55027777777778,44.55027777777778
2023-11-09,Mumbai_Bandra_2023-10-01_2023-11-30,,,,,,,
2023-11-10,Chennai_Alandur_2023-10-01_2023-11-30,15.512465277777778,40.525625,53.08260416666666,4.101527777777778,1.2014930555555556,22.6334375,22.6334375
2023-11-10,Delhi_AnandVihar_2023-10-01_2023-11-30,182.23684210526315,264.1578947368421,33.597368421052636,1.5916666666666668,1.5921052631578947,39.00921052631579,39.00921052631579
2023-11-10,Kolkata_Victoria_2023-10-01_2023-11-30,141.92579365079365,257.5383333333333,8.84017361111111,7.072395833333334,1.8007638888888888,40.624340277777776,40.624340277777776
2023-11-10,Mumbai_Bandra_2023-10-01_2023-11-30,,,,,,,
2023-11-11,Chennai_Alandur_2023-10-01_2023-11-30,31.413854166666667,67.26954861111112,48.74517361111111,7.213993055555555,1.1776736111111112,25.663611111111113,25.663611111111113
2023-11-11,Delhi_AnandVihar_2023-10-01_2023-11-30,120.10984848484848,253.51136363636363,29.332575757575754,2.609469696969697,1.1079545454545454,8.625757575757577,8.625757575757577
2023-11-11,Kolkata_Victoria_2023-10-01_2023-11-30,132.53840579710143,239.09930555555556,13.441597222222223,6.201354166666667,1.4990277777777778,44.31319444444444,44.31319444444444
2023-11-11,Mumbai_Bandra_2023-10-01_2023-11-30,,,,,,,
2023-11-12,Chennai_Alandur_2023-10-01_2023-11-30,140.91864583333333,224.88083333333336,35.699710144927536,25.39003472222222,2.628645833333333,24.537847222222222,24.537847222222222
2023-11-12,Delhi_AnandVihar_2023-10-01_2023-11-30,190.7534722222222,357.5471014492754,34.95729166666667,4.832291666666666,1.6312499999999999,8.013541666666667,8.013541666666667
2023-11-12,Kolkata_Victoria_2023-10-01_2023-11-30,132.67361111111111,211.37326388888889,9.34829861111111,5.1170486111111115,1.1997569444444445,39.25788194444444,39.25788194444444
2023-11-12,Mumbai_Bandra_2023-10-01_2023-11-30,,,,,,,
2023-11-13,Chennai_Alandur_2023-10-01_2023-11-30,85.27871527777778,130.7840625,30.662881944444447,15.892777777777779,4.538968253968254,31.271979166666668,31.271979166666668
2023-11-13,Delhi_AnandVihar_2023-10-01_2023-11-30,421.18333333333334,592.1180555555555,35.45343137254902,7.515196078431373,3.067647058823529,7.8004901960784325,7.8004901960784325
2023-11-13,Kolkata_Victoria_2023-10-01_2023-11-30,153.8776515151515,239.92717391304348,8.473020833333335,5.977916666666666,0.9737847222222222,33.82864583333333,33.82864583333333
2023-11-13,Mumbai_Bandra_2023-10-01_2023-11-30,,,,,,,
2023-11-14,Chennai_Alandur_2023-10-01_2023-11-30,39.85993055555556,64.9653125,22.927083333333332,10.3315625,2.501423611111111,19.835243055555555,19.835243055555555
2023-11-14,Delhi_AnandVihar_2023-10-01_2023-11-30,287.9479166666667,549.34375,51.916666666666664,4.555208333333334,3.1458333333333335,7.138541666666666,7.138541666666666
2023-11-14,Kolkata_Victoria_2023-10-01_2023-11-30,75.16527777777777,126.30590277777777,9.3940625,6.258229166666666,0.9190625,36.41107638888889,36.41107638888889
2023-11-14,Mumbai_Bandra_2023-10-01_2023-11-30,,,,,,,
2023-11-15,Chennai_Alandur_2023-10-01_2023-11-30,32.915416666666665,51.74923611111111,55.24711805555555,11.552118055555555,1.032326388888889,18.065,18.065
2023-11-15,Delhi_AnandVihar_2023-10-01_2023-11-30,305.2916666666667,528.8645833333334,48.63645833333334,4.451041666666667,2.4322916666666665,6.507291666666667,6.507291666666667
2023-11-15,Kolkata_Victoria_2023-10-01_2023-11-30,62.439930555555556,109.14479166666666,13.35357638888889,6.5815277777777785,0.9684375,33.84815972222222,33.84815972222222
2023-11-15,Mumbai_Bandra_2023-10-01_2023-11-30,,,,,,,
2023-11-16,Chennai_Alandur_2023-10-01_2023-11-30,32.80795138888889,51.62041666666667,82.73631944444445,11.022222222222224,0.9005555555555556,22.491666666666664,22.491666666666664
2023-11-16,Delhi_AnandVihar_2023-10-01_2023-11-30,364.7083333333333,545.6458333333334,50.354166666666664,4.214583333333334,3.1364583333333336,13.575000000000001,13.575000000000001
2023-11-16,Kolkata_Victoria_2023-10-01_2023-11-30,49.57743055555556,82.89444444444445,6.712326388888889,5.3015625,0.7598263888888889,36.33989583333334,36.33989583333334
2023-11-16,Mumbai_Bandra_2023-10-01_2023-11-30,,,,,,,
2023-11-17,Chennai_Alandur_2023-10-01_2023-11-30,34.64125,53.820763888888884,48.204479166666665,11.278576388888888,0.9006249999999999,21.07361111111111,21.07361111111111
2023-11-17,Delhi_AnandVihar_2023-10-01_2023-11-30,283.3645833333333,487.8645833333333,42.98333333333333,3.0062499999999996,4.643159722222222,28.273958333333336,28.273958333333336
2023-11-17,Kolkata_Victoria_2023-10-01_2023-11-30,19.695486111111112,42.83541666666667,4.178680555555556,4.774409722222223,0.5546875,23.049305555555552,23.049305555555552
2023-11-17,Mumbai_Bandra_2023-10-01_2023-11-30,,,,,,,
2023-11-18,Chennai_Alandur_2023-10-01_2023-11-30,36.38121527777778,55.90618055555556,54.794131944444445,11.48357638888889,0.9019444444444445,19.129791666666666,19.129791666666666
2023-11-18,Delhi_AnandVihar_2023-10-01_2023-11-30,180.546875,365.3020833333333,47.16770833333334,1.2527777777777778,2.6979166666666665,8.831249999999999,8.831249999999999
2023-11-18,Kolkata_Victoria_2023-10-01_2023-11-30,25.28611111111111,50.83263888888889,4.869236111111111,5.8623611111111105,0.940486111111111,23.746145833333333,23.746145833333333
2023-11-18,Mumbai_Bandra_2023-10-01_2023-11-30,,,,,,,
2023-11-19,Chennai_Alandur_2023-10-01_2023-11-30,40.51277777777778,60.86222222222222,48.468541666666674,11.162465277777777,0.9040277777777778,21.993125000000003,21.993125000000003
2023-11-19,Delhi_AnandVihar_2023-10-01_2023-11-30,198.01041666666666,364.1458333333333,40.829166666666666,6.260763888888889,2.3,37.6963768115942,37.6963768115942
2023-11-19,Kolkata_Victoria_2023-10-01_2023-11-30,43.21739130434783,178.44021739130434,6.221631944444444,4.965625,0.9115625,31.659861111111113,31.659861111111113
2023-11-19,Mumbai_Bandra_2023-10-01_2023-11-30,,,,,,,
2023-11-20,Chennai_Alandur_2023-10-01_2023-11-30,35.518680555555555,54.867534722222224,38.01795138888889,10.859409722222223,0.9017013888888888,18.536527777777778,18.536527777777778
2023-11-20,Delhi_AnandVihar_2023-10-01_2023-11-30,237.97916666666666,422.8645833333333,51.18958333333333,4.509848484848485,3.2884615384615383,32.55289855072464,32.55289855072464
2023-11-20,Kolkata_Victoria_2023-10-01_2023-11-30,58.535069444444446,125.29270833333334,7.169583333333333,5.997847222222222,1.1713888888888888,28.760104166666668,28.760104166666668
2023-11-20,Mumbai_Bandra_2023-10-01_2023-11-30,,,,,,,
2023-11-21,Chennai_Alandur_2023-10-01_2023-11-30,29.954756944444444,48.19427083333333,43.66076388888889,11.283194444444446,0.9008680555555556,18.05017361111111,18.05017361111111
2023-11-21,Delhi_AnandVihar_2023-10-01_2023-11-30,217.4652777777778,411.5625,47.29791666666667,2.509375,1.7125000000000001,9.311458333333333,9.311458333333333
2023-11-21,Kolkata_Victoria_2023-10-01_2023-11-30,86.06014492753624,154.2786231884058,11.368854166666667,6.733550724637682,1.3132986111111111,34.20545138888889,34.20545138888889
2023-11-21,Mumbai_Bandra_2023-10-01_2023-11-30,,,,,,,
2023-11-22,Chennai_Alandur_2023-10-01_2023-11-30,34.09395833333333,53.16295138888889,45.36857638888889,11.844375,0.8970833333333333,16.768958333333334,16.768958333333334
2023-11-22,Delhi_AnandVihar_2023-10-01_2023-11-30,225.45833333333334,426.3125,50.224999999999994,3.821875,2.040625,7.422916666666667,7.422916666666667
2023-11-22,Kolkata_Victoria_2023-10-01_2023-11-30,115.94583333333333,195.8045138888889,13.564791666666666,6.466597222222222,1.3939930555555555,50.71225694444445,50.71225694444445
2023-11-22,Mumbai_Bandra_2023-10-01_2023-11-30,,,,,,,
2023-11-23,Chennai_Alandur_2023-10-01_2023-11-30,33.407048611111115,52.33701388888889,49.16850694444444,11.642048611111113,0.9000694444444445,18.093645833333333,18.093645833333333
2023-11-23,Delhi_AnandVihar_2023-10-01_2023-11-30,255.30208333333334,481.1145833333333,52.975,3.1999999999999997,3.368478260869565,19.791666666666668,19.791666666666668
2023-11-23,Kolkata_Victoria_2023-10-01_2023-11-30,134.5625,226.9409722222222,12.615069444444444,7.753506944444445,1.8549305555555555,43.61822916666667,43.61822916666667
2023-11-23,Mumbai_Bandra_2023-10-01_2023-11-30,,,,,,,
2023-11-24,Chennai_Alandur_2023-10-01_2023-11-30,35.60605072463768,54.99557971014492,44.29449275362319,10.808840579710145,0.9012847222222223,17.866493055555555,17.866493055555555
2023-11-24,Delhi_AnandVihar_2023-10-01_2023-11-30,388.9375,628.4479166666666,63.12916666666667,6.383680555555556,5.1115625,42.46071428571428,42.46071428571428
2023-11-24,Kolkata_Victoria_2023-10-01_2023-11-30,132.52971014492755,234.38550724637682,9.52125,6.378888888888889,2.0479166666666666,31.733229166666664,31.733229166666664
2023-11-24,Mumbai_Bandra_2023-10-01_2023-11-30,,,,,,,
2023-11-25,Chennai_Alandur_2023-10-01_2023-11-30,37.22048611111111,56.91354166666667,46.6840625,11.202673611111111,0.9011805555555555,19.46576388888889,19.46576388888889
2023-11-25,Delhi_AnandVihar_2023-10-01_2023-11-30,288.4895833333333,519.1875,60.088541666666664,4.170833333333333,4.386666666666667,11.358333333333334,11.358333333333334
2023-11-25,Kolkata_Victoria_2023-10-01_2023-11-30,101.0201388888889,182.36597222222224,10.788854166666667,7.181180555555556,1.4673958333333335,33.60451388888889,33.60451388888889
2023-11-25,Mumbai_Bandra_2023-10-01_2023-11-30,,,,,,,
2023-11-26,Chennai_Alandur_2023-10-01_2023-11-30,38.33934027777778,58.25815972222222,57.39805555555555,11.658923611111112,0.9066319444444444,23.60739583333333,23.60739583333333
2023-11-26,Delhi_AnandVihar_2023-10-01_2023-11-30,301.28125,544.0833333333334,46.36145833333333,3.224305555555555,3.115625,69.14848484848484,69.14848484848484
2023-11-26,Kolkata_Victoria_2023-10-01_2023-11-30,78.59930555555555,144.6204861111111,13.964201388888888,8.006701388888889,1.1955555555555557,33.92625,33.92625
2023-11-26,Mumbai_Bandra_2023-10-01_2023-11-30,,,,,,,
2023-11-27,Chennai_Alandur_2023-10-01_2023-11-30,31.960763888888888,50.60375,43.30577777777778,12.49065972222222,0.9003819444444444,18.568923611111114,18.568923611111114
2023-11-27,Delhi_AnandVihar_2023-10-01_2023-11-30,226.09375,394.8645833333333,38.165625,5.179166666666666,2.070138888888889,57.01527777777778,57.01527777777778
2023-11-27,Kolkata_Victoria_2023-10-01_2023-11-30,93.95972222222223,172.69270833333334,26.880902777777777,12.784652777777778,1.6016666666666666,22.316354166666667,22.316354166666667
2023-11-27,Mumbai_Bandra_2023-10-01_2023-11-30,,,,,,,
2023-11-28,Chennai_Alandur_2023-10-01_2023-11-30,45.34322916666667,66.66486111111111,31.818141025641026,11.644618055555556,0.9039236111111112,18.421631944444446,18.421631944444446
2023-11-28,Delhi_AnandVihar_2023-10-01_2023-11-30,169.15625,278.6770833333333,32.473958333333336,1.6402777777777777,1.35625,15.089583333333332,15.089583333333332
2023-11-28,Kolkata_Victoria_2023-10-01_2023-11-30,69.47881944444445,136.83923611111112,34.18097222222222,10.582291666666666,1.3199652777777777,33.24805555555556,33.24805555555556
2023-11-28,Mumbai_Bandra_2023-10-01_2023-11-30,,,,,,,
2023-11-29,Chennai_Alandur_2023-10-01_2023-11-30,33.98638888888889,53.03371527777778,49.89697916666666,11.558368055555556,0.9021875,16.542256944444446,16.542256944444446
2023-11-29,Delhi_AnandVihar_2023-10-01_2023-11-30,217.90625,376.25347222222223,39.207608695652176,3.2045138888888887,2.359027777777778,27.901666666666664,27.901666666666664
2023-11-29,Kolkata_Victoria_2023-10-01_2023-11-30,97.84097222222222,173.1371527777778,31.5278125,7.850347222222222,1.7631249999999998,28.024583333333336,28.024583333333336
2023-11-29,Mumbai_Bandra_2023-10-01_2023-11-30,,,,,,,
2023-11-30,Chennai_Alandur_2023-10-01_2023-11-30,30.311840277777776,48.62409722222222,43.606770833333336,11.428194444444443,0.9052083333333334,17.538680555555555,17.538680555555555
2023-11-30,Delhi_AnandVihar_2023-10-01_2023-11-30,291.4375,492.7291666666667,51.5625,2.4162500000000002,3.232291666666667,36.981249999999996,36.981249999999996
2023-11-30,Kolkata_Victoria_2023-10-01_2023-11-30,108.4963768115942,177.98514492753623,29.796309523809523,5.786333333333333,1.2356944444444444,36.57861111111111,36.57861111111111
2023-11-30,Mumbai_Bandra_2023-10-01_2023-11-30,,,,,,,
2023-12-01,Chennai_Alandur_2023-10-01_2023-11-30,30.700104166666666,49.09520833333334,55.2534375,11.262847222222222,0.9036111111111111,19.178194444444447,19.178194444444447
2023-12-01,Delhi_AnandVihar_2023-10-01_2023-11-30,251.64583333333334,411.8125,49.0625,4.350694444444445,1.5875000000000001,23.956884057971013,23.956884057971013
2023-12-01,Kolkata_Victoria_2023-10-01_2023-11-30,50.428125,99.03055555555557,28.367256944444446,6.107500000000001,0.29333333333333333,44.10850694444445,44.10850694444445
2023-12-01,Mumbai_Bandra_2023-10-01_2023-11-30,,,,,,,
2023-12-02,Chennai_Alandur_2023-10-01_2023-11-30,31.234513888888888,49.731319444444445,42.47996527777778,11.167187499999999,0.9081944444444444,18.755243055555557,18.755243055555557
2023-12-02,Delhi_AnandVihar_2023-10-01_2023-11-30,180.6304347826087,328.39772727272725,56.68159722222222,6.769097222222222,1.6156249999999999,11.1625,11.1625
2023-12-02,Kolkata_Victoria_2023-10-01_2023-11-30,69.81493055555556,126.35833333333333,24.84732142857143,6.530674603174604,0.5777430555555555,40.61472222222222,40.61472222222222
2023-12-02,Mumbai_Bandra_2023-10-01_2023-11-30,,,,,,,
2023-12-03,Chennai_Alandur_2023-10-01_2023-11-30,28.24795138888889,46.14795138888889,27.71986111111111,10.940243055555555,0.9022916666666667,18.977465277777778,18.977465277777778
2023-12-03,Delhi_AnandVihar_2023-10-01_2023-11-30,193.30208333333334,378.3645833333333,58.63229166666667,6.0211805555555555,1.8784722222222223,33.56992753623189,33.56992753623189
2023-12-03,Kolkata_Victoria_2023-10-01_2023-11-30,106.40277777777777,184.078125,,5.1184722222222225,0.8662152777777777,53.04107638888889,53.04107638888889
2023-12-03,Mumbai_Bandra_2023-10-01_2023-11-30,,,,,,,
2023-12-04,Chennai_Alandur_2023-10-01_2023-11-30,30.304375,48.613749999999996,19.71,12.7725,0.9046875,20.848784722222224,20.848784722222224
2023-12-04,Delhi_AnandVihar_2023-10-01_2023-11-30,187.21875,354.40625,64.31979166666666,4.380902777777778,1.034848484848485,30.43715277777778,30.43715277777778
2023-12-04,Kolkata_Victoria_2023-10-01_2023-11-30,89.4017361111111,154.99375,37.925069444444446,5.677083333333333,0.9684375,30.97798611111111,30.97798611111111
2023-12-04,Mumbai_Bandra_2023-10-01_2023-11-30,,,,,,,
2023-12-05,Chennai_Alandur_2023-10-01_2023-11-30,29.41583333333333,47.547864583333336,39.2746875,11.154222222222222,0.899375,17.361979166666668,17.361979166666668
2023-12-05,Delhi_AnandVihar_2023-10-01_2023-11-30,157.63541666666666,290.3125,56.71979166666667,3.545138888888889,0.866304347826087,9.620833333333334,9.620833333333334
2023-12-05,Kolkata_Victoria_2023-10-01_2023-11-30,67.06911764705882,127.52794117647058,27.12220588235294,8.324411764705884,0.6747058823529413,27.973970588235293,27.973970588235293
2023-12-05,Mumbai_Bandra_2023-10-01_2023-11-30,,,,,,,
2023-12-06,Chennai_Alandur_2023-10-01_2023-11-30,34.529423076923074,53.684999999999995,42.0775,12.44,0.9025,17.527115384615385,17.527115384615385
2023-12-06,Delhi_AnandVihar_2023-10-01_2023-11-30,158.23958333333334,320.4895833333333,71.98333333333333,2.5194444444444444,1.3947916666666667,8.977083333333333,8.977083333333333
2023-12-06,Kolkata_Victoria_2023-10-01_2023-11-30,,,,,,,
2023-12-06,Mumbai_Bandra_2023-10-01_2023-11-30,,,,,,,
2023-12-07,Chennai_Alandur_2023-10-01_2023-11-30,,,,,,,
2023-12-07,Delhi_AnandVihar_2023-10-01_2023-11-30,237.86458333333334,452.3194444444444,81.31979166666666,5.178472222222222,2.058333333333333,10.623958333333333,10.623958333333333
2023-12-07,Kolkata_Victoria_2023-10-01_2023-11-30,25.32051282051282,50.350641025641025,4.3325000000000005,5.05801282051282,0.5496153846153846,14.414615384615384,14.414615384615384
2023-12-07,Mumbai_Bandra_2023-10-01_2023-11-30,,,,,,,
2023-12-08,Chennai_Alandur_2023-10-01_2023-11-30,,,,,,,
2023-12-08,Delhi_AnandVihar_2023-10-01_2023-11-30,170.47916666666666,346.6979166666667,68.715625,3.8763888888888887,2.31875,9.933333333333334,9.933333333333334
2023-12-08,Kolkata_Victoria_2023-10-01_2023-11-30,24.765942028985506,48.85978260869565,2.399652777777778,5.510905797101449,0.5642708333333333,19.793079710144927,19.793079710144927
2023-12-08,Mumbai_Bandra_2023-10-01_2023-11-30,,,,,,,
2023-12-09,Chennai_Alandur_2023-10-01_2023-11-30,,,,,,,
2023-12-09,Delhi_AnandVihar_2023-10-01_2023-11-30,166.20833333333334,330.96875,62.862500000000004,3.3621527777777778,2.353125,9.245833333333334,9.245833333333334
2023-12-09,Kolkata_Victoria_2023-10-01_2023-11-30,67.66979166666667,113.81284722222222,4.2820833333333335,6.206666666666667,1.2077430555555557,30.051701388888887,30.051701388888887
2023-12-09,Mumbai_Bandra_2023-10-01_2023-11-30,,,,,,,
2023-12-10,Chennai_Alandur_2023-10-01_2023-11-30,,,,,,,
2023-12-10,Delhi_AnandVihar_2023-10-01_2023-11-30,154.73958333333334,298.3541666666667,60.390625,3.2006944444444443,1.2385416666666667,9.553125,9.553125
2023-12-10,Kolkata_Victoria_2023-10-01_2023-11-30,98.79479166666665,181.60763888888889,7.935416666666667,6.901493055555555,1.588263888888889,34.64684027777778,34.64684027777778
2023-12-10,Mumbai_Bandra_2023-10-01_2023-11-30,,,,,,,
2023-12-11,Chennai_Alandur_2023-10-01_2023-11-30,,,,,,,
2023-12-11,Delhi_AnandVihar_2023-10-01_2023-11-30,194.375,365.7291666666667,74.01145833333334,5.378819444444445,2.589583333333333,20.263541666666665,20.263541666666665
2023-12-11,Kolkata_Victoria_2023-10-01_2023-11-30,86.86562500000001,143.49583333333334,8.873854166666666,7.0815277777777785,0.9863541666666666,41.23076388888889,41.23076388888889
2023-12-11,Mumbai_Bandra_2023-10-01_2023-11-30,,,,,,,
2023-12-12,Chennai_Alandur_2023-10-01_2023-11-30,59.31275641025641,83.42096153846154,19.993333333333336,13.01897435897436,1.3649358974358974,19.475384615384616,19.475384615384616
2023-12-12,Delhi_AnandVihar_2023-10-01_2023-11-30,280.1770833333333,482.28125,64.44375000000001,5.010416666666667,3.611458333333333,50.12065217391305,50.12065217391305
2023-12-12,Kolkata_Victoria_2023-10-01_2023-11-30,104.18181818181819,169.8272727272727,9.799513888888889,7.8578125000000005,1.3728125,35.99829861111111,35.99829861111111
2023-12-12,Mumbai_Bandra_2023-10-01_2023-11-30,,,,,,,
2023-12-13,Chennai_Alandur_2023-10-01_2023-11-30,54.56645833333334,77.88520833333334,20.018125,9.288680555555556,2.533541666666667,24.208402777777778,24.208402777777778
2023-12-13,Delhi_AnandVihar_2023-10-01_2023-11-30,295.25,486.03125,66.53229166666667,3.4489583333333336,3.8708333333333336,19.919791666666665,19.919791666666665
2023-12-13,Kolkata_Victoria_2023-10-01_2023-11-30,97.60972222222222,171.96666666666667,10.995034722222222,9.170520833333333,1.3720138888888889,34.0278125,34.0278125
2023-12-13,Mumbai_Bandra_2023-10-01_2023-11-30,,,,,,,
2023-12-14,Chennai_Alandur_2023-10-01_2023-11-30,54.79989583333333,78.0125,19.9959375,10.904756944444445,1.0529166666666667,25.115416666666665,25.115416666666665
2023-12-14,Delhi_AnandVihar_2023-10-01_2023-11-30,167.57638888888889,355.81597222222223,67.78020833333333,5.640972222222222,4.03125,9.137500000000001,9.137500000000001
2023-12-14,Kolkata_Victoria_2023-10-01_2023-11-30,107.73854166666666,184.89374999999998,12.45513888888889,9.356736111111111,1.4785416666666666,38.65125,38.65125
2023-12-14,Mumbai_Bandra_2023-10-01_2023-11-30,,,,,,,
2023-12-15,Chennai_Alandur_2023-10-01_2023-11-30,62.090243055555554,86.75208333333335,19.9965625,11.198194444444445,7.449603174603174,17.42579861111111,17.42579861111111
2023-12-15,Delhi_AnandVihar_2023-10-01_2023-11-30,218.41666666666666,405.6944444444444,76.06875000000001,4.468402777777778,4.548958333333333,9.719791666666667,9.719791666666667
2023-12-15,Kolkata_Victoria_2023-10-01_2023-11-30,122.59861111111111,227.3322916666667,11.865104166666667,20.021874999999998,2.311127450980392,34.22888888888889,34.22888888888889
2023-12-15,Mumbai_Bandra_2023-10-01_2023-11-30,,,,,,,
2023-12-16,Chennai_Alandur_2023-10-01_2023-11-30,45.42597222222222,66.69767361111111,25.219687500000003,10.544340277777778,2.5975694444444444,23.683888888888887,23.683888888888887
2023-12-16,Delhi_AnandVihar_2023-10-01_2023-11-30,273.9583333333333,496.6458333333333,77.95625,6.513888888888888,5.722916666666666,10.079166666666667,10.079166666666667
2023-12-16,Kolkata_Victoria_2023-10-01_2023-11-30,120.881884057971,205.31195652173915,13.547881944444443,17.768297101449274,1.7540624999999999,39.298402777777774,39.298402777777774
2023-12-16,Mumbai_Bandra_2023-10-01_2023-11-30,,,,,,,
2023-12-17,Chennai_Alandur_2023-10-01_2023-11-30,38.77614583333334,58.80149305555556,30.870729166666667,10.444930555555556,1.5152430555555556,29.38059027777778,29.38059027777778
2023-12-17,Delhi_AnandVihar_2023-10-01_2023-11-30,228.32291666666666,396.6979166666667,68.11874999999999,2.7940476190476193,4.090625,9.291666666666666,9.291666666666666
2023-12-17,Kolkata_Victoria_2023-10-01_2023-11-30,123.25208333333335,211.11631944444446,10.338923611111111,7.158923611111111,1.7366319444444445,40.664409722222224,40.664409722222224
2023-12-17,Mumbai_Bandra_2023-10-01_2023-11-30,,,,,,,
2023-12-18,Chennai_Alandur_2023-10-01_2023-11-30,35.396006944444444,54.72357638888889,33.329548611111115,10.48236111111111,1.5610069444444443,34.74295138888889,34.74295138888889
2023-12-18,Delhi_AnandVihar_2023-10-01_2023-11-30,163.09782608695653,293.0978260869565,54.34891304347826,1.6786458333333334,3.0119565217391306,5.392753623188406,5.392753623188406
2023-12-18,Kolkata_Victoria_2023-10-01_2023-11-30,119.82826086956523,199.40434782608696,10.105381944444444,8.356195652173913,1.5547222222222221,38.15434027777778,38.15434027777778
2023-12-18,Mumbai_Bandra_2023-10-01_2023-11-30,,,,,,,
2023-12-19,Chennai_Alandur_2023-10-01_2023-11-30,42.905,63.734166666666674,40.25253472222222,10.54736111111111,1.1033680555555556,33.666180555555556,33.666180555555556
2023-12-19,Delhi_AnandVihar_2023-10-01_2023-11-30,142.61458333333334,327.2604166666667,52.67395833333333,2.6888888888888887,2.7624999999999997,3.803472222222222,3.803472222222222
2023-12-19,Kolkata_Victoria_2023-10-01_2023-11-30,105.6375,186.31145833333335,9.373020833333333,10.160972222222222,1.4818402777777777,47.89614583333333,47.89614583333333
2023-12-19,Mumbai_Bandra_2023-10-01_2023-11-30,,,,,,,
2023-12-20,Chennai_Alandur_2023-10-01_2023-11-30,48.21618055555555,70.10222222222222,43.97246527777778,10.194930555555556,0.989201388888889,29.303229166666668,29.303229166666668
2023-12-20,Delhi_AnandVihar_2023-10-01_2023-11-30,174.67708333333334,380.84375,62.378125000000004,1.8442982456140349,2.3041666666666667,4.7437499999999995,4.7437499999999995
2023-12-20,Kolkata_Victoria_2023-10-01_2023-11-30,100.06557971014492,171.23152173913041,8.435625,7.850243055555556,1.38875,33.856319444444445,33.856319444444445
2023-12-20,Mumbai_Bandra_2023-10-01_2023-11-30,,,,,,,
2023-12-21,Chennai_Alandur_2023-10-01_2023-11-30,44.94621527777778,66.18416666666667,55.149236111111115,10.363159722222223,2.711388888888889,30.164548611111112,30.164548611111112
2023-12-21,Delhi_AnandVihar_2023-10-01_2023-11-30,271.2543859649123,494.1578947368421,70.67916666666666,4.888235294117647,2.4194444444444443,10.696052631578947,10.696052631578947
2023-12-21,Kolkata_Victoria_2023-10-01_2023-11-30,80.60625,148.59791666666666,7.2401736111111115,9.041909722222222,1.3901736111111112,38.6221875,38.6221875
2023-12-21,Mumbai_Bandra_2023-10-01_2023-11-30,,,,,,,
2023-12-22,Chennai_Alandur_2023-10-01_2023-11-30,46.85055555555556,68.4707986111111,52.269930555555554,10.545486111111112,0.6463541666666667,26.221875,26.221875
2023-12-22,Delhi_AnandVihar_2023-10-01_2023-11-30,409.1666666666667,664.9673913043479,79.37291666666667,5.710763888888889,3.0187500000000003,12.669791666666667,12.669791666666667
2023-12-22,Kolkata_Victoria_2023-10-01_2023-11-30,100.28958333333333,177.28125,7.010000000000001,9.780555555555555,1.8132291666666667,26.758750000000003,26.758750000000003
2023-12-22,Mumbai_Bandra_2023-10-01_2023-11-30,,,,,,,
2023-12-23,Chennai_Alandur_2023-10-01_2023-11-30,43.15215277777778,64.03052083333334,48.087222222222216,10.722777777777779,3.2997727272727273,26.543541666666666,26.543541666666666
2023-12-23,Delhi_AnandVihar_2023-10-01_2023-11-30,353.46875,566.2173913043479,65.79270833333334,3.5520833333333335,1.5363636363636362,17.155208333333334,17.155208333333334
2023-12-23,Kolkata_Victoria_2023-10-01_2023-11-30,112.18124999999999,200.37256944444445,6.766840277777778,7.558472222222222,1.7226736111111112,23.515763888888888,23.515763888888888
2023-12-23,Mumbai_Bandra_2023-10-01_2023-11-30,,,,,,,
2023-12-24,Chennai_Alandur_2023-10-01_2023-11-30,35.203854166666666,54.49361111111111,36.3725,10.14857638888889,2.8105797101449275,30.239618055555557,30.239618055555557
2023-12-24,Delhi_AnandVihar_2023-10-01_2023-11-30,344.6666666666667,562.1145833333334,72.86979166666667,6.612152777777777,,10.217708333333333,10.217708333333333
2023-12-24,Kolkata_Victoria_2023-10-01_2023-11-30,98.62604166666667,168.28125,4.186458333333333,6.610625,1.6394791666666666,21.382256944444446,21.382256944444446
2023-12-24,Mumbai_Bandra_2023-10-01_2023-11-30,,,,,,,
2023-12-25,Chennai_Alandur_2023-10-01_2023-11-30,37.78604166666667,57.59413194444445,32.6646875,9.897777777777778,2.464583333333333,22.64833333333333,22.64833333333333
2023-12-25,Delhi_AnandVihar_2023-10-01_2023-11-30,249.625,435.625,65.24166666666666,2.892361111111111,,9.297916666666667,9.297916666666667
2023-12-25,Kolkata_Victoria_2023-10-01_2023-11-30,127.97604166666667,221.7614583333333,5.978771929824561,7.875034722222222,2.690173611111111,26.254340277777775,26.254340277777775
2023-12-25,Mumbai_Bandra_2023-10-01_2023-11-30,,,,,,,
2023-12-26,Chennai_Alandur_2023-10-01_2023-11-30,36.76201388888889,56.35600694444445,42.03559027777778,10.073263888888889,1.6484027777777779,20.271597222222223,20.271597222222223
2023-12-26,Delhi_AnandVihar_2023-10-01_2023-11-30,292.15625,475.8333333333333,58.37916666666666,5.10625,1.8884615384615384,9.955208333333333,9.955208333333333
2023-12-26,Kolkata_Victoria_2023-10-01_2023-11-30,114.70108695652173,207.92536231884057,5.896840277777778,7.134270833333333,2.2899652777777777,25.21388888888889,25.21388888888889
2023-12-26,Mumbai_Bandra_2023-10-01_2023-11-30,,,,,,,
2023-12-27,Chennai_Alandur_2023-10-01_2023-11-30,41.19114583333333,61.68201388888889,40.02809027777778,9.609444444444444,1.0221527777777777,21.86329861111111,21.86329861111111
2023-12-27,Delhi_AnandVihar_2023-10-01_2023-11-30,411.9583333333333,612.0520833333334,48.989583333333336,3.6510416666666665,2.084375,8.923958333333333,8.923958333333333
2023-12-27,Kolkata_Victoria_2023-10-01_2023-11-30,109.08854166666667,198.99270833333333,6.429791666666667,8.018090277777778,1.666736111111111,20.380659722222223,20.380659722222223
2023-12-27,Mumbai_Bandra_2023-10-01_2023-11-30,,,,,,,
2023-12-28,Chennai_Alandur_2023-10-01_2023-11-30,37.35572916666667,57.076875,38.03409722222222,9.809409722222222,1.052638888888889,20.752569444444443,20.752569444444443
2023-12-28,Delhi_AnandVihar_2023-10-01_2023-11-30,269.88194444444446,415.62152777777777,54.41726190476191,1.8299019607843139,1.5739583333333333,8.56875,8.56875
2023-12-28,Kolkata_Victoria_2023-10-01_2023-11-30,105.15833333333335,187.234375,4.284618055555556,7.189131944444444,1.8354166666666665,22.36045138888889,22.36045138888889
2023-12-28,Mumbai_Bandra_2023-10-01_2023-11-30,,,,,,,
2023-12-29,Chennai_Alandur_2023-10-01_2023-11-30,35.55014492753623,54.910688405797096,33.468297101449274,9.530253623188406,1.720289855072464,20.930615942028986,20.930615942028986
2023-12-29,Delhi_AnandVihar_2023-10-01_2023-11-30,314.1770833333333,466.1666666666667,54.43854166666667,3.219791666666667,1.947857142857143,11.93125,11.93125
2023-12-29,Kolkata_Victoria_2023-10-01_2023-11-30,107.93541666666665,186.725,4.477916666666666,7.230763888888888,1.875451388888889,26.385625,26.385625
2023-12-29,Mumbai_Bandra_2023-10-01_2023-11-30,,,,,,,
2023-12-30,Chennai_Alandur_2023-10-01_2023-11-30,40.01517361111111,60.26802083333334,52.879131944444445,9.975972222222223,1.5310416666666666,22.846736111111113,22.846736111111113
2023-12-30,Delhi_AnandVihar_2023-10-01_2023-11-30,307.6458333333333,464.1521739130435,77.30520833333334,12.151041666666666,2.2061458333333333,27.258333333333336,27.258333333333336
2023-12-30,Kolkata_Victoria_2023-10-01_2023-11-30,102.44375000000001,183.771875,6.8637847222222215,8.958333333333334,1.4772222222222222,28.353090277777778,28.353090277777778
2023-12-30,Mumbai_Bandra_2023-10-01_2023-11-30,,,,,,,
2023-12-31,Chennai_Alandur_2023-10-01_2023-11-30,38.53756944444444,58.49538194444444,61.24215277777778,9.517291666666667,1.6677083333333333,25.00034722222222,25.00034722222222
2023-12-31,Delhi_AnandVihar_2023-10-01_2023-11-30,238.45833333333334,364.2395833333333,66.3392361111111,9.572569444444445,1.920034722222222,20.83888888888889,20.83888888888889
2023-12-31,Kolkata_Victoria_2023-10-01_2023-11-30,85.31979166666666,166.77708333333334,5.004340277777778,7.259687499999999,1.3095486111111112,25.659513888888892,25.659513888888892
2023-12-31,Mumbai_Bandra_2023-10-01_2023-11-30,,,,,,,
